attr_opt,beat_opt,has_res,lev3,line_number,quan,req_name,same_beat,station,unid,unityp,ext_unitattr,resource_restrict,route_target,skill_restrict
0,0,0,,0,1,1_ARFOAM,0,,,,0x0000800000000000000000000000000000000000000000000000000000000000,1,0,0
0,0,0,,0,1,1_FOAMARFF,0,,,,0x0004000000000000000000000000000000000000000000000000000000000000,1,0,0
0,0,1,,0,1,14X4,0,,,,0x0000000000000000000000000000000000000000000000000000000000000000,1,0,0
0,0,0,,0,1,1AFFF,0,,,F,0x0002000000000000000000000000000000000000000000000000000000000000,1,0,0
0,0,0,,0,1,1ARFF,0,,,F,0x0004000000000000000000000000000000000000000000000000000000000000,1,0,0
0,0,0,,0,1,1BLOODHOUND,0,,,,0x0080000000000000000000000000000000000000000000000000000000000000,1,0,0
0,0,0,,0,1,1CRS,0,,,CRS,0x0000000000000000000000000000000000000000000000000000000000000000,0,0,0
0,0,0,,0,1,1FDU,0,,,,0x0020000000000000000000000000000000000000000000000000000000000000,1,0,0
0,0,0,,0,1,1PSA,1,,,U,0x0000000000000000000000000000000000000000000000000000000000000000,0,0,0
0,0,0,,0,1,2PATROL,0,,,UU,0x0000000000000000000000000000000000000000000000000000000000000000,1,0,0
0,0,0,,0,1,A,0,,,A,0x0000000000000000000000000000000000000000000000000000000000000000,1,0,0
0,0,0,,0,1,A COUNTY,0,,,A,0x4000000000000000000000000000000000000000000000000000000000000000,1,0,0
0,1,0,,0,1,A FIRST DUE,0,,,A,0x0000000000000000000000000000000000000000000000000000000000000000,0,0,0
0,3,0,101,0,1,A_101,0,,,A,0x0000000000000000000000000000000000000000000000000000000000000000,1,0,0
0,3,0,102,0,1,A_102,0,,,A,0x0000000000000000000000000000000000000000000000000000000000000000,1,0,0
0,3,0,103,0,1,A_103,0,,,A,0x0000000000000000000000000000000000000000000000000000000000000000,1,0,0
0,3,0,104,0,1,A_104,0,104,,A,0x0000000000000000000000000000000000000000000000000000000000000000,1,0,0
0,3,0,105,0,1,A_105,0,,,A,0x0000000000000000000000000000000000000000000000000000000000000000,1,0,0
0,3,0,106,0,1,A_106,0,,,A,0x0000000000000000000000000000000000000000000000000000000000000000,1,0,0
0,3,0,107,0,1,A_107,0,107,,A,0x0000000000000000000000000000000000000000000000000000000000000000,1,0,0
0,3,0,108,0,1,A_108,0,,,A,0x0000000000000000000000000000000000000000000000000000000000000000,1,0,0
0,3,0,109,0,1,A_109,0,,,A,0x0000000000000000000000000000000000000000000000000000000000000000,1,0,0
0,3,0,110,0,1,A_110,0,,,A,0x0000000000000000000000000000000000000000000000000000000000000000,1,0,0
0,3,0,161,0,1,A_161,0,,,A,0x0000000000000000000000000000000000000000000000000000000000000000,1,0,0
0,3,0,201,0,1,A_201,0,,,A,0x0000000000000000000000000000000000000000000000000000000000000000,1,0,0
0,3,0,202,0,1,A_202,0,,,A,0x0000000000000000000000000000000000000000000000000000000000000000,1,0,0
0,3,0,203,0,1,A_203,0,,,A,0x0000000000000000000000000000000000000000000000000000000000000000,1,0,0
0,3,0,204,0,1,A_204,0,,,A,0x0000000000000000000000000000000000000000000000000000000000000000,1,0,0
0,3,0,205,0,1,A_205,0,,,A,0x0000000000000000000000000000000000000000000000000000000000000000,1,0,0
0,3,0,206,0,1,A_206,0,206,,A,0x0000000000000000000000000000000000000000000000000000000000000000,1,0,0
0,3,0,207,0,1,A_207,0,,,A,0x0000000000000000000000000000000000000000000000000000000000000000,1,0,0
0,3,0,208,0,1,A_208,0,,,A,0x0000000000000000000000000000000000000000000000000000000000000000,1,0,0
0,3,0,209,0,1,A_209,0,,,A,0x0000000000000000000000000000000000000000000000000000000000000000,1,0,0
0,3,0,210,0,1,A_210,0,,,A,0x0000000000000000000000000000000000000000000000000000000000000000,1,0,0
0,3,0,302,0,1,A_302,0,,,A,0x0000000000000000000000000000000000000000000000000000000000000000,1,0,0
0,3,0,303,0,1,A_303,0,,,A,0x0000000000000000000000000000000000000000000000000000000000000000,1,0,0
0,3,0,304,0,1,A_304,0,,,A,0x0000000000000000000000000000000000000000000000000000000000000000,1,0,0
0,3,0,401,0,1,A_401,0,,,A,0x0000000000000000000000000000000000000000000000000000000000000000,1,0,0
0,3,0,402,0,1,A_402,0,,,A,0x0000000000000000000000000000000000000000000000000000000000000000,1,0,0
0,3,0,403,0,1,A_403,0,,,A,0x0000000000000000000000000000000000000000000000000000000000000000,1,0,0
0,3,0,404,0,1,A_404,0,,,A,0x0000000000000000000000000000000000000000000000000000000000000000,1,0,0
0,3,0,405,0,1,A_405,0,,,A,0x0000000000000000000000000000000000000000000000000000000000000000,1,0,0
0,3,0,408,0,1,A_408,0,,,A,0x0000000000000000000000000000000000000000000000000000000000000000,1,0,0
0,3,0,409,0,1,A_409,0,,,A,0x0000000000000000000000000000000000000000000000000000000000000000,1,0,0
0,3,0,410,0,1,A_410,0,,,A,0x0000000000000000000000000000000000000000000000000000000000000000,1,0,0
0,3,0,411,0,1,A_411,0,,,A,0x0000000000000000000000000000000000000000000000000000000000000000,1,0,0
0,3,0,412,0,1,A_412,0,,,A,0x0000000000000000000000000000000000000000000000000000000000000000,1,0,0
0,3,0,413,0,1,A_413,0,,,A,0x0000000000000000000000000000000000000000000000000000000000000000,1,0,0
0,3,0,414,0,1,A_414,0,,,A,0x0000000000000000000000000000000000000000000000000000000000000000,1,0,0
0,3,0,415,0,1,A_415,0,,,A,0x0000000000000000000000000000000000000000000000000000000000000000,1,0,0
0,3,0,416,0,1,A_416,0,,,A,0x0000000000000000000000000000000000000000000000000000000000000000,1,0,0
0,3,0,417,0,1,A_417,0,,,A,0x0000000000000000000000000000000000000000000000000000000000000000,1,0,0
0,3,0,418,0,1,A_418,0,,,A,0x0000000000000000000000000000000000000000000000000000000000000000,1,0,0
0,3,0,419,0,1,A_419,0,,,A,0x0000000000000000000000000000000000000000000000000000000000000000,1,0,0
0,3,0,420,0,1,A_420,0,,,A,0x0000000000000000000000000000000000000000000000000000000000000000,1,0,0
0,3,0,421,0,1,A_421,0,,,A,0x0000000000000000000000000000000000000000000000000000000000000000,1,0,0
0,3,0,422,0,1,A_422,0,,,A,0x0000000000000000000000000000000000000000000000000000000000000000,1,0,0
0,3,0,423,0,1,A_423,0,,,A,0x0000000000000000000000000000000000000000000000000000000000000000,1,0,0
0,3,0,424,0,1,A_424,0,,,A,0x0000000000000000000000000000000000000000000000000000000000000000,1,0,0
0,3,0,425,0,1,A_425,0,,,A,0x0000000000000000000000000000000000000000000000000000000000000000,1,0,0
0,3,0,426,0,1,A_426,0,,,A,0x0000000000000000000000000000000000000000000000000000000000000000,1,0,0
0,3,0,427,0,1,A_427,0,,,A,0x0000000000000000000000000000000000000000000000000000000000000000,1,0,0
0,3,0,428,0,1,A_428,0,,,A,0x0000000000000000000000000000000000000000000000000000000000000000,1,0,0
0,3,0,429,0,1,A_429,0,,,A,0x0000000000000000000000000000000000000000000000000000000000000000,1,0,0
0,3,0,430,0,1,A_430,0,,,A,0x0000000000000000000000000000000000000000000000000000000000000000,1,0,0
0,3,0,431,0,1,A_431,0,,,A,0x0000000000000000000000000000000000000000000000000000000000000000,1,0,0
0,3,0,432,0,1,A_432,0,,,A,0x0000000000000000000000000000000000000000000000000000000000000000,1,0,0
0,3,0,433,0,1,A_433,0,,,A,0x0000000000000000000000000000000000000000000000000000000000000000,1,0,0
0,3,0,434,0,1,A_434,0,,,A,0x0000000000000000000000000000000000000000000000000000000000000000,1,0,0
0,3,0,435,0,1,A_435,0,,,A,0x0000000000000000000000000000000000000000000000000000000000000000,1,0,0
0,3,0,436,0,1,A_436,0,,,A,0x0000000000000000000000000000000000000000000000000000000000000000,1,0,0
0,3,0,437,0,1,A_437,0,,,A,0x0000000000000000000000000000000000000000000000000000000000000000,1,0,0
0,3,0,438,0,1,A_438,0,,,A,0x0000000000000000000000000000000000000000000000000000000000000000,1,0,0
0,3,0,439,0,1,A_439,0,,,A,0x0000000000000000000000000000000000000000000000000000000000000000,1,0,0
0,3,0,440,0,1,A_440,0,,,A,0x0000000000000000000000000000000000000000000000000000000000000000,1,0,0
0,3,0,441,0,1,A_441,0,,,A,0x0000000000000000000000000000000000000000000000000000000000000000,1,0,0
0,3,0,442,0,1,A_442,0,,,A,0x0000000000000000000000000000000000000000000000000000000000000000,1,0,0
0,3,0,444,0,1,A_444,0,,,A,0x0000000000000000000000000000000000000000000000000000000000000000,1,0,0
0,3,0,463,0,1,A_463,0,,,A,0x0000000000000000000000000000000000000000000000000000000000000000,1,0,0
0,3,0,464,0,1,A_464,0,,,A,0x0000000000000000000000000000000000000000000000000000000000000000,1,0,0
0,3,0,466,0,1,A_466,0,,,A,0x0000000000000000000000000000000000000000000000000000000000000000,1,0,0
0,3,0,500,0,1,A_500,0,,,A,0x0000000000000000000000000000000000000000000000000000000000000000,0,0,0
0,3,0,501,0,1,A_501,0,,,A,0x0000000000000000000000000000000000000000000000000000000000000000,1,0,0
0,3,0,502,0,1,A_502,0,,,A,0x0000000000000000000000000000000000000000000000000000000000000000,1,0,0
0,3,0,504,0,1,A_504,0,,,A,0x0000000000000000000000000000000000000000000000000000000000000000,1,0,0
0,3,0,505,0,1,A_505,0,,,A,0x0000000000000000000000000000000000000000000000000000000000000000,1,0,0
0,3,0,506,0,1,A_506,0,,,A,0x0000000000000000000000000000000000000000000000000000000000000000,1,0,0
0,3,0,507,0,1,A_507,0,,,A,0x0000000000000000000000000000000000000000000000000000000000000000,1,0,0
0,3,0,508,0,1,A_508,0,,,A,0x0000000000000000000000000000000000000000000000000000000000000000,1,0,0
0,3,0,508,0,1,A_508B,0,,,A,0x0000000000000000000000000000000000000000000000000000000000000000,1,0,0
0,3,0,509,0,1,A_509,0,,,A,0x0000000000000000000000000000000000000000000000000000000000000000,1,0,0
0,3,0,510,0,1,A_510,0,,,A,0x0000000000000000000000000000000000000000000000000000000000000000,1,0,0
0,3,0,511,0,1,A_511,0,,,A,0x0000000000000000000000000000000000000000000000000000000000000000,1,0,0
0,3,0,512,0,1,A_512,0,,,AOJ,0x0000000000000000000000000000000000000000000000000000000000000000,1,0,0
0,3,0,512,0,1,A_513,0,,,A,0x0000000000000000000000000000000000000000000000000000000000000000,1,0,0
0,3,0,514,0,1,A_514,0,,,A,0x0000000000000000000000000000000000000000000000000000000000000000,1,0,0
0,3,0,520,0,1,A_520,0,,,A,0x0000000000000000000000000000000000000000000000000000000000000000,1,0,0
0,3,0,521,0,1,A_521,0,,,A,0x0000000000000000000000000000000000000000000000000000000000000000,1,0,0
0,3,0,522,0,1,A_522,0,,,A,0x0000000000000000000000000000000000000000000000000000000000000000,1,0,0
0,3,0,523,0,1,A_523,0,,,A,0x0000000000000000000000000000000000000000000000000000000000000000,1,0,0
0,3,0,524,0,1,A_524,0,,,A,0x0000000000000000000000000000000000000000000000000000000000000000,1,0,0
0,3,0,524,0,1,A_524B,0,,,A,0x0000000000000000000000000000000000000000000000000000000000000000,1,0,0
0,3,0,525,0,1,A_525,0,,,A,0x0000000000000000000000000000000000000000000000000000000000000000,1,0,0
0,3,0,609,0,1,A_609,0,,,A,0x0000000000000000000000000000000000000000000000000000000000000000,1,0,0
0,3,0,611,0,1,A_611,0,,,A,0x0000000000000000000000000000000000000000000000000000000000000000,1,0,0
0,3,0,600,0,1,A_615,0,,,A,0x0000000000000000000000000000000000000000000000000000000000000000,1,0,0
0,3,0,618,0,1,A_618,0,,,A,0x0000000000000000000000000000000000000000000000000000000000000000,1,0,0
0,3,0,619,0,1,A_619,0,,,A,0x0000000000000000000000000000000000000000000000000000000000000000,1,0,0
0,3,0,623,0,1,A_623,0,,,A,0x0000000000000000000000000000000000000000000000000000000000000000,1,0,0
0,3,0,624,0,1,A_624,0,,,A,0x0000000000000000000000000000000000000000000000000000000000000000,1,0,0
0,3,0,635,0,1,A_635,0,,,A,0x0000000000000000000000000000000000000000000000000000000000000000,1,0,0
0,3,0,700,0,1,A_706,0,,,A,0x0000000000000000000000000000000000000000000000000000000000000000,1,0,0
0,3,0,710,0,1,A_710,0,,,A,0x0000000000000000000000000000000000000000000000000000000000000000,1,0,0
0,3,0,711,0,1,A_711,0,,,A,0x0000000000000000000000000000000000000000000000000000000000000000,1,0,0
0,3,0,720,0,1,A_720,0,,,A,0x0000000000000000000000000000000000000000000000000000000000000000,1,0,0
0,3,0,726,0,1,A_726,0,,,A,0x0000000000000000000000000000000000000000000000000000000000000000,1,0,0
0,3,0,730,0,1,A_730,0,,,A,0x0000000000000000000000000000000000000000000000000000000000000000,1,0,0
0,3,0,741,0,1,A_741,0,,,A,0x0000000000000000000000000000000000000000000000000000000000000000,1,0,0
0,3,0,821,0,1,A_821,0,,,A,0x0000000000000000000000000000000000000000000000000000000000000000,0,0,0
0,3,0,827,0,1,A_827,0,,,A,0x0000000000000000000000000000000000000000000000000000000000000000,0,0,0
0,3,0,829,0,1,A_829,0,,,A,0x0000000000000000000000000000000000000000000000000000000000000000,0,0,0
0,3,0,832,0,1,A_832,0,,,A,0x0000000000000000000000000000000000000000000000000000000000000000,0,0,0
0,3,0,842,0,1,A_842,0,,,A,0x0000000000000000000000000000000000000000000000000000000000000000,0,0,0
0,3,0,847,0,1,A_847,0,,,A,0x0000000000000000000000000000000000000000000000000000000000000000,0,0,0
0,3,0,858,0,1,A_858,0,,,A,0x0000000000000000000000000000000000000000000000000000000000000000,1,0,0
0,0,0,,0,1,AB,0,,,AB,0x0000000000000000000000000000000000000000000000000000000000000000,0,0,0
0,0,0,,0,1,ACO,0,,,ACO,0x0000000000000000000000000000000000000000000000000000000000000000,1,0,0
0,3,1,101,0,1,AFR_101,0,,,,0x0000000000000000000000000000000000000000000000000000000000000000,0,0,0
0,3,1,102,0,1,AFR_102,0,,,,0x0000000000000000000000000000000000000000000000000000000000000000,0,0,0
0,3,1,103,0,1,AFR_103,0,,,,0x0000000000000000000000000000000000000000000000000000000000000000,0,0,0
0,3,1,104,0,1,AFR_104,0,,,,0x0000000000000000000000000000000000000000000000000000000000000000,0,0,0
0,3,1,105,0,1,AFR_105,0,,,,0x0000000000000000000000000000000000000000000000000000000000000000,0,0,0
0,3,1,106,0,1,AFR_106,0,,,,0x0000000000000000000000000000000000000000000000000000000000000000,0,0,0
0,3,1,107,0,1,AFR_107,0,107,,,0x0000000000000000000000000000000000000000000000000000000000000000,0,0,0
0,3,1,108,0,1,AFR_108,0,,,,0x0000000000000000000000000000000000000000000000000000000000000000,0,0,0
0,3,1,109,0,1,AFR_109,0,,,,0x0000000000000000000000000000000000000000000000000000000000000000,0,0,0
0,3,1,110,0,1,AFR_110,0,,,,0x0000000000000000000000000000000000000000000000000000000000000000,0,0,0
0,3,1,161,0,1,AFR_161,0,,,,0x0000000000000000000000000000000000000000000000000000000000000000,0,0,0
0,3,1,201,0,1,AFR_201,0,,,,0x0000000000000000000000000000000000000000000000000000000000000000,0,0,0
0,3,1,202,0,1,AFR_202,0,202,,,0x0000000000000000000000000000000000000000000000000000000000000000,0,0,0
0,3,1,203,0,1,AFR_203,0,,,,0x0000000000000000000000000000000000000000000000000000000000000000,0,0,0
0,3,1,204,0,1,AFR_204,0,204,,,0x0000000000000000000000000000000000000000000000000000000000000000,0,0,0
0,3,1,205,0,1,AFR_205,0,,,,0x0000000000000000000000000000000000000000000000000000000000000000,0,0,0
0,3,1,206,0,1,AFR_206,0,206,,,0x0000000000000000000000000000000000000000000000000000000000000000,0,0,0
0,3,1,207,0,1,AFR_207,0,,,,0x0000000000000000000000000000000000000000000000000000000000000000,0,0,0
0,3,1,208,0,1,AFR_208,0,,,,0x0000000000000000000000000000000000000000000000000000000000000000,0,0,0
0,3,1,209,0,1,AFR_209,0,,,,0x0000000000000000000000000000000000000000000000000000000000000000,0,0,0
0,3,1,210,0,1,AFR_210,0,,,,0x0000000000000000000000000000000000000000000000000000000000000000,0,0,0
0,3,1,302,0,1,AFR_302,0,,,,0x0000000000000000000000000000000000000000000000000000000000000000,0,0,0
0,3,1,303,0,1,AFR_303,0,,,,0x0000000000000000000000000000000000000000000000000000000000000000,0,0,0
0,3,1,304,0,1,AFR_304,0,,,,0x0000000000000000000000000000000000000000000000000000000000000000,0,0,0
0,3,1,401,0,1,AFR_401,0,,,,0x0000000000000000000000000000000000000000000000000000000000000000,0,0,0
0,3,1,402,0,1,AFR_402,0,,,,0x0000000000000000000000000000000000000000000000000000000000000000,0,0,0
0,3,1,403,0,1,AFR_403,0,,,,0x0000000000000000000000000000000000000000000000000000000000000000,0,0,0
0,3,1,404,0,1,AFR_404,0,,,,0x0000000000000000000000000000000000000000000000000000000000000000,0,0,0
0,3,1,405,0,1,AFR_405,0,,,,0x0000000000000000000000000000000000000000000000000000000000000000,0,0,0
0,3,1,408,0,1,AFR_408,0,,,,0x0000000000000000000000000000000000000000000000000000000000000000,0,0,0
0,3,1,409,0,1,AFR_409,0,,,,0x0000000000000000000000000000000000000000000000000000000000000000,0,0,0
0,3,1,410,0,1,AFR_410,0,,,,0x0000000000000000000000000000000000000000000000000000000000000000,0,0,0
0,3,1,411,0,1,AFR_411,0,,,,0x0000000000000000000000000000000000000000000000000000000000000000,0,0,0
0,3,1,412,0,1,AFR_412,0,,,,0x0000000000000000000000000000000000000000000000000000000000000000,0,0,0
0,3,1,413,0,1,AFR_413,0,,,,0x0000000000000000000000000000000000000000000000000000000000000000,0,0,0
0,3,1,414,0,1,AFR_414,0,,,,0x0000000000000000000000000000000000000000000000000000000000000000,0,0,0
0,3,1,415,0,1,AFR_415,0,,,,0x0000000000000000000000000000000000000000000000000000000000000000,0,0,0
0,3,1,416,0,1,AFR_416,0,,,,0x0000000000000000000000000000000000000000000000000000000000000000,0,0,0
0,3,1,417,0,1,AFR_417,0,,,,0x0000000000000000000000000000000000000000000000000000000000000000,0,0,0
0,3,1,418,0,1,AFR_418,0,,,,0x0000000000000000000000000000000000000000000000000000000000000000,0,0,0
0,3,1,419,0,1,AFR_419,0,,,,0x0000000000000000000000000000000000000000000000000000000000000000,0,0,0
0,3,1,420,0,1,AFR_420,0,,,,0x0000000000000000000000000000000000000000000000000000000000000000,0,0,0
0,3,1,421,0,1,AFR_421,0,,,,0x0000000000000000000000000000000000000000000000000000000000000000,0,0,0
0,3,1,422,0,1,AFR_422,0,,,,0x0000000000000000000000000000000000000000000000000000000000000000,0,0,0
0,3,1,423,0,1,AFR_423,0,,,,0x0000000000000000000000000000000000000000000000000000000000000000,0,0,0
0,3,1,424,0,1,AFR_424,0,,,,0x0000000000000000000000000000000000000000000000000000000000000000,0,0,0
0,3,1,425,0,1,AFR_425,0,,,,0x0000000000000000000000000000000000000000000000000000000000000000,0,0,0
0,3,1,426,0,1,AFR_426,0,,,,0x0000000000000000000000000000000000000000000000000000000000000000,0,0,0
0,3,1,427,0,1,AFR_427,0,,,,0x0000000000000000000000000000000000000000000000000000000000000000,0,0,0
0,3,1,428,0,1,AFR_428,0,,,,0x0000000000000000000000000000000000000000000000000000000000000000,0,0,0
0,3,1,429,0,1,AFR_429,0,,,,0x0000000000000000000000000000000000000000000000000000000000000000,0,0,0
0,3,1,430,0,1,AFR_430,0,,,,0x0000000000000000000000000000000000000000000000000000000000000000,0,0,0
0,3,1,431,0,1,AFR_431,0,,,,0x0000000000000000000000000000000000000000000000000000000000000000,0,0,0
0,3,1,432,0,1,AFR_432,0,,,,0x0000000000000000000000000000000000000000000000000000000000000000,0,0,0
0,3,1,433,0,1,AFR_433,0,,,,0x0000000000000000000000000000000000000000000000000000000000000000,0,0,0
0,3,1,434,0,1,AFR_434,0,,,,0x0000000000000000000000000000000000000000000000000000000000000000,0,0,0
0,3,1,435,0,1,AFR_435,0,,,,0x0000000000000000000000000000000000000000000000000000000000000000,0,0,0
0,3,1,436,0,1,AFR_436,0,,,,0x0000000000000000000000000000000000000000000000000000000000000000,0,0,0
0,3,1,437,0,1,AFR_437,0,,,,0x0000000000000000000000000000000000000000000000000000000000000000,0,0,0
0,3,1,438,0,1,AFR_438,0,,,,0x0000000000000000000000000000000000000000000000000000000000000000,0,0,0
0,3,1,439,0,1,AFR_439,0,,,,0x0000000000000000000000000000000000000000000000000000000000000000,0,0,0
0,3,1,440,0,1,AFR_440,0,,,,0x0000000000000000000000000000000000000000000000000000000000000000,0,0,0
0,3,1,441,0,1,AFR_441,0,,,,0x0000000000000000000000000000000000000000000000000000000000000000,0,0,0
0,3,1,442,0,1,AFR_442,0,,,,0x0000000000000000000000000000000000000000000000000000000000000000,0,0,0
0,3,1,444,0,1,AFR_444,0,,,,0x0000000000000000000000000000000000000000000000000000000000000000,0,0,0
0,3,1,463,0,1,AFR_463,0,,,,0x0000000000000000000000000000000000000000000000000000000000000000,0,0,0
0,3,1,464,0,1,AFR_464,0,,,,0x0000000000000000000000000000000000000000000000000000000000000000,0,0,0
0,3,1,465,0,1,AFR_465,0,,,,0x0000000000000000000000000000000000000000000000000000000000000000,0,0,0
0,3,1,466,0,1,AFR_466,0,,,,0x0000000000000000000000000000000000000000000000000000000000000000,0,0,0
0,3,1,500,0,1,AFR_500,0,,,,0x0000000000000000000000000000000000000000000000000000000000000000,0,0,0
0,3,1,501,0,1,AFR_501,0,,,,0x0000000000000000000000000000000000000000000000000000000000000000,0,0,0
0,3,1,502,0,1,AFR_502,0,,,,0x0000000000000000000000000000000000000000000000000000000000000000,0,0,0
0,3,1,504,0,1,AFR_504,0,,,,0x0000000000000000000000000000000000000000000000000000000000000000,0,0,0
0,3,1,505,0,1,AFR_505,0,,,,0x0000000000000000000000000000000000000000000000000000000000000000,0,0,0
0,3,1,506,0,1,AFR_506,0,,,,0x0000000000000000000000000000000000000000000000000000000000000000,0,0,0
0,3,1,507,0,1,AFR_507,0,,,,0x0000000000000000000000000000000000000000000000000000000000000000,0,0,0
0,3,1,508,0,1,AFR_508,0,,,,0x0000000000000000000000000000000000000000000000000000000000000000,0,0,0
0,3,1,509,0,1,AFR_509,0,,,,0x0000000000000000000000000000000000000000000000000000000000000000,0,0,0
0,3,1,510,0,1,AFR_510,0,,,,0x0000000000000000000000000000000000000000000000000000000000000000,0,0,0
0,3,1,511,0,1,AFR_511,0,,,,0x0000000000000000000000000000000000000000000000000000000000000000,0,0,0
0,3,1,512,0,1,AFR_512,0,,,,0x0000000000000000000000000000000000000000000000000000000000000000,0,0,0
0,3,1,512,0,1,AFR_513,0,,,,0x0000000000000000000000000000000000000000000000000000000000000000,0,0,0
0,3,1,514,0,1,AFR_514,0,,,,0x0000000000000000000000000000000000000000000000000000000000000000,0,0,0
0,3,1,520,0,1,AFR_520,0,,,,0x0000000000000000000000000000000000000000000000000000000000000000,0,0,0
0,3,1,521,0,1,AFR_521,0,,,,0x0000000000000000000000000000000000000000000000000000000000000000,0,0,0
0,3,1,522,0,1,AFR_522,0,,,,0x0000000000000000000000000000000000000000000000000000000000000000,0,0,0
0,3,1,523,0,1,AFR_523,0,,,,0x0000000000000000000000000000000000000000000000000000000000000000,0,0,0
0,3,1,524,0,1,AFR_524,0,,,,0x0000000000000000000000000000000000000000000000000000000000000000,0,0,0
0,3,1,525,0,1,AFR_525,0,,,,0x0000000000000000000000000000000000000000000000000000000000000000,0,0,0
0,3,1,611,0,1,AFR_611,0,,,,0x0000000000000000000000000000000000000000000000000000000000000000,0,0,0
0,3,1,600,0,1,AFR_615,0,,,,0x0000000000000000000000000000000000000000000000000000000000000000,0,0,0
0,3,1,619,0,1,AFR_619,0,,,,0x0000000000000000000000000000000000000000000000000000000000000000,0,0,0
0,3,1,623,0,1,AFR_623,0,,,,0x0000000000000000000000000000000000000000000000000000000000000000,0,0,0
0,3,1,624,0,1,AFR_624,0,,,,0x0000000000000000000000000000000000000000000000000000000000000000,0,0,0
0,3,1,635,0,1,AFR_635,0,,,,0x0000000000000000000000000000000000000000000000000000000000000000,0,0,0
0,3,1,700,0,1,AFR_706,0,,,,0x0000000000000000000000000000000000000000000000000000000000000000,0,0,0
0,3,1,710,0,1,AFR_710,0,,,,0x0000000000000000000000000000000000000000000000000000000000000000,0,0,0
0,3,1,711,0,1,AFR_711,0,,,,0x0000000000000000000000000000000000000000000000000000000000000000,0,0,0
0,3,1,720,0,1,AFR_720,0,,,,0x0000000000000000000000000000000000000000000000000000000000000000,0,0,0
0,3,1,726,0,1,AFR_726,0,,,,0x0000000000000000000000000000000000000000000000000000000000000000,0,0,0
0,3,1,730,0,1,AFR_730,0,,,,0x0000000000000000000000000000000000000000000000000000000000000000,0,0,0
0,3,1,741,0,1,AFR_741,0,,,,0x0000000000000000000000000000000000000000000000000000000000000000,0,0,0
0,3,1,821,0,1,AFR_821,0,,,,0x0000000000000000000000000000000000000000000000000000000000000000,0,0,0
0,3,1,827,0,1,AFR_827,0,,,,0x0000000000000000000000000000000000000000000000000000000000000000,0,0,0
0,3,1,829,0,1,AFR_829,0,,,,0x0000000000000000000000000000000000000000000000000000000000000000,0,0,0
0,3,1,832,0,1,AFR_832,0,,,,0x0000000000000000000000000000000000000000000000000000000000000000,0,0,0
0,3,1,842,0,1,AFR_842,0,,,,0x0000000000000000000000000000000000000000000000000000000000000000,0,0,0
0,3,1,847,0,1,AFR_847,0,,,,0x0000000000000000000000000000000000000000000000000000000000000000,0,0,0
0,3,1,858,0,1,AFR_858,0,,,,0x0000000000000000000000000000000000000000000000000000000000000000,0,0,0
0,0,1,,0,1,AFR1,0,,,,0x0000000000000000000000000000000000000000000000000000000000000000,0,0,0
0,0,1,,0,1,AFR2,0,,,,0x0000000000000000000000000000000000000000000000000000000000000000,0,0,0
0,3,1,101,0,1,AFR2_101,0,,,,0x0000000000000000000000000000000000000000000000000000000000000000,0,0,0
0,3,1,102,0,1,AFR2_102,0,,,,0x0000000000000000000000000000000000000000000000000000000000000000,0,0,0
0,3,1,103,0,1,AFR2_103,0,,,,0x0000000000000000000000000000000000000000000000000000000000000000,0,0,0
0,3,1,104,0,1,AFR2_104,0,,,,0x0000000000000000000000000000000000000000000000000000000000000000,0,0,0
0,3,1,105,0,1,AFR2_105,0,,,,0x0000000000000000000000000000000000000000000000000000000000000000,0,0,0
0,3,1,106,0,1,AFR2_106,0,,,,0x0000000000000000000000000000000000000000000000000000000000000000,0,0,0
0,3,1,107,0,1,AFR2_107,0,107,,,0x0000000000000000000000000000000000000000000000000000000000000000,0,0,0
0,3,1,108,0,1,AFR2_108,0,,,,0x0000000000000000000000000000000000000000000000000000000000000000,0,0,0
0,3,1,109,0,1,AFR2_109,0,,,,0x0000000000000000000000000000000000000000000000000000000000000000,0,0,0
0,3,1,110,0,1,AFR2_110,0,,,,0x0000000000000000000000000000000000000000000000000000000000000000,0,0,0
0,3,1,161,0,1,AFR2_161,0,,,,0x0000000000000000000000000000000000000000000000000000000000000000,0,0,0
0,3,1,201,0,1,AFR2_201,0,,,,0x0000000000000000000000000000000000000000000000000000000000000000,0,0,0
0,3,1,202,0,1,AFR2_202,0,202,,,0x0000000000000000000000000000000000000000000000000000000000000000,0,0,0
0,3,1,203,0,1,AFR2_203,0,,,,0x0000000000000000000000000000000000000000000000000000000000000000,0,0,0
0,3,1,204,0,1,AFR2_204,0,204,,,0x0000000000000000000000000000000000000000000000000000000000000000,0,0,0
0,3,1,205,0,1,AFR2_205,0,,,,0x0000000000000000000000000000000000000000000000000000000000000000,0,0,0
0,3,1,206,0,1,AFR2_206,0,206,,,0x0000000000000000000000000000000000000000000000000000000000000000,0,0,0
0,3,1,207,0,1,AFR2_207,0,,,,0x0000000000000000000000000000000000000000000000000000000000000000,0,0,0
0,3,1,208,0,1,AFR2_208,0,,,,0x0000000000000000000000000000000000000000000000000000000000000000,0,0,0
0,3,1,209,0,1,AFR2_209,0,,,,0x0000000000000000000000000000000000000000000000000000000000000000,0,0,0
0,3,1,210,0,1,AFR2_210,0,,,,0x0000000000000000000000000000000000000000000000000000000000000000,0,0,0
0,3,1,302,0,1,AFR2_302,0,,,,0x0000000000000000000000000000000000000000000000000000000000000000,0,0,0
0,3,1,303,0,1,AFR2_303,0,,,,0x0000000000000000000000000000000000000000000000000000000000000000,0,0,0
0,3,1,304,0,1,AFR2_304,0,,,,0x0000000000000000000000000000000000000000000000000000000000000000,0,0,0
0,3,1,401,0,1,AFR2_401,0,,,,0x0000000000000000000000000000000000000000000000000000000000000000,0,0,0
0,3,1,402,0,1,AFR2_402,0,,,,0x0000000000000000000000000000000000000000000000000000000000000000,0,0,0
0,3,1,403,0,1,AFR2_403,0,,,,0x0000000000000000000000000000000000000000000000000000000000000000,0,0,0
0,3,1,404,0,1,AFR2_404,0,,,,0x0000000000000000000000000000000000000000000000000000000000000000,0,0,0
0,3,1,405,0,1,AFR2_405,0,,,,0x0000000000000000000000000000000000000000000000000000000000000000,0,0,0
0,3,1,408,0,1,AFR2_408,0,,,,0x0000000000000000000000000000000000000000000000000000000000000000,0,0,0
0,3,1,409,0,1,AFR2_409,0,,,,0x0000000000000000000000000000000000000000000000000000000000000000,0,0,0
0,3,1,410,0,1,AFR2_410,0,,,,0x0000000000000000000000000000000000000000000000000000000000000000,0,0,0
0,3,1,411,0,1,AFR2_411,0,,,,0x0000000000000000000000000000000000000000000000000000000000000000,0,0,0
0,3,1,412,0,1,AFR2_412,0,,,,0x0000000000000000000000000000000000000000000000000000000000000000,0,0,0
0,3,1,413,0,1,AFR2_413,0,,,,0x0000000000000000000000000000000000000000000000000000000000000000,0,0,0
0,3,1,414,0,1,AFR2_414,0,,,,0x0000000000000000000000000000000000000000000000000000000000000000,0,0,0
0,3,1,415,0,1,AFR2_415,0,,,,0x0000000000000000000000000000000000000000000000000000000000000000,0,0,0
0,3,1,416,0,1,AFR2_416,0,,,,0x0000000000000000000000000000000000000000000000000000000000000000,0,0,0
0,3,1,417,0,1,AFR2_417,0,,,,0x0000000000000000000000000000000000000000000000000000000000000000,0,0,0
0,3,1,418,0,1,AFR2_418,0,,,,0x0000000000000000000000000000000000000000000000000000000000000000,0,0,0
0,3,1,419,0,1,AFR2_419,0,,,,0x0000000000000000000000000000000000000000000000000000000000000000,0,0,0
0,3,1,420,0,1,AFR2_420,0,,,,0x0000000000000000000000000000000000000000000000000000000000000000,0,0,0
0,3,1,421,0,1,AFR2_421,0,,,,0x0000000000000000000000000000000000000000000000000000000000000000,0,0,0
0,3,1,422,0,1,AFR2_422,0,,,,0x0000000000000000000000000000000000000000000000000000000000000000,0,0,0
0,3,1,423,0,1,AFR2_423,0,,,,0x0000000000000000000000000000000000000000000000000000000000000000,0,0,0
0,3,1,424,0,1,AFR2_424,0,,,,0x0000000000000000000000000000000000000000000000000000000000000000,0,0,0
0,3,1,425,0,1,AFR2_425,0,,,,0x0000000000000000000000000000000000000000000000000000000000000000,0,0,0
0,3,1,426,0,1,AFR2_426,0,,,,0x0000000000000000000000000000000000000000000000000000000000000000,0,0,0
0,3,1,427,0,1,AFR2_427,0,,,,0x0000000000000000000000000000000000000000000000000000000000000000,0,0,0
0,3,1,428,0,1,AFR2_428,0,,,,0x0000000000000000000000000000000000000000000000000000000000000000,0,0,0
0,3,1,429,0,1,AFR2_429,0,,,,0x0000000000000000000000000000000000000000000000000000000000000000,0,0,0
0,3,1,430,0,1,AFR2_430,0,,,,0x0000000000000000000000000000000000000000000000000000000000000000,0,0,0
0,3,1,431,0,1,AFR2_431,0,,,,0x0000000000000000000000000000000000000000000000000000000000000000,0,0,0
0,3,1,432,0,1,AFR2_432,0,,,,0x0000000000000000000000000000000000000000000000000000000000000000,0,0,0
0,3,1,433,0,1,AFR2_433,0,,,,0x0000000000000000000000000000000000000000000000000000000000000000,0,0,0
0,3,1,434,0,1,AFR2_434,0,,,,0x0000000000000000000000000000000000000000000000000000000000000000,0,0,0
0,3,1,435,0,1,AFR2_435,0,,,,0x0000000000000000000000000000000000000000000000000000000000000000,0,0,0
0,3,1,436,0,1,AFR2_436,0,,,,0x0000000000000000000000000000000000000000000000000000000000000000,0,0,0
0,3,1,437,0,1,AFR2_437,0,,,,0x0000000000000000000000000000000000000000000000000000000000000000,0,0,0
0,3,1,438,0,1,AFR2_438,0,,,,0x0000000000000000000000000000000000000000000000000000000000000000,0,0,0
0,3,1,439,0,1,AFR2_439,0,,,,0x0000000000000000000000000000000000000000000000000000000000000000,0,0,0
0,3,1,440,0,1,AFR2_440,0,,,,0x0000000000000000000000000000000000000000000000000000000000000000,0,0,0
0,3,1,441,0,1,AFR2_441,0,,,,0x0000000000000000000000000000000000000000000000000000000000000000,0,0,0
0,3,1,442,0,1,AFR2_442,0,,,,0x0000000000000000000000000000000000000000000000000000000000000000,0,0,0
0,3,1,444,0,1,AFR2_444,0,,,,0x0000000000000000000000000000000000000000000000000000000000000000,0,0,0
0,3,1,463,0,1,AFR2_463,0,,,,0x0000000000000000000000000000000000000000000000000000000000000000,0,0,0
0,3,1,464,0,1,AFR2_464,0,,,,0x0000000000000000000000000000000000000000000000000000000000000000,0,0,0
0,3,1,465,0,1,AFR2_465,0,,,,0x0000000000000000000000000000000000000000000000000000000000000000,0,0,0
0,3,1,466,0,1,AFR2_466,0,,,,0x0000000000000000000000000000000000000000000000000000000000000000,0,0,0
0,3,1,500,0,1,AFR2_500,0,,,,0x0000000000000000000000000000000000000000000000000000000000000000,0,0,0
0,3,1,501,0,1,AFR2_501,0,,,,0x0000000000000000000000000000000000000000000000000000000000000000,0,0,0
0,3,1,502,0,1,AFR2_502,0,,,,0x0000000000000000000000000000000000000000000000000000000000000000,0,0,0
0,3,1,504,0,1,AFR2_504,0,,,,0x0000000000000000000000000000000000000000000000000000000000000000,0,0,0
0,3,1,505,0,1,AFR2_505,0,,,,0x0000000000000000000000000000000000000000000000000000000000000000,0,0,0
0,3,1,506,0,1,AFR2_506,0,,,,0x0000000000000000000000000000000000000000000000000000000000000000,0,0,0
0,3,1,507,0,1,AFR2_507,0,,,,0x0000000000000000000000000000000000000000000000000000000000000000,0,0,0
0,3,1,508,0,1,AFR2_508,0,,,,0x0000000000000000000000000000000000000000000000000000000000000000,0,0,0
0,3,1,509,0,1,AFR2_509,0,,,,0x0000000000000000000000000000000000000000000000000000000000000000,0,0,0
0,3,1,510,0,1,AFR2_510,0,,,,0x0000000000000000000000000000000000000000000000000000000000000000,0,0,0
0,3,1,511,0,1,AFR2_511,0,,,,0x0000000000000000000000000000000000000000000000000000000000000000,0,0,0
0,3,1,512,0,1,AFR2_512,0,,,,0x0000000000000000000000000000000000000000000000000000000000000000,0,0,0
0,3,1,512,0,1,AFR2_513,0,,,,0x0000000000000000000000000000000000000000000000000000000000000000,0,0,0
0,3,1,514,0,1,AFR2_514,0,,,,0x0000000000000000000000000000000000000000000000000000000000000000,0,0,0
0,3,1,520,0,1,AFR2_520,0,,,,0x0000000000000000000000000000000000000000000000000000000000000000,0,0,0
0,3,1,521,0,1,AFR2_521,0,,,,0x0000000000000000000000000000000000000000000000000000000000000000,0,0,0
0,3,1,522,0,1,AFR2_522,0,,,,0x0000000000000000000000000000000000000000000000000000000000000000,0,0,0
0,3,1,523,0,1,AFR2_523,0,,,,0x0000000000000000000000000000000000000000000000000000000000000000,0,0,0
0,3,1,524,0,1,AFR2_524,0,,,,0x0000000000000000000000000000000000000000000000000000000000000000,0,0,0
0,3,1,525,0,1,AFR2_525,0,,,,0x0000000000000000000000000000000000000000000000000000000000000000,0,0,0
0,3,1,611,0,1,AFR2_611,0,,,,0x0000000000000000000000000000000000000000000000000000000000000000,0,0,0
0,3,1,600,0,1,AFR2_615,0,,,,0x0000000000000000000000000000000000000000000000000000000000000000,0,0,0
0,3,1,619,0,1,AFR2_619,0,,,,0x0000000000000000000000000000000000000000000000000000000000000000,0,0,0
0,3,1,600,0,1,AFR2_623,0,,,,0x0000000000000000000000000000000000000000000000000000000000000000,0,0,0
0,3,1,624,0,1,AFR2_624,0,,,,0x0000000000000000000000000000000000000000000000000000000000000000,0,0,0
0,3,1,635,0,1,AFR2_635,0,,,,0x0000000000000000000000000000000000000000000000000000000000000000,0,0,0
0,3,1,700,0,1,AFR2_706,0,,,,0x0000000000000000000000000000000000000000000000000000000000000000,0,0,0
0,3,1,710,0,1,AFR2_710,0,,,,0x0000000000000000000000000000000000000000000000000000000000000000,0,0,0
0,3,1,711,0,1,AFR2_711,0,,,,0x0000000000000000000000000000000000000000000000000000000000000000,0,0,0
0,3,1,720,0,1,AFR2_720,0,,,,0x0000000000000000000000000000000000000000000000000000000000000000,0,0,0
0,3,1,726,0,1,AFR2_726,0,,,,0x0000000000000000000000000000000000000000000000000000000000000000,0,0,0
0,3,1,730,0,1,AFR2_730,0,,,,0x0000000000000000000000000000000000000000000000000000000000000000,0,0,0
0,3,1,741,0,1,AFR2_741,0,,,,0x0000000000000000000000000000000000000000000000000000000000000000,0,0,0
0,3,1,821,0,1,AFR2_821,0,,,,0x0000000000000000000000000000000000000000000000000000000000000000,0,0,0
0,3,1,827,0,1,AFR2_827,0,,,,0x0000000000000000000000000000000000000000000000000000000000000000,0,0,0
0,3,1,829,0,1,AFR2_829,0,,,,0x0000000000000000000000000000000000000000000000000000000000000000,0,0,0
0,3,1,832,0,1,AFR2_832,0,,,,0x0000000000000000000000000000000000000000000000000000000000000000,0,0,0
0,3,1,842,0,1,AFR2_842,0,,,,0x0000000000000000000000000000000000000000000000000000000000000000,0,0,0
0,3,1,847,0,1,AFR2_847,0,,,,0x0000000000000000000000000000000000000000000000000000000000000000,0,0,0
0,3,1,858,0,1,AFR2_858,0,,,,0x0000000000000000000000000000000000000000000000000000000000000000,0,0,0
0,0,1,,0,1,AFR3,0,,,,0x0000000000000000000000000000000000000000000000000000000000000000,0,0,0
0,3,1,101,0,1,AFR3_101,0,,,,0x0000000000000000000000000000000000000000000000000000000000000000,0,0,0
0,3,1,102,0,1,AFR3_102,0,,,,0x0000000000000000000000000000000000000000000000000000000000000000,0,0,0
0,3,1,103,0,1,AFR3_103,0,,,,0x0000000000000000000000000000000000000000000000000000000000000000,0,0,0
0,3,1,104,0,1,AFR3_104,0,,,,0x0000000000000000000000000000000000000000000000000000000000000000,0,0,0
0,3,1,105,0,1,AFR3_105,0,,,,0x0000000000000000000000000000000000000000000000000000000000000000,0,0,0
0,3,1,106,0,1,AFR3_106,0,,,,0x0000000000000000000000000000000000000000000000000000000000000000,0,0,0
0,3,1,107,0,1,AFR3_107,0,107,,,0x0000000000000000000000000000000000000000000000000000000000000000,0,0,0
0,3,1,108,0,1,AFR3_108,0,,,,0x0000000000000000000000000000000000000000000000000000000000000000,0,0,0
0,3,1,109,0,1,AFR3_109,0,,,,0x0000000000000000000000000000000000000000000000000000000000000000,0,0,0
0,3,1,110,0,1,AFR3_110,0,,,,0x0000000000000000000000000000000000000000000000000000000000000000,0,0,0
0,3,1,161,0,1,AFR3_161,0,,,,0x0000000000000000000000000000000000000000000000000000000000000000,0,0,0
0,3,1,201,0,1,AFR3_201,0,,,,0x0000000000000000000000000000000000000000000000000000000000000000,0,0,0
0,3,1,202,0,1,AFR3_202,0,202,,,0x0000000000000000000000000000000000000000000000000000000000000000,0,0,0
0,3,1,203,0,1,AFR3_203,0,,,,0x0000000000000000000000000000000000000000000000000000000000000000,0,0,0
0,3,1,204,0,1,AFR3_204,0,204,,,0x0000000000000000000000000000000000000000000000000000000000000000,0,0,0
0,3,1,205,0,1,AFR3_205,0,,,,0x0000000000000000000000000000000000000000000000000000000000000000,0,0,0
0,3,1,206,0,1,AFR3_206,0,206,,,0x0000000000000000000000000000000000000000000000000000000000000000,0,0,0
0,3,1,207,0,1,AFR3_207,0,,,,0x0000000000000000000000000000000000000000000000000000000000000000,0,0,0
0,3,1,208,0,1,AFR3_208,0,,,,0x0000000000000000000000000000000000000000000000000000000000000000,0,0,0
0,3,1,209,0,1,AFR3_209,0,,,,0x0000000000000000000000000000000000000000000000000000000000000000,0,0,0
0,3,1,210,0,1,AFR3_210,0,,,,0x0000000000000000000000000000000000000000000000000000000000000000,0,0,0
0,3,1,302,0,1,AFR3_302,0,,,,0x0000000000000000000000000000000000000000000000000000000000000000,0,0,0
0,3,1,303,0,1,AFR3_303,0,,,,0x0000000000000000000000000000000000000000000000000000000000000000,0,0,0
0,3,1,304,0,1,AFR3_304,0,,,,0x0000000000000000000000000000000000000000000000000000000000000000,0,0,0
0,3,1,401,0,1,AFR3_401,0,,,,0x0000000000000000000000000000000000000000000000000000000000000000,0,0,0
0,3,1,402,0,1,AFR3_402,0,,,,0x0000000000000000000000000000000000000000000000000000000000000000,0,0,0
0,3,1,403,0,1,AFR3_403,0,,,,0x0000000000000000000000000000000000000000000000000000000000000000,0,0,0
0,3,1,404,0,1,AFR3_404,0,,,,0x0000000000000000000000000000000000000000000000000000000000000000,0,0,0
0,3,1,405,0,1,AFR3_405,0,,,,0x0000000000000000000000000000000000000000000000000000000000000000,0,0,0
0,3,1,408,0,1,AFR3_408,0,,,,0x0000000000000000000000000000000000000000000000000000000000000000,0,0,0
0,3,1,409,0,1,AFR3_409,0,,,,0x0000000000000000000000000000000000000000000000000000000000000000,0,0,0
0,3,1,410,0,1,AFR3_410,0,,,,0x0000000000000000000000000000000000000000000000000000000000000000,0,0,0
0,3,1,411,0,1,AFR3_411,0,,,,0x0000000000000000000000000000000000000000000000000000000000000000,0,0,0
0,3,1,412,0,1,AFR3_412,0,,,,0x0000000000000000000000000000000000000000000000000000000000000000,0,0,0
0,3,1,413,0,1,AFR3_413,0,,,,0x0000000000000000000000000000000000000000000000000000000000000000,0,0,0
0,3,1,414,0,1,AFR3_414,0,,,,0x0000000000000000000000000000000000000000000000000000000000000000,0,0,0
0,3,1,415,0,1,AFR3_415,0,,,,0x0000000000000000000000000000000000000000000000000000000000000000,0,0,0
0,3,1,416,0,1,AFR3_416,0,,,,0x0000000000000000000000000000000000000000000000000000000000000000,0,0,0
0,3,1,417,0,1,AFR3_417,0,,,,0x0000000000000000000000000000000000000000000000000000000000000000,0,0,0
0,3,1,418,0,1,AFR3_418,0,,,,0x0000000000000000000000000000000000000000000000000000000000000000,0,0,0
0,3,1,419,0,1,AFR3_419,0,,,,0x0000000000000000000000000000000000000000000000000000000000000000,0,0,0
0,3,1,420,0,1,AFR3_420,0,,,,0x0000000000000000000000000000000000000000000000000000000000000000,0,0,0
0,3,1,421,0,1,AFR3_421,0,,,,0x0000000000000000000000000000000000000000000000000000000000000000,0,0,0
0,3,1,422,0,1,AFR3_422,0,,,,0x0000000000000000000000000000000000000000000000000000000000000000,0,0,0
0,3,1,423,0,1,AFR3_423,0,,,,0x0000000000000000000000000000000000000000000000000000000000000000,0,0,0
0,3,1,424,0,1,AFR3_424,0,,,,0x0000000000000000000000000000000000000000000000000000000000000000,0,0,0
0,3,1,425,0,1,AFR3_425,0,,,,0x0000000000000000000000000000000000000000000000000000000000000000,0,0,0
0,3,1,426,0,1,AFR3_426,0,,,,0x0000000000000000000000000000000000000000000000000000000000000000,0,0,0
0,3,1,427,0,1,AFR3_427,0,,,,0x0000000000000000000000000000000000000000000000000000000000000000,0,0,0
0,3,1,428,0,1,AFR3_428,0,,,,0x0000000000000000000000000000000000000000000000000000000000000000,0,0,0
0,3,1,429,0,1,AFR3_429,0,,,,0x0000000000000000000000000000000000000000000000000000000000000000,0,0,0
0,3,1,430,0,1,AFR3_430,0,,,,0x0000000000000000000000000000000000000000000000000000000000000000,0,0,0
0,3,1,431,0,1,AFR3_431,0,,,,0x0000000000000000000000000000000000000000000000000000000000000000,0,0,0
0,3,1,432,0,1,AFR3_432,0,,,,0x0000000000000000000000000000000000000000000000000000000000000000,0,0,0
0,3,1,433,0,1,AFR3_433,0,,,,0x0000000000000000000000000000000000000000000000000000000000000000,0,0,0
0,3,1,434,0,1,AFR3_434,0,,,,0x0000000000000000000000000000000000000000000000000000000000000000,0,0,0
0,3,1,435,0,1,AFR3_435,0,,,,0x0000000000000000000000000000000000000000000000000000000000000000,0,0,0
0,3,1,436,0,1,AFR3_436,0,,,,0x0000000000000000000000000000000000000000000000000000000000000000,0,0,0
0,3,1,437,0,1,AFR3_437,0,,,,0x0000000000000000000000000000000000000000000000000000000000000000,0,0,0
0,3,1,438,0,1,AFR3_438,0,,,,0x0000000000000000000000000000000000000000000000000000000000000000,0,0,0
0,3,1,439,0,1,AFR3_439,0,,,,0x0000000000000000000000000000000000000000000000000000000000000000,0,0,0
0,3,1,440,0,1,AFR3_440,0,,,,0x0000000000000000000000000000000000000000000000000000000000000000,0,0,0
0,3,1,441,0,1,AFR3_441,0,,,,0x0000000000000000000000000000000000000000000000000000000000000000,0,0,0
0,3,1,442,0,1,AFR3_442,0,,,,0x0000000000000000000000000000000000000000000000000000000000000000,0,0,0
0,3,1,444,0,1,AFR3_444,0,,,,0x0000000000000000000000000000000000000000000000000000000000000000,0,0,0
0,3,1,463,0,1,AFR3_463,0,,,,0x0000000000000000000000000000000000000000000000000000000000000000,0,0,0
0,3,1,464,0,1,AFR3_464,0,,,,0x0000000000000000000000000000000000000000000000000000000000000000,0,0,0
0,3,1,465,0,1,AFR3_465,0,,,,0x0000000000000000000000000000000000000000000000000000000000000000,0,0,0
0,3,1,466,0,1,AFR3_466,0,,,,0x0000000000000000000000000000000000000000000000000000000000000000,0,0,0
0,3,1,500,0,1,AFR3_500,0,,,,0x0000000000000000000000000000000000000000000000000000000000000000,0,0,0
0,3,1,501,0,1,AFR3_501,0,,,,0x0000000000000000000000000000000000000000000000000000000000000000,0,0,0
0,3,1,502,0,1,AFR3_502,0,,,,0x0000000000000000000000000000000000000000000000000000000000000000,0,0,0
0,3,1,504,0,1,AFR3_504,0,,,,0x0000000000000000000000000000000000000000000000000000000000000000,0,0,0
0,3,1,505,0,1,AFR3_505,0,,,,0x0000000000000000000000000000000000000000000000000000000000000000,0,0,0
0,3,1,506,0,1,AFR3_506,0,,,,0x0000000000000000000000000000000000000000000000000000000000000000,0,0,0
0,3,1,507,0,1,AFR3_507,0,,,,0x0000000000000000000000000000000000000000000000000000000000000000,0,0,0
0,3,1,508,0,1,AFR3_508,0,,,,0x0000000000000000000000000000000000000000000000000000000000000000,0,0,0
0,3,1,509,0,1,AFR3_509,0,,,,0x0000000000000000000000000000000000000000000000000000000000000000,0,0,0
0,3,1,510,0,1,AFR3_510,0,,,,0x0000000000000000000000000000000000000000000000000000000000000000,0,0,0
0,3,1,511,0,1,AFR3_511,0,,,,0x0000000000000000000000000000000000000000000000000000000000000000,0,0,0
0,3,1,512,0,1,AFR3_512,0,,,,0x0000000000000000000000000000000000000000000000000000000000000000,0,0,0
0,3,1,512,0,1,AFR3_513,0,,,,0x0000000000000000000000000000000000000000000000000000000000000000,0,0,0
0,3,1,514,0,1,AFR3_514,0,,,,0x0000000000000000000000000000000000000000000000000000000000000000,0,0,0
0,3,1,520,0,1,AFR3_520,0,,,,0x0000000000000000000000000000000000000000000000000000000000000000,0,0,0
0,3,1,521,0,1,AFR3_521,0,,,,0x0000000000000000000000000000000000000000000000000000000000000000,0,0,0
0,3,1,522,0,1,AFR3_522,0,,,,0x0000000000000000000000000000000000000000000000000000000000000000,0,0,0
0,3,1,524,0,1,AFR3_524,0,,,,0x0000000000000000000000000000000000000000000000000000000000000000,0,0,0
0,3,1,525,0,1,AFR3_525,0,,,,0x0000000000000000000000000000000000000000000000000000000000000000,0,0,0
0,3,1,611,0,1,AFR3_611,0,,,,0x0000000000000000000000000000000000000000000000000000000000000000,0,0,0
0,3,1,600,0,1,AFR3_615,0,,,,0x0000000000000000000000000000000000000000000000000000000000000000,0,0,0
0,3,1,619,0,1,AFR3_619,0,,,,0x0000000000000000000000000000000000000000000000000000000000000000,0,0,0
0,3,1,600,0,1,AFR3_623,0,,,,0x0000000000000000000000000000000000000000000000000000000000000000,0,0,0
0,3,1,624,0,1,AFR3_624,0,,,,0x0000000000000000000000000000000000000000000000000000000000000000,0,0,0
0,3,1,700,0,1,AFR3_706,0,,,,0x0000000000000000000000000000000000000000000000000000000000000000,0,0,0
0,3,1,710,0,1,AFR3_710,0,,,,0x0000000000000000000000000000000000000000000000000000000000000000,0,0,0
0,3,1,711,0,1,AFR3_711,0,,,,0x0000000000000000000000000000000000000000000000000000000000000000,0,0,0
0,3,1,720,0,1,AFR3_720,0,,,,0x0000000000000000000000000000000000000000000000000000000000000000,0,0,0
0,3,1,726,0,1,AFR3_726,0,,,,0x0000000000000000000000000000000000000000000000000000000000000000,0,0,0
0,3,1,730,0,1,AFR3_730,0,,,,0x0000000000000000000000000000000000000000000000000000000000000000,0,0,0
0,3,1,741,0,1,AFR3_741,0,,,,0x0000000000000000000000000000000000000000000000000000000000000000,0,0,0
0,3,1,821,0,1,AFR3_821,0,,,,0x0000000000000000000000000000000000000000000000000000000000000000,0,0,0
0,3,1,829,0,1,AFR3_829,0,,,,0x0000000000000000000000000000000000000000000000000000000000000000,0,0,0
0,3,1,832,0,1,AFR3_832,0,,,,0x0000000000000000000000000000000000000000000000000000000000000000,0,0,0
0,3,1,842,0,1,AFR3_842,0,,,,0x0000000000000000000000000000000000000000000000000000000000000000,0,0,0
0,3,1,847,0,1,AFR3_847,0,,,,0x0000000000000000000000000000000000000000000000000000000000000000,0,0,0
0,3,1,858,0,1,AFR3_858,0,,,,0x0000000000000000000000000000000000000000000000000000000000000000,0,0,0
0,0,1,,0,1,AFR4,0,,,,0x0000000000000000000000000000000000000000000000000000000000000000,0,0,0
0,0,0,,0,1,ALS CHASE CAR,0,,,ALS,0x0000000000000000000000000000000000000000000000000000000000000000,1,0,0
0,0,1,,0,1,ALS_PROVIDER,0,,,,0x0000000000000000000000000000000000000000000000000000000000000000,0,0,0
0,0,1,,0,2,ALS_SKILL,0,,,,0x0000000000000000000000000000000000000000000000000000000000000000,1,0,0
0,0,0,,0,1,AP,0,,,AP,0x0000000000000000000000000000000000000000000000000000000000000000,1,0,0
0,0,0,,0,1,ATV,0,,,ATV,0x0000000000000000000000000000000000000000000000000000000000000000,1,0,0
0,0,0,,0,1,AUX4,0,,,AX4,0x0000000000000000000000000000000000000000000000000000000000000000,1,0,0
0,0,0,,0,2,BACKUP_PD,0,,,U,0x0000000000000000000000000000000000000000000000000000000000000000,1,0,0
0,0,0,,0,2,BACKUP_SO,0,,,SHF,0x0000000000000000000000000000000000000000000000000000000000000000,1,0,0
0,0,0,,0,1,BALLISTIC,0,,,,0x0000000200000000000000000000000000000000000000000000000000000000,1,0,0
0,0,0,,0,1,BC,0,,,BC,0x0000000000000000000000000000000000000000000000000000000000000000,1,0,0
0,0,0,,0,1,BC473,0,,BC473,,0x0000000000000000000000000000000000000000000000000000000000000000,1,0,0
0,0,0,,0,1,BC474,0,,BC474,,0x0000000000000000000000000000000000000000000000000000000000000000,1,0,0
0,0,0,,0,1,BCALX,0,,,BCALX,0x0000000000000000000000000000000000000000000000000000000000000000,1,0,0
0,0,0,,0,1,BCCITY,0,,,BC,0x2000000000000000000000000000000000000000000000000000000000000000,1,0,0
0,0,0,,0,1,BCCNTY,0,,,BC,0x4000000000000000000000000000000000000000000000000000000000000000,1,0,0
0,0,0,,0,1,BCFTBV,0,,,BCFTB,0x0000000000000000000000000000000000000000000000000000000000000000,1,0,0
0,0,1,,0,1,BLOOD,0,,,,0x0000000000000000000000000000000000000000000000000000000000000000,0,0,0
0,0,0,,0,1,BR,0,,,BR,0x0000000000000000000000000000000000000000000000000000000000000000,1,0,0
0,0,0,,0,1,BT,0,,,BT,0x0000000000000000000000000000000000000000000000000000000000000000,1,0,0
0,0,0,,0,1,BTI,0,,,BTI,0x0000000000000000000000000000000000000000000000000000000000000000,1,0,0
0,0,0,,0,1,BTS,0,412,,BTS,0x0000000000000000000000000000000000000000000000000000000000000000,0,0,0
0,0,0,,0,1,BU,0,,,BU,0x0000000000000000000000000000000000000000000000000000000000000000,0,0,0
0,0,0,,0,1,BUS,0,407,BUS407,,0x0000000000000000000000000000000000000000000000000000000000000000,1,0,0
0,0,1,,0,1,CAFS,0,,,,0x0000000000000000000000000000000000000000000000000000000000000000,1,0,0
0,0,0,,0,1,CANTEEN,0,,,CAN,0x0000000000000000000000000000000000000000000000000000000000000000,1,0,0
0,0,1,,0,1,CHAINSAW,0,,,,0x0000000000000000000000000000000000000000000000000000000000000000,1,0,0
0,0,0,,0,1,CHASE CAR,0,,,,0x0000001000000000000000000000000000000000000000000000000000000000,1,0,0
0,0,0,,0,1,COMMAND BC,0,,,,0x0000000400000000000000000000000000000000000000000000000000000000,0,0,0
0,0,1,,0,1,CSU DUTY,0,,,,0x0000000000000000000000000000000000000000000000000000000000000000,0,0,0
0,0,0,,0,1,DFCO,0,,,DFCO,0x0000000000000000000000000000000000000000000000000000000000000000,1,0,0
0,0,0,,0,1,E,0,,,E,0x0000000000000000000000000000000000000000000000000000000000000000,1,0,0
0,3,0,101,0,1,E_101,0,,,E,0x0000000000000000000000000000000000000000000000000000000000000000,1,0,0
0,3,0,102,0,1,E_102,0,,,E,0x0000000000000000000000000000000000000000000000000000000000000000,1,0,0
0,3,0,103,0,1,E_103,0,,,E,0x0000000000000000000000000000000000000000000000000000000000000000,1,0,0
0,3,0,104,0,1,E_104,0,,,E,0x0000000000000000000000000000000000000000000000000000000000000000,1,0,0
0,3,0,105,0,1,E_105,0,,,E,0x0000000000000000000000000000000000000000000000000000000000000000,1,0,0
0,3,0,106,0,1,E_106,0,,,E,0x0000000000000000000000000000000000000000000000000000000000000000,1,0,0
0,3,0,107,0,1,E_107,0,107,,E,0x0000000000000000000000000000000000000000000000000000000000000000,1,0,0
0,3,0,108,0,1,E_108,0,,,E,0x0000000000000000000000000000000000000000000000000000000000000000,1,0,0
0,3,0,109,0,1,E_109,0,,,E,0x0000000000000000000000000000000000000000000000000000000000000000,1,0,0
0,3,0,110,0,1,E_110,0,,,E,0x0000000000000000000000000000000000000000000000000000000000000000,1,0,0
0,3,0,161,0,1,E_161,0,,,E,0x0000000000000000000000000000000000000000000000000000000000000000,1,0,0
0,3,0,201,0,1,E_201,0,,,E,0x0000000000000000000000000000000000000000000000000000000000000000,1,0,0
0,3,0,202,0,1,E_202,0,202,,E,0x0000000000000000000000000000000000000000000000000000000000000000,1,0,0
0,3,0,203,0,1,E_203,0,,,E,0x0000000000000000000000000000000000000000000000000000000000000000,1,0,0
0,3,0,204,0,1,E_204,0,204,,E,0x0000000000000000000000000000000000000000000000000000000000000000,1,0,0
0,3,0,205,0,1,E_205,0,,,E,0x0000000000000000000000000000000000000000000000000000000000000000,1,0,0
0,3,0,206,0,1,E_206,0,206,,E,0x0000000000000000000000000000000000000000000000000000000000000000,1,0,0
0,3,0,207,0,1,E_207,0,,,E,0x0000000000000000000000000000000000000000000000000000000000000000,1,0,0
0,3,0,208,0,1,E_208,0,,,E,0x0000000000000000000000000000000000000000000000000000000000000000,1,0,0
0,3,0,209,0,1,E_209,0,,,E,0x0000000000000000000000000000000000000000000000000000000000000000,1,0,0
0,3,0,210,0,1,E_210,0,,,E,0x0000000000000000000000000000000000000000000000000000000000000000,0,0,0
0,3,0,302,0,1,E_302,0,,,E,0x0000000000000000000000000000000000000000000000000000000000000000,1,0,0
0,3,0,303,0,1,E_303,0,,,E,0x0000000000000000000000000000000000000000000000000000000000000000,1,0,0
0,3,0,304,0,1,E_304,0,,,E,0x0000000000000000000000000000000000000000000000000000000000000000,1,0,0
0,3,0,401,0,1,E_401,0,,,E,0x0000000000000000000000000000000000000000000000000000000000000000,1,0,0
0,3,0,402,0,1,E_402,0,,,E,0x0000000000000000000000000000000000000000000000000000000000000000,1,0,0
0,3,0,403,0,1,E_403,0,,,E,0x0000000000000000000000000000000000000000000000000000000000000000,1,0,0
0,3,0,404,0,1,E_404,0,,,E,0x0000000000000000000000000000000000000000000000000000000000000000,1,0,0
0,3,0,405,0,1,E_405,0,,,E,0x0000000000000000000000000000000000000000000000000000000000000000,1,0,0
0,3,0,408,0,1,E_406,0,,,E,0x0000000000000000000000000000000000000000000000000000000000000000,1,0,0
0,3,0,408,0,1,E_408,0,,,E,0x0000000000000000000000000000000000000000000000000000000000000000,1,0,0
0,3,0,409,0,1,E_409,0,,,E,0x0000000000000000000000000000000000000000000000000000000000000000,1,0,0
0,3,0,410,0,1,E_410,0,,,E,0x0000000000000000000000000000000000000000000000000000000000000000,1,0,0
0,3,0,411,0,1,E_411,0,,,E,0x0000000000000000000000000000000000000000000000000000000000000000,1,0,0
0,3,0,412,0,1,E_412,0,,,E,0x0000000000000000000000000000000000000000000000000000000000000000,1,0,0
0,3,0,413,0,1,E_413,0,,,E,0x0000000000000000000000000000000000000000000000000000000000000000,1,0,0
0,3,0,414,0,1,E_414,0,,,E,0x0000000000000000000000000000000000000000000000000000000000000000,1,0,0
0,3,0,415,0,1,E_415,0,,,E,0x0000000000000000000000000000000000000000000000000000000000000000,1,0,0
0,3,0,416,0,1,E_416,0,,,E,0x0000000000000000000000000000000000000000000000000000000000000000,1,0,0
0,3,0,417,0,1,E_417,0,,,E,0x0000000000000000000000000000000000000000000000000000000000000000,1,0,0
0,3,0,418,0,1,E_418,0,,,E,0x0000000000000000000000000000000000000000000000000000000000000000,1,0,0
0,3,0,419,0,1,E_419,0,,,E,0x0000000000000000000000000000000000000000000000000000000000000000,1,0,0
0,3,0,420,0,1,E_420,0,,,E,0x0000000000000000000000000000000000000000000000000000000000000000,1,0,0
0,3,0,421,0,1,E_421,0,,,E,0x0000000000000000000000000000000000000000000000000000000000000000,1,0,0
0,3,0,422,0,1,E_422,0,,,E,0x0000000000000000000000000000000000000000000000000000000000000000,1,0,0
0,3,0,423,0,1,E_423,0,,,E,0x0000000000000000000000000000000000000000000000000000000000000000,1,0,0
0,3,0,424,0,1,E_424,0,,,E,0x0000000000000000000000000000000000000000000000000000000000000000,1,0,0
0,3,0,425,0,1,E_425,0,,,E,0x0000000000000000000000000000000000000000000000000000000000000000,1,0,0
0,3,0,426,0,1,E_426,0,,,E,0x0000000000000000000000000000000000000000000000000000000000000000,1,0,0
0,3,0,427,0,1,E_427,0,,,E,0x0000000000000000000000000000000000000000000000000000000000000000,1,0,0
0,3,0,428,0,1,E_428,0,,,E,0x0000000000000000000000000000000000000000000000000000000000000000,1,0,0
0,3,0,429,0,1,E_429,0,,,E,0x0000000000000000000000000000000000000000000000000000000000000000,1,0,0
0,3,0,430,0,1,E_430,0,,,E,0x0000000000000000000000000000000000000000000000000000000000000000,1,0,0
0,3,0,431,0,1,E_431,0,,,E,0x0000000000000000000000000000000000000000000000000000000000000000,1,0,0
0,3,0,432,0,1,E_432,0,,,E,0x0000000000000000000000000000000000000000000000000000000000000000,1,0,0
0,3,0,433,0,1,E_433,0,,,E,0x0000000000000000000000000000000000000000000000000000000000000000,1,0,0
0,3,0,434,0,1,E_434,0,,,E,0x0000000000000000000000000000000000000000000000000000000000000000,1,0,0
0,3,0,435,0,1,E_435,0,,,E,0x0000000000000000000000000000000000000000000000000000000000000000,1,0,0
0,3,0,436,0,1,E_436,0,,,E,0x0000000000000000000000000000000000000000000000000000000000000000,1,0,0
0,3,0,437,0,1,E_437,0,,,E,0x0000000000000000000000000000000000000000000000000000000000000000,1,0,0
0,3,0,438,0,1,E_438,0,,,E,0x0000000000000000000000000000000000000000000000000000000000000000,1,0,0
0,3,0,439,0,1,E_439,0,,,E,0x0000000000000000000000000000000000000000000000000000000000000000,1,0,0
0,3,0,440,0,1,E_440,0,,,E,0x0000000000000000000000000000000000000000000000000000000000000000,1,0,0
0,3,0,441,0,1,E_441,0,,,E,0x0000000000000000000000000000000000000000000000000000000000000000,1,0,0
0,3,0,442,0,1,E_442,0,,,E,0x0000000000000000000000000000000000000000000000000000000000000000,1,0,0
0,3,0,444,0,1,E_444,0,,,E,0x0000000000000000000000000000000000000000000000000000000000000000,1,0,0
0,3,0,463,0,1,E_463,0,,,E,0x0000000000000000000000000000000000000000000000000000000000000000,1,0,0
0,3,0,464,0,1,E_464,0,,,E,0x0000000000000000000000000000000000000000000000000000000000000000,1,0,0
0,3,0,465,0,1,E_465,0,,,E,0x0000000000000000000000000000000000000000000000000000000000000000,0,0,0
0,3,0,466,0,1,E_466,0,,,E,0x0000000000000000000000000000000000000000000000000000000000000000,1,0,0
0,3,0,500,0,1,E_500,0,,,E,0x0000000000000000000000000000000000000000000000000000000000000000,0,0,0
0,3,0,501,0,1,E_501,0,,,E,0x0000000000000000000000000000000000000000000000000000000000000000,1,0,0
0,3,0,502,0,1,E_502,0,,,E,0x0000000000000000000000000000000000000000000000000000000000000000,1,0,0
0,3,0,504,0,1,E_504,0,,,E,0x0000000000000000000000000000000000000000000000000000000000000000,1,0,0
0,3,0,505,0,1,E_505,0,,,E,0x0000000000000000000000000000000000000000000000000000000000000000,1,0,0
0,3,0,507,0,1,E_507,0,,,E,0x0000000000000000000000000000000000000000000000000000000000000000,1,0,0
0,3,0,508,0,1,E_508,0,,,E,0x0000000000000000000000000000000000000000000000000000000000000000,1,0,0
0,3,0,509,0,1,E_509,0,,,E,0x0000000000000000000000000000000000000000000000000000000000000000,1,0,0
0,3,0,510,0,1,E_510,0,,,E,0x0000000000000000000000000000000000000000000000000000000000000000,1,0,0
0,3,0,511,0,1,E_511,0,,,E,0x0000000000000000000000000000000000000000000000000000000000000000,1,0,0
0,3,0,512,0,1,E_512,0,,,E,0x0000000000000000000000000000000000000000000000000000000000000000,1,0,0
0,3,0,512,0,1,E_513,0,,,E,0x0000000000000000000000000000000000000000000000000000000000000000,1,0,0
0,3,0,514,0,1,E_514,0,,,E,0x0000000000000000000000000000000000000000000000000000000000000000,1,0,0
0,3,0,520,0,1,E_520,0,,,E,0x0000000000000000000000000000000000000000000000000000000000000000,1,0,0
0,3,0,521,0,1,E_521,0,,,E,0x0000000000000000000000000000000000000000000000000000000000000000,1,0,0
0,3,0,522,0,1,E_522,0,,,E,0x0000000000000000000000000000000000000000000000000000000000000000,1,0,0
0,3,0,523,0,1,E_523,0,,,E,0x0000000000000000000000000000000000000000000000000000000000000000,1,0,0
0,3,0,524,0,1,E_524,0,,,E,0x0000000000000000000000000000000000000000000000000000000000000000,1,0,0
0,3,0,525,0,1,E_525,0,,,EOJ,0x0000000000000000000000000000000000000000000000000000000000000000,1,0,0
0,3,0,609,0,1,E_609,0,,,E,0x0000000000000000000000000000000000000000000000000000000000000000,1,0,0
0,3,0,611,0,1,E_611,0,,,E,0x0000000000000000000000000000000000000000000000000000000000000000,1,0,0
0,3,0,600,0,1,E_615,0,,,E,0x0000000000000000000000000000000000000000000000000000000000000000,1,0,0
0,3,0,618,0,1,E_618,0,,,E,0x0000000000000000000000000000000000000000000000000000000000000000,1,0,0
0,3,0,619,0,1,E_619,0,,,E,0x0000000000000000000000000000000000000000000000000000000000000000,1,0,0
0,3,0,600,0,1,E_623,0,,,E,0x0000000000000000000000000000000000000000000000000000000000000000,1,0,0
0,3,0,624,0,1,E_624,0,,,E,0x0000000000000000000000000000000000000000000000000000000000000000,1,0,0
0,3,0,635,0,1,E_635,0,,,E,0x0000000000000000000000000000000000000000000000000000000000000000,1,0,0
0,3,0,700,0,1,E_706,0,,,E,0x0000000000000000000000000000000000000000000000000000000000000000,1,0,0
0,3,0,710,0,1,E_710,0,,,E,0x0000000000000000000000000000000000000000000000000000000000000000,1,0,0
0,3,0,711,0,1,E_711,0,,,E,0x0000000000000000000000000000000000000000000000000000000000000000,1,0,0
0,3,0,720,0,1,E_720,0,,,E,0x0000000000000000000000000000000000000000000000000000000000000000,1,0,0
0,3,0,726,0,1,E_726,0,,,E,0x0000000000000000000000000000000000000000000000000000000000000000,1,0,0
0,3,0,730,0,1,E_730,0,,,E,0x0000000000000000000000000000000000000000000000000000000000000000,1,0,0
0,3,0,741,0,1,E_741,0,,,E,0x0000000000000000000000000000000000000000000000000000000000000000,1,0,0
0,3,0,821,0,1,E_821,0,,,E,0x0000000000000000000000000000000000000000000000000000000000000000,1,0,0
0,3,0,827,0,1,E_827,0,,,E,0x0000000000000000000000000000000000000000000000000000000000000000,0,0,0
0,3,0,829,0,1,E_829,0,,,E,0x0000000000000000000000000000000000000000000000000000000000000000,0,0,0
0,3,0,832,0,1,E_832,0,,,E,0x0000000000000000000000000000000000000000000000000000000000000000,0,0,0
0,3,0,842,0,1,E_842,0,,,E,0x0000000000000000000000000000000000000000000000000000000000000000,0,0,0
0,3,0,847,0,1,E_847,0,,,E,0x0000000000000000000000000000000000000000000000000000000000000000,0,0,0
0,3,0,858,0,1,E_858,0,,,E,0x0000000000000000000000000000000000000000000000000000000000000000,1,0,0
0,0,0,,0,1,EMS,0,,,EMS,0x0000000000000000000000000000000000000000000000000000000000000000,0,0,0
0,0,0,,0,1,EMS CITY,0,,,EMS,0x2000000000000000000000000000000000000000000000000000000000000000,0,0,0
0,0,0,,0,1,EMS COUNTY,0,,,EMS,0x4000000000000000000000000000000000000000000000000000000000000000,0,0,0
0,0,0,,0,1,EMS SPECIALIST,0,,,ESPEC,0x0000000000000000000000000000000000000000000000000000000000000000,1,0,0
0,0,0,,0,1,EMS_ONLY,0,,,EMSEMS,0x0000000000000000000000000000000000000000000000000000000000000000,0,0,0
0,3,0,842,0,1,EOJ_842,0,,,E,0x0000000000000000000000000000000000000000000000000000000000000000,0,0,0
0,0,0,,0,1,EXTRICATION EQUIPMENT,0,,,,0x0000000800000000000000000000000000000000000000000000000000000000,1,0,0
0,0,0,,0,1,EXTRICATION_RESCUE,0,,,,0x0200000800000000000000000000000000000000000000000000000000000000,1,0,0
0,0,0,,0,1,EXTRICATION_TRUCK,0,,,,0x0000010800000000000000000000000000000000000000000000000000000000,1,0,0
0,0,0,,0,1,F,0,,,,0x0000800000000000000000000000000000000000000000000000000000000000,0,0,0
0,0,0,,0,1,F426,0,,F426,F,0x0000000000000000000000000000000000000000000000000000000000000000,1,0,0
0,0,0,,0,1,FB,0,,,FB,0x0000000000000000000000000000000000000000000000000000000000000000,1,0,0
0,0,0,,0,1,FE,0,,,E,0x0100000000000000000000000000000000000000000000000000000000000000,1,0,0
0,0,0,,0,1,FSU,0,,,FSU,0x0000000000000000000000000000000000000000000000000000000000000000,1,0,0
0,0,0,,0,1,FSU_443,0,,FSU443,,0x0000000000000000000000000000000000000000000000000000000000000000,0,0,0
0,0,0,,0,1,FSU_443B,0,,FSU443B,,0x0000000000000000000000000000000000000000000000000000000000000000,0,0,0
0,0,0,,0,1,HAZMAT ATTRIBUTE,0,,,,0x0400000000000000000000000000000000000000000000000000000000000000,1,0,0
0,0,0,,0,1,HELO,0,,,H,0x0000000000000000000000000000000000000000000000000000000000000000,1,0,0
0,0,0,,0,1,HM,0,,,HM,0x0000000000000000000000000000000000000000000000000000000000000000,1,0,0
0,0,0,,0,1,HM401,0,,HM401,,0x0000000000000000000000000000000000000000000000000000000000000000,1,0,0
0,0,0,,0,1,HM401M,0,,HM401M,,0x0000000000000000000000000000000000000000000000000000000000000000,1,0,0
0,0,0,,0,1,HM440,0,,HM440,,0x0000000000000000000000000000000000000000000000000000000000000000,1,0,0
0,0,0,,0,1,HM440M,0,,HM440M,,0x0000000000000000000000000000000000000000000000000000000000000000,1,0,0
0,0,0,,0,1,HMS,0,,,HMS,0x0000000000000000000000000000000000000000000000000000000000000000,1,0,0
0,0,0,,0,1,HMS401,0,,HMS401,,0x0000000000000000000000000000000000000000000000000000000000000000,0,0,0
0,0,0,,0,1,HMS440,0,,HMS440,,0x0000000000000000000000000000000000000000000000000000000000000000,0,0,0
0,0,0,,0,1,HV,0,,,HV,0x0000000000000000000000000000000000000000000000000000000000000000,1,0,0
0,0,1,,0,1,IV,0,,,,0x0000000000000000000000000000000000000000000000000000000000000000,0,0,0
0,0,0,,0,1,K,0,,,K,0x0000000000000000000000000000000000000000000000000000000000000000,1,0,0
0,0,0,,0,1,K9,0,,,K9,0x0000000000000000000000000000000000000000000000000000000000000000,1,0,0
0,0,1,,0,1,K9DR,0,,,K9,0x0000000000000000000000000000000000000000000000000000000000000000,1,0,0
0,0,1,,0,1,K9DRUG,0,,,K9,0x0000000000000000000000000000000000000000000000000000000000000000,1,0,0
0,0,1,,0,1,K9PA,0,,,K9,0x0000000000000000000000000000000000000000000000000000000000000000,1,0,0
0,0,1,,0,1,K9PATROL,0,,,K9,0x0000000000000000000000000000000000000000000000000000000000000000,1,0,0
0,0,0,,0,1,LA,0,,,LA,0x0000000000000000000000000000000000000000000000000000000000000000,1,0,0
0,0,0,,0,1,LOG,0,,,LOG,0x0000000000000000000000000000000000000000000000000000000000000000,1,0,0
0,0,0,,0,1,M,0,,,M,0x0000000000000000000000000000000000000000000000000000000000000000,1,0,0
0,3,0,101,0,1,M_101,0,,,M,0x0000000000000000000000000000000000000000000000000000000000000000,1,0,0
0,3,0,102,0,1,M_102,0,,,M,0x0000000000000000000000000000000000000000000000000000000000000000,1,0,0
0,3,0,103,0,1,M_103,0,,,M,0x0000000000000000000000000000000000000000000000000000000000000000,1,0,0
0,3,0,104,0,1,M_104,0,104,,M,0x0000000000000000000000000000000000000000000000000000000000000000,1,0,0
0,3,0,105,0,1,M_105,0,,,M,0x0000000000000000000000000000000000000000000000000000000000000000,1,0,0
0,3,0,106,0,1,M_106,0,,,M,0x0000000000000000000000000000000000000000000000000000000000000000,1,0,0
0,3,0,107,0,1,M_107,0,107,,M,0x0000000000000000000000000000000000000000000000000000000000000000,1,0,0
0,3,0,108,0,1,M_108,0,,,M,0x0000000000000000000000000000000000000000000000000000000000000000,1,0,0
0,3,0,109,0,1,M_109,0,,,M,0x0000000000000000000000000000000000000000000000000000000000000000,1,0,0
0,3,0,110,0,1,M_110,0,,,M,0x0000000000000000000000000000000000000000000000000000000000000000,1,0,0
0,3,0,161,0,1,M_161,0,,,M,0x0000000000000000000000000000000000000000000000000000000000000000,1,0,0
0,3,0,201,0,1,M_201,0,,,M,0x0000000000000000000000000000000000000000000000000000000000000000,1,0,0
0,3,0,202,0,1,M_202,0,,,M,0x0000000000000000000000000000000000000000000000000000000000000000,1,0,0
0,3,0,203,0,1,M_203,0,,,M,0x0000000000000000000000000000000000000000000000000000000000000000,1,0,0
0,3,0,204,0,1,M_204,0,,,M,0x0000000000000000000000000000000000000000000000000000000000000000,1,0,0
0,3,0,205,0,1,M_205,0,,,M,0x0000000000000000000000000000000000000000000000000000000000000000,1,0,0
0,3,0,206,0,1,M_206,0,206,,M,0x0000000000000000000000000000000000000000000000000000000000000000,1,0,0
0,3,0,207,0,1,M_207,0,,,M,0x0000000000000000000000000000000000000000000000000000000000000000,1,0,0
0,3,0,208,0,1,M_208,0,,,M,0x0000000000000000000000000000000000000000000000000000000000000000,1,0,0
0,3,0,209,0,1,M_209,0,,,M,0x0000000000000000000000000000000000000000000000000000000000000000,1,0,0
0,3,0,210,0,1,M_210,0,,,M,0x0000000000000000000000000000000000000000000000000000000000000000,0,0,0
0,3,0,302,0,1,M_302,0,,,M,0x0000000000000000000000000000000000000000000000000000000000000000,1,0,0
0,3,0,303,0,1,M_303,0,,,M,0x0000000000000000000000000000000000000000000000000000000000000000,1,0,0
0,3,0,304,0,1,M_304,0,,,M,0x0000000000000000000000000000000000000000000000000000000000000000,1,0,0
0,3,0,401,0,1,M_401,0,,,M,0x0000000000000000000000000000000000000000000000000000000000000000,1,0,0
0,3,0,402,0,1,M_402,0,,,M,0x0000000000000000000000000000000000000000000000000000000000000000,1,0,0
0,3,0,403,0,1,M_403,0,,,M,0x0000000000000000000000000000000000000000000000000000000000000000,1,0,0
0,3,0,404,0,1,M_404,0,,,M,0x0000000000000000000000000000000000000000000000000000000000000000,1,0,0
0,3,0,405,0,1,M_405,0,,,M,0x0000000000000000000000000000000000000000000000000000000000000000,1,0,0
0,3,0,408,0,1,M_408,0,,,M,0x0000000000000000000000000000000000000000000000000000000000000000,1,0,0
0,3,0,409,0,1,M_409,0,,,M,0x0000000000000000000000000000000000000000000000000000000000000000,1,0,0
0,3,0,410,0,1,M_410,0,,,M,0x0000000000000000000000000000000000000000000000000000000000000000,1,0,0
0,3,0,411,0,1,M_411,0,,,M,0x0000000000000000000000000000000000000000000000000000000000000000,1,0,0
0,3,0,412,0,1,M_412,0,,,M,0x0000000000000000000000000000000000000000000000000000000000000000,1,0,0
0,3,0,413,0,1,M_413,0,,,M,0x0000000000000000000000000000000000000000000000000000000000000000,1,0,0
0,3,0,414,0,1,M_414,0,,,M,0x0000000000000000000000000000000000000000000000000000000000000000,1,0,0
0,3,0,415,0,1,M_415,0,,,M,0x0000000000000000000000000000000000000000000000000000000000000000,1,0,0
0,3,0,416,0,1,M_416,0,,,M,0x0000000000000000000000000000000000000000000000000000000000000000,1,0,0
0,3,0,417,0,1,M_417,0,,,M,0x0000000000000000000000000000000000000000000000000000000000000000,1,0,0
0,3,0,418,0,1,M_418,0,,,M,0x0000000000000000000000000000000000000000000000000000000000000000,1,0,0
0,3,0,419,0,1,M_419,0,,,M,0x0000000000000000000000000000000000000000000000000000000000000000,1,0,0
0,3,0,420,0,1,M_420,0,,,M,0x0000000000000000000000000000000000000000000000000000000000000000,1,0,0
0,3,0,421,0,1,M_421,0,,,M,0x0000000000000000000000000000000000000000000000000000000000000000,1,0,0
0,3,0,422,0,1,M_422,0,,,M,0x0000000000000000000000000000000000000000000000000000000000000000,1,0,0
0,3,0,423,0,1,M_423,0,,,M,0x0000000000000000000000000000000000000000000000000000000000000000,1,0,0
0,3,0,424,0,1,M_424,0,,,M,0x0000000000000000000000000000000000000000000000000000000000000000,1,0,0
0,3,0,425,0,1,M_425,0,,,M,0x0000000000000000000000000000000000000000000000000000000000000000,1,0,0
0,3,0,426,0,1,M_426,0,,,M,0x0000000000000000000000000000000000000000000000000000000000000000,1,0,0
0,3,0,427,0,1,M_427,0,,,M,0x0000000000000000000000000000000000000000000000000000000000000000,1,0,0
0,3,0,428,0,1,M_428,0,,,M,0x0000000000000000000000000000000000000000000000000000000000000000,1,0,0
0,3,0,429,0,1,M_429,0,,,M,0x0000000000000000000000000000000000000000000000000000000000000000,1,0,0
0,3,0,430,0,1,M_430,0,,,M,0x0000000000000000000000000000000000000000000000000000000000000000,1,0,0
0,3,0,431,0,1,M_431,0,,,M,0x0000000000000000000000000000000000000000000000000000000000000000,1,0,0
0,3,0,432,0,1,M_432,0,,,M,0x0000000000000000000000000000000000000000000000000000000000000000,1,0,0
0,3,0,433,0,1,M_433,0,,,M,0x0000000000000000000000000000000000000000000000000000000000000000,1,0,0
0,3,0,434,0,1,M_434,0,,,M,0x0000000000000000000000000000000000000000000000000000000000000000,1,0,0
0,3,0,435,0,1,M_435,0,,,M,0x0000000000000000000000000000000000000000000000000000000000000000,1,0,0
0,3,0,436,0,1,M_436,0,,,M,0x0000000000000000000000000000000000000000000000000000000000000000,1,0,0
0,3,0,437,0,1,M_437,0,,,M,0x0000000000000000000000000000000000000000000000000000000000000000,1,0,0
0,3,0,438,0,1,M_438,0,,,M,0x0000000000000000000000000000000000000000000000000000000000000000,1,0,0
0,3,0,439,0,1,M_439,0,,,M,0x0000000000000000000000000000000000000000000000000000000000000000,1,0,0
0,3,0,440,0,1,M_440,0,,,M,0x0000000000000000000000000000000000000000000000000000000000000000,1,0,0
0,3,0,441,0,1,M_441,0,,,M,0x0000000000000000000000000000000000000000000000000000000000000000,1,0,0
0,3,0,442,0,1,M_442,0,,,M,0x0000000000000000000000000000000000000000000000000000000000000000,1,0,0
0,3,0,444,0,1,M_444,0,,,M,0x0000000000000000000000000000000000000000000000000000000000000000,1,0,0
0,3,0,463,0,1,M_463,0,,,M,0x0000000000000000000000000000000000000000000000000000000000000000,1,0,0
0,3,0,464,0,1,M_464,0,,,M,0x0000000000000000000000000000000000000000000000000000000000000000,1,0,0
0,3,0,466,0,1,M_466,0,,,M,0x0000000000000000000000000000000000000000000000000000000000000000,1,0,0
0,3,0,500,0,1,M_500,0,,,M,0x0000000000000000000000000000000000000000000000000000000000000000,0,0,0
0,3,0,501,0,1,M_501,0,,,M,0x0000000000000000000000000000000000000000000000000000000000000000,1,0,0
0,3,0,502,0,1,M_502,0,,,M,0x0000000000000000000000000000000000000000000000000000000000000000,1,0,0
0,3,0,504,0,1,M_504,0,,,M,0x0000000000000000000000000000000000000000000000000000000000000000,1,0,0
0,3,0,505,0,1,M_505,0,,,M,0x0000000000000000000000000000000000000000000000000000000000000000,1,0,0
0,3,0,506,0,1,M_506,0,,,M,0x0000000000000000000000000000000000000000000000000000000000000000,1,0,0
0,3,0,507,0,1,M_507,0,,,M,0x0000000000000000000000000000000000000000000000000000000000000000,1,0,0
0,3,0,508,0,1,M_508,0,,,M,0x0000000000000000000000000000000000000000000000000000000000000000,1,0,0
0,3,0,509,0,1,M_509,0,,,M,0x0000000000000000000000000000000000000000000000000000000000000000,1,0,0
0,3,0,510,0,1,M_510,0,,,M,0x0000000000000000000000000000000000000000000000000000000000000000,1,0,0
0,3,0,511,0,1,M_511,0,,,M,0x0000000000000000000000000000000000000000000000000000000000000000,1,0,0
0,3,0,512,0,1,M_512,0,,,MOJ,0x0000000000000000000000000000000000000000000000000000000000000000,1,0,0
0,3,0,512,0,1,M_513,0,,,M,0x0000000000000000000000000000000000000000000000000000000000000000,1,0,0
0,3,0,514,0,1,M_514,0,,,M,0x0000000000000000000000000000000000000000000000000000000000000000,1,0,0
0,3,0,520,0,1,M_520,0,,,M,0x0000000000000000000000000000000000000000000000000000000000000000,1,0,0
0,3,0,521,0,1,M_521,0,,,M,0x0000000000000000000000000000000000000000000000000000000000000000,1,0,0
0,3,0,522,0,1,M_522,0,,,M,0x0000000000000000000000000000000000000000000000000000000000000000,1,0,0
0,3,0,523,0,1,M_523,0,,,M,0x0000000000000000000000000000000000000000000000000000000000000000,1,0,0
0,3,0,524,0,1,M_524,0,,,M,0x0000000000000000000000000000000000000000000000000000000000000000,1,0,0
0,3,0,525,0,1,M_525,0,,,M,0x0000000000000000000000000000000000000000000000000000000000000000,1,0,0
0,3,0,609,0,1,M_609,0,,,M,0x0000000000000000000000000000000000000000000000000000000000000000,1,0,0
0,3,0,611,0,1,M_611,0,,,M,0x0000000000000000000000000000000000000000000000000000000000000000,1,0,0
0,3,0,600,0,1,M_615,0,,,M,0x0000000000000000000000000000000000000000000000000000000000000000,1,0,0
0,3,0,618,0,1,M_618,0,,,M,0x0000000000000000000000000000000000000000000000000000000000000000,1,0,0
0,3,0,619,0,1,M_619,0,,,M,0x0000000000000000000000000000000000000000000000000000000000000000,1,0,0
0,3,0,623,0,1,M_623,0,,,M,0x0000000000000000000000000000000000000000000000000000000000000000,1,0,0
0,3,0,624,0,1,M_624,0,,,M,0x0000000000000000000000000000000000000000000000000000000000000000,1,0,0
0,3,0,635,0,1,M_635,0,,,A,0x0000000000000000000000000000000000000000000000000000000000000000,1,0,0
0,3,0,700,0,1,M_706,0,,,M,0x0000000000000000000000000000000000000000000000000000000000000000,1,0,0
0,3,0,710,0,1,M_710,0,,,M,0x0000000000000000000000000000000000000000000000000000000000000000,1,0,0
0,3,0,711,0,1,M_711,0,,,M,0x0000000000000000000000000000000000000000000000000000000000000000,1,0,0
0,3,0,720,0,1,M_720,0,,,M,0x0000000000000000000000000000000000000000000000000000000000000000,1,0,0
0,3,0,726,0,1,M_726,0,,,M,0x0000000000000000000000000000000000000000000000000000000000000000,1,0,0
0,3,0,730,0,1,M_730,0,,,M,0x0000000000000000000000000000000000000000000000000000000000000000,1,0,0
0,3,0,741,0,1,M_741,0,,,M,0x0000000000000000000000000000000000000000000000000000000000000000,1,0,0
0,3,0,821,0,1,M_821,0,,,M,0x0000000000000000000000000000000000000000000000000000000000000000,0,0,0
0,3,0,827,0,1,M_827,0,,,M,0x0000000000000000000000000000000000000000000000000000000000000000,0,0,0
0,3,0,829,0,1,M_829,0,,,M,0x0000000000000000000000000000000000000000000000000000000000000000,0,0,0
0,3,0,832,0,1,M_832,0,,,M,0x0000000000000000000000000000000000000000000000000000000000000000,0,0,0
0,3,0,842,0,1,M_842,0,,,M,0x0000000000000000000000000000000000000000000000000000000000000000,0,0,0
0,3,0,847,0,1,M_847,0,,,M,0x0000000000000000000000000000000000000000000000000000000000000000,0,0,0
0,3,0,858,0,1,M_858,0,,,M,0x0000000000000000000000000000000000000000000000000000000000000000,1,0,0
0,0,0,,0,1,MCP,0,,,MCP,0x0000000000000000000000000000000000000000000000000000000000000000,1,0,0
0,0,0,,0,1,MCU,0,,,MCU,0x0000000000000000000000000000000000000000000000000000000000000000,1,0,0
0,0,0,,0,1,MDU,0,,,MDU,0x0000000000000000000000000000000000000000000000000000000000000000,1,0,0
0,0,0,,0,1,MP,0,,MP01,,0x0000000000000000000000000000000000000000000000000000000000000000,1,0,0
0,0,0,,0,1,OPERATIONS 406,0,,,OPS,0x0000000000000000000000000000000000000000000000000000000000000000,1,0,0
0,0,1,,0,1,OPS BC,0,,,,0x0000000000000000000000000000000000000000000000000000000000000000,0,0,0
0,0,1,,0,1,OPS DC,0,,,,0x0000000000000000000000000000000000000000000000000000000000000000,0,0,0
0,0,1,,0,1,OPS VC,0,,,VC,0x0000000000000000000000000000000000000000000000000000000000000000,0,0,0
0,0,0,,0,1,PARK ENFORCEMENT,0,,,PE,0x0000000000000000000000000000000000000000000000000000000000000000,1,0,0
0,0,0,,0,1,PATROL,0,,,U,0x0000000000000000000000000000000000000000000000000000000000000000,1,0,0
0,0,0,,0,1,PATROL AND SUPV,0,,,U,0x0000000000000000000000000000000000000000000000000000000000000000,1,0,0
0,0,0,,1,1,PATROL AND SUPV,0,,,S,0x0000000000000000000000000000000000000000000000000000000000000000,1,0,0
0,0,1,,0,1,PD_CIT,0,,,,0x0000000000000000000000000000000000000000000000000000000000000000,0,0,0
0,0,0,,0,1,PD_COR,0,,,COR,0x0000000000000000000000000000000000000000000000000000000000000000,0,0,0
0,0,0,,0,1,PLOW,0,,,PLOW,0x0000000000000000000000000000000000000000000000000000000000000000,1,0,0
0,0,1,,0,1,PLOW EQUIPMENT,0,,,,0x0000000000000000000000000000000000000000000000000000000000000000,0,0,0
1,0,0,,0,1,R,0,,,,0x0200000000000000000000000000000000000000000000000000000000000000,1,0,0
0,0,0,,0,1,RE,0,,,E,0x0200000000000000000000000000000000000000000000000000000000000000,1,0,0
0,0,0,,0,1,RE433,0,,RE433,,0x0000000000000000000000000000000000000000000000000000000000000000,1,0,0
0,0,0,,0,1,RE433M,0,,RE433M,,0x0000000000000000000000000000000000000000000000000000000000000000,1,0,0
0,0,0,,0,1,REHAB,0,,,RU,0x0000000000000000000000000000000000000000000000000000000000000000,1,0,0
0,3,0,101,0,1,RESCUE_101,0,,,,0x0200000000000000000000000000000000000000000000000000000000000000,1,0,0
0,3,0,102,0,1,RESCUE_102,0,,,,0x0200000000000000000000000000000000000000000000000000000000000000,1,0,0
0,3,0,103,0,1,RESCUE_103,0,,,,0x0200000000000000000000000000000000000000000000000000000000000000,1,0,0
0,3,0,104,0,1,RESCUE_104,0,,,,0x0200000000000000000000000000000000000000000000000000000000000000,1,0,0
0,3,0,105,0,1,RESCUE_105,0,,,,0x0200000000000000000000000000000000000000000000000000000000000000,1,0,0
0,3,0,106,0,1,RESCUE_106,0,,,,0x0200000000000000000000000000000000000000000000000000000000000000,1,0,0
0,3,0,107,0,1,RESCUE_107,0,107,,,0x0200000000000000000000000000000000000000000000000000000000000000,1,0,0
0,3,0,108,0,1,RESCUE_108,0,,,,0x0200000000000000000000000000000000000000000000000000000000000000,1,0,0
0,3,0,109,0,1,RESCUE_109,0,,,,0x0200000000000000000000000000000000000000000000000000000000000000,1,0,0
0,3,0,110,0,1,RESCUE_110,0,,,,0x0200000000000000000000000000000000000000000000000000000000000000,1,0,0
0,3,0,161,0,1,RESCUE_161,0,,,,0x0200000000000000000000000000000000000000000000000000000000000000,1,0,0
0,3,0,201,0,1,RESCUE_201,0,,,,0x0200000000000000000000000000000000000000000000000000000000000000,1,0,0
0,3,0,202,0,1,RESCUE_202,0,202,,,0x0200000000000000000000000000000000000000000000000000000000000000,1,0,0
0,3,0,203,0,1,RESCUE_203,0,,,,0x0200000000000000000000000000000000000000000000000000000000000000,1,0,0
0,3,0,204,0,1,RESCUE_204,0,204,,,0x0200000000000000000000000000000000000000000000000000000000000000,1,0,0
0,3,0,205,0,1,RESCUE_205,0,,,,0x0200000000000000000000000000000000000000000000000000000000000000,1,0,0
0,3,0,206,0,1,RESCUE_206,0,206,,,0x0200000000000000000000000000000000000000000000000000000000000000,1,0,0
0,3,0,207,0,1,RESCUE_207,0,,,,0x0200000000000000000000000000000000000000000000000000000000000000,1,0,0
0,3,0,208,0,1,RESCUE_208,0,,,,0x0200000000000000000000000000000000000000000000000000000000000000,1,0,0
0,3,0,209,0,1,RESCUE_209,0,,,,0x0200000000000000000000000000000000000000000000000000000000000000,1,0,0
0,3,0,210,0,1,RESCUE_210,0,,,,0x0200000000000000000000000000000000000000000000000000000000000000,0,0,0
0,3,0,302,0,1,RESCUE_302,0,,,,0x0200000000000000000000000000000000000000000000000000000000000000,1,0,0
0,3,0,303,0,1,RESCUE_303,0,,,,0x0200000000000000000000000000000000000000000000000000000000000000,1,0,0
0,3,0,304,0,1,RESCUE_304,0,,,,0x0200000000000000000000000000000000000000000000000000000000000000,1,0,0
0,3,0,401,0,1,RESCUE_401,0,,,,0x0200000000000000000000000000000000000000000000000000000000000000,1,0,0
0,3,0,402,0,1,RESCUE_402,0,,,,0x0200000000000000000000000000000000000000000000000000000000000000,1,0,0
0,3,0,403,0,1,RESCUE_403,0,,,,0x0200000000000000000000000000000000000000000000000000000000000000,1,0,0
0,3,0,404,0,1,RESCUE_404,0,,,,0x0200000000000000000000000000000000000000000000000000000000000000,1,0,0
0,3,0,405,0,1,RESCUE_405,0,,,,0x0200000000000000000000000000000000000000000000000000000000000000,1,0,0
0,3,0,408,0,1,RESCUE_408,0,,,,0x0200000000000000000000000000000000000000000000000000000000000000,1,0,0
0,3,0,409,0,1,RESCUE_409,0,,,,0x0200000000000000000000000000000000000000000000000000000000000000,1,0,0
0,3,0,410,0,1,RESCUE_410,0,,,,0x0200000000000000000000000000000000000000000000000000000000000000,1,0,0
0,3,0,411,0,1,RESCUE_411,0,,,,0x0200000000000000000000000000000000000000000000000000000000000000,1,0,0
0,3,0,412,0,1,RESCUE_412,0,,,,0x0200000000000000000000000000000000000000000000000000000000000000,1,0,0
0,3,0,413,0,1,RESCUE_413,0,,,,0x0200000000000000000000000000000000000000000000000000000000000000,1,0,0
0,3,0,414,0,1,RESCUE_414,0,,,,0x0200000000000000000000000000000000000000000000000000000000000000,1,0,0
0,3,0,415,0,1,RESCUE_415,0,,,,0x0200000000000000000000000000000000000000000000000000000000000000,1,0,0
0,3,0,416,0,1,RESCUE_416,0,,,,0x0200000000000000000000000000000000000000000000000000000000000000,1,0,0
0,3,0,417,0,1,RESCUE_417,0,,,,0x0200000000000000000000000000000000000000000000000000000000000000,1,0,0
0,3,0,418,0,1,RESCUE_418,0,,,,0x0200000000000000000000000000000000000000000000000000000000000000,1,0,0
0,3,0,419,0,1,RESCUE_419,0,,,,0x0200000000000000000000000000000000000000000000000000000000000000,1,0,0
0,3,0,420,0,1,RESCUE_420,0,,,,0x0200000000000000000000000000000000000000000000000000000000000000,1,0,0
0,3,0,421,0,1,RESCUE_421,0,,,,0x0200000000000000000000000000000000000000000000000000000000000000,1,0,0
0,3,0,422,0,1,RESCUE_422,0,,,,0x0200000000000000000000000000000000000000000000000000000000000000,1,0,0
0,3,0,423,0,1,RESCUE_423,0,,,,0x0200000000000000000000000000000000000000000000000000000000000000,1,0,0
0,3,0,424,0,1,RESCUE_424,0,,,,0x0200000000000000000000000000000000000000000000000000000000000000,1,0,0
0,3,0,425,0,1,RESCUE_425,0,,,,0x0200000000000000000000000000000000000000000000000000000000000000,1,0,0
0,3,0,426,0,1,RESCUE_426,0,,,,0x0200000000000000000000000000000000000000000000000000000000000000,1,0,0
0,3,0,427,0,1,RESCUE_427,0,,,,0x0200000000000000000000000000000000000000000000000000000000000000,1,0,0
0,3,0,428,0,1,RESCUE_428,0,,,,0x0200000000000000000000000000000000000000000000000000000000000000,1,0,0
0,3,0,429,0,1,RESCUE_429,0,,,,0x0200000000000000000000000000000000000000000000000000000000000000,1,0,0
0,3,0,430,0,1,RESCUE_430,0,,,,0x0200000000000000000000000000000000000000000000000000000000000000,1,0,0
0,3,0,431,0,1,RESCUE_431,0,,,,0x0200000000000000000000000000000000000000000000000000000000000000,1,0,0
0,3,0,432,0,1,RESCUE_432,0,,,,0x0200000000000000000000000000000000000000000000000000000000000000,1,0,0
0,3,0,433,0,1,RESCUE_433,0,,,,0x0200000000000000000000000000000000000000000000000000000000000000,1,0,0
0,3,0,434,0,1,RESCUE_434,0,,,,0x0200000000000000000000000000000000000000000000000000000000000000,1,0,0
0,3,0,435,0,1,RESCUE_435,0,,,,0x0200000000000000000000000000000000000000000000000000000000000000,1,0,0
0,3,0,436,0,1,RESCUE_436,0,,,,0x0200000000000000000000000000000000000000000000000000000000000000,1,0,0
0,3,0,437,0,1,RESCUE_437,0,,,,0x0200000000000000000000000000000000000000000000000000000000000000,1,0,0
0,3,0,438,0,1,RESCUE_438,0,,,,0x0200000000000000000000000000000000000000000000000000000000000000,1,0,0
0,3,0,439,0,1,RESCUE_439,0,,,,0x0200000000000000000000000000000000000000000000000000000000000000,1,0,0
0,3,0,440,0,1,RESCUE_440,0,,,,0x0200000000000000000000000000000000000000000000000000000000000000,1,0,0
0,3,0,441,0,1,RESCUE_441,0,,,,0x0200000000000000000000000000000000000000000000000000000000000000,1,0,0
0,3,0,442,0,1,RESCUE_442,0,,,,0x0200000000000000000000000000000000000000000000000000000000000000,1,0,0
0,3,0,444,0,1,RESCUE_444,0,,,,0x0200000000000000000000000000000000000000000000000000000000000000,1,0,0
0,3,0,463,0,1,RESCUE_463,0,,,,0x0200000000000000000000000000000000000000000000000000000000000000,1,0,0
0,3,0,464,0,1,RESCUE_464,0,,,,0x0200000000000000000000000000000000000000000000000000000000000000,1,0,0
0,3,0,465,0,1,RESCUE_465,0,,,,0x0200000000000000000000000000000000000000000000000000000000000000,0,0,0
0,3,0,466,0,1,RESCUE_466,0,,,,0x0200000000000000000000000000000000000000000000000000000000000000,1,0,0
0,3,0,500,0,1,RESCUE_500,0,,,,0x0200000000000000000000000000000000000000000000000000000000000000,0,0,0
0,3,0,501,0,1,RESCUE_501,0,,,,0x0200000000000000000000000000000000000000000000000000000000000000,1,0,0
0,3,0,502,0,1,RESCUE_502,0,,,,0x0200000000000000000000000000000000000000000000000000000000000000,1,0,0
0,3,0,504,0,1,RESCUE_504,0,,,,0x0200000000000000000000000000000000000000000000000000000000000000,1,0,0
0,3,0,505,0,1,RESCUE_505,0,,,,0x0200000000000000000000000000000000000000000000000000000000000000,1,0,0
0,3,0,506,0,1,RESCUE_506,0,,,,0x0200000000000000000000000000000000000000000000000000000000000000,1,0,0
0,3,0,507,0,1,RESCUE_507,0,,,,0x0200000000000000000000000000000000000000000000000000000000000000,1,0,0
0,3,0,508,0,1,RESCUE_508,0,,,,0x0200000000000000000000000000000000000000000000000000000000000000,1,0,0
0,3,1,509,0,1,RESCUE_509,0,,,,0x0200000000000000000000000000000000000000000000000000000000000000,1,0,0
0,3,0,510,0,1,RESCUE_510,0,,,,0x0200000000000000000000000000000000000000000000000000000000000000,1,0,0
0,3,0,511,0,1,RESCUE_511,0,,,,0x0200000000000000000000000000000000000000000000000000000000000000,1,0,0
0,3,0,512,0,1,RESCUE_512,0,,,,0x0200000000000000000000000000000000000000000000000000000000000000,1,0,0
0,3,0,512,0,1,RESCUE_513,0,,,,0x0200000000000000000000000000000000000000000000000000000000000000,1,0,0
0,3,0,514,0,1,RESCUE_514,0,,,,0x0200000000000000000000000000000000000000000000000000000000000000,1,0,0
0,3,0,520,0,1,RESCUE_520,0,,,,0x0200000000000000000000000000000000000000000000000000000000000000,1,0,0
0,3,0,521,0,1,RESCUE_521,0,,,,0x0200000000000000000000000000000000000000000000000000000000000000,1,0,0
0,3,0,522,0,1,RESCUE_522,0,,,,0x0200000000000000000000000000000000000000000000000000000000000000,1,0,0
0,3,0,523,0,1,RESCUE_523,0,,,,0x0200000000000000000000000000000000000000000000000000000000000000,1,0,0
0,3,0,524,0,1,RESCUE_524,0,,,,0x0200000000000000000000000000000000000000000000000000000000000000,1,0,0
0,3,0,525,0,1,RESCUE_525,0,,,,0x0200000000000000000000000000000000000000000000000000000000000000,1,0,0
0,3,0,611,0,1,RESCUE_611,0,,,,0x0200000000000000000000000000000000000000000000000000000000000000,1,0,0
0,3,0,600,0,1,RESCUE_615,0,,,,0x0200000000000000000000000000000000000000000000000000000000000000,1,0,0
0,3,0,619,0,1,RESCUE_619,0,,,,0x0200000000000000000000000000000000000000000000000000000000000000,1,0,0
0,3,0,623,0,1,RESCUE_623,0,,,,0x0200000000000000000000000000000000000000000000000000000000000000,1,0,0
0,3,0,624,0,1,RESCUE_624,0,,,,0x0200000000000000000000000000000000000000000000000000000000000000,1,0,0
0,3,0,635,0,1,RESCUE_635,0,,,,0x0200000000000000000000000000000000000000000000000000000000000000,1,0,0
0,3,0,700,0,1,RESCUE_706,0,,,,0x0200000000000000000000000000000000000000000000000000000000000000,1,0,0
0,3,0,710,0,1,RESCUE_710,0,,,,0x0200000000000000000000000000000000000000000000000000000000000000,1,0,0
0,3,0,711,0,1,RESCUE_711,0,,,,0x0200000000000000000000000000000000000000000000000000000000000000,1,0,0
0,3,0,720,0,1,RESCUE_720,0,,,,0x0200000000000000000000000000000000000000000000000000000000000000,0,0,0
0,3,0,726,0,1,RESCUE_726,0,,,,0x0200000000000000000000000000000000000000000000000000000000000000,1,0,0
0,3,0,730,0,1,RESCUE_730,0,,,,0x0200000000000000000000000000000000000000000000000000000000000000,1,0,0
0,3,0,741,0,1,RESCUE_741,0,,,,0x0200000000000000000000000000000000000000000000000000000000000000,0,0,0
0,3,0,821,0,1,RESCUE_821,0,,,,0x0200000000000000000000000000000000000000000000000000000000000000,1,0,0
0,3,0,827,0,1,RESCUE_827,0,,,,0x0200000000000000000000000000000000000000000000000000000000000000,0,0,0
0,3,0,829,0,1,RESCUE_829,0,,,,0x0200000000000000000000000000000000000000000000000000000000000000,0,0,0
0,3,0,832,0,1,RESCUE_832,0,,,,0x0200000000000000000000000000000000000000000000000000000000000000,0,0,0
0,3,0,842,0,1,RESCUE_842,0,,,,0x0200000000000000000000000000000000000000000000000000000000000000,0,0,0
0,3,0,847,0,1,RESCUE_847,0,,,,0x0200000000000000000000000000000000000000000000000000000000000000,0,0,0
0,3,0,858,0,1,RESCUE_858,0,,,,0x0200000000000000000000000000000000000000000000000000000000000000,0,0,0
0,0,0,,0,1,RH,0,,,R,0x0400000000000000000000000000000000000000000000000000000000000000,1,0,0
0,0,0,,0,1,ROAD,0,,,RD,0x0000000000000000000000000000000000000000000000000000000000000000,1,0,0
0,0,1,,0,1,RSI,0,,,,0x0000000000000000000000000000000000000000000000000000000000000000,0,0,0
0,0,0,,0,1,RT,0,,,R,0x1000000000000000000000000000000000000000000000000000000000000000,1,0,0
0,0,0,,0,1,SAF,0,,,SAF,0x0000000000000000000000000000000000000000000000000000000000000000,1,0,0
0,0,0,,0,1,SAFADM,0,,,SAFADM,0x0000000000000000000000000000000000000000000000000000000000000000,1,0,0
0,0,0,,0,1,SHERIFF SUPERVISOR,0,,,SPVSHF,0x0000000000000000000000000000000000000000000000000000000000000000,1,0,0
0,0,0,,0,1,SHF,0,,,SHF,0x0000000000000000000000000000000000000000000000000000000000000000,1,0,0
0,0,0,,0,1,SHU,0,,,SHU,0x0000000000000000000000000000000000000000000000000000000000000000,1,0,0
0,0,0,,0,1,SUPPRESSION UNIT,0,,,,0x0000080000000000000000000000000000000000000000000000000000000000,1,0,0
0,0,0,,0,1,SUPV,0,,,S,0x0000000000000000000000000000000000000000000000000000000000000000,1,0,0
0,0,0,,0,1,SW,0,,,SW,0x0000000000000000000000000000000000000000000000000000000000000000,1,0,0
0,3,0,710,0,1,SW_710,0,,,SWOJ,0x0000000000000000000000000000000000000000000000000000000000000000,1,0,0
0,3,0,714,0,1,SW_714,0,,,SWOJ,0x0000000000000000000000000000000000000000000000000000000000000000,1,0,0
0,3,0,725,0,1,SW_725,0,,,SWOJ,0x0000000000000000000000000000000000000000000000000000000000000000,1,0,0
0,3,0,729,0,1,SW_729,0,,,SWOJ,0x0000000000000000000000000000000000000000000000000000000000000000,1,0,0
0,3,0,730,0,1,SW_730,0,,,SWOJ,0x0000000000000000000000000000000000000000000000000000000000000000,1,0,0
0,3,0,731,0,1,SW_731,0,,,SWOJ,0x0000000000000000000000000000000000000000000000000000000000000000,1,0,0
0,0,0,,0,1,SYS,0,,,SYS,0x0000000000000000000000000000000000000000000000000000000000000000,1,0,0
0,0,0,,0,1,T,0,,,,0x0000010000000000000000000000000000000000000000000000000000000000,1,0,0
0,0,0,,0,1,T_Truck ,0,,,T,0x0000010000000000000000000000000000000000000000000000000000000000,1,0,0
0,0,0,,0,1,TBD UFO,0,,,E,0x0000000000000000000000000000000000000000000000000000000000000000,1,0,0
0,0,0,,0,1,TL,0,,,TL,0x0000010000000000000000000000000000000000000000000000000000000000,1,0,0
0,0,0,,0,1,TR,0,,,TR,0x0000000000000000000000000000000000000000000000000000000000000000,1,0,0
0,0,0,,0,1,TRAF ENFORCEMENT,0,,,TEO,0x0000000000000000000000000000000000000000000000000000000000000000,1,0,0
0,0,0,,0,1,TRANSPORT UNIT,0,,,,0x0010000000000000000000000000000000000000000000000000000000000000,1,0,0
0,0,0,,0,1,TRS,0,,,TRS,0x0000000000000000000000000000000000000000000000000000000000000000,1,0,0
0,3,0,101,0,1,TRUCK_101,0,,,,0x0000010000000000000000000000000000000000000000000000000000000000,1,0,0
0,3,0,102,0,1,TRUCK_102,0,,,,0x0000010000000000000000000000000000000000000000000000000000000000,1,0,0
0,3,0,103,0,1,TRUCK_103,0,,,,0x0000010000000000000000000000000000000000000000000000000000000000,1,0,0
0,3,0,104,0,1,TRUCK_104,0,,,,0x0000010000000000000000000000000000000000000000000000000000000000,1,0,0
0,3,0,105,0,1,TRUCK_105,0,,,,0x0000010000000000000000000000000000000000000000000000000000000000,1,0,0
0,3,0,106,0,1,TRUCK_106,0,,,,0x0000010000000000000000000000000000000000000000000000000000000000,1,0,0
0,3,0,107,0,1,TRUCK_107,0,107,,,0x0000010000000000000000000000000000000000000000000000000000000000,1,0,0
0,3,0,108,0,1,TRUCK_108,0,,,,0x0000010000000000000000000000000000000000000000000000000000000000,1,0,0
0,3,0,109,0,1,TRUCK_109,0,,,,0x0000010000000000000000000000000000000000000000000000000000000000,1,0,0
0,3,0,110,0,1,TRUCK_110,0,,,,0x0000010000000000000000000000000000000000000000000000000000000000,1,0,0
0,3,0,161,0,1,TRUCK_161,0,,,,0x0000010000000000000000000000000000000000000000000000000000000000,1,0,0
0,3,0,201,0,1,TRUCK_201,0,,,,0x0000010000000000000000000000000000000000000000000000000000000000,1,0,0
0,3,0,202,0,1,TRUCK_202,0,202,,,0x0000010000000000000000000000000000000000000000000000000000000000,1,0,0
0,3,0,203,0,1,TRUCK_203,0,,,,0x0000010000000000000000000000000000000000000000000000000000000000,1,0,0
0,3,0,204,0,1,TRUCK_204,0,204,,,0x0000010000000000000000000000000000000000000000000000000000000000,1,0,0
0,3,0,205,0,1,TRUCK_205,0,,,,0x0000010000000000000000000000000000000000000000000000000000000000,1,0,0
0,3,0,206,0,1,TRUCK_206,0,206,,,0x0000010000000000000000000000000000000000000000000000000000000000,1,0,0
0,3,0,207,0,1,TRUCK_207,0,,,,0x0000010000000000000000000000000000000000000000000000000000000000,1,0,0
0,3,0,208,0,1,TRUCK_208,0,,,,0x0000010000000000000000000000000000000000000000000000000000000000,1,0,0
0,3,0,209,0,1,TRUCK_209,0,,,,0x0000010000000000000000000000000000000000000000000000000000000000,1,0,0
0,3,0,210,0,1,TRUCK_210,0,,,,0x0000010000000000000000000000000000000000000000000000000000000000,0,0,0
0,3,0,302,0,1,TRUCK_302,0,,,,0x0000010000000000000000000000000000000000000000000000000000000000,1,0,0
0,3,0,303,0,1,TRUCK_303,0,,,,0x0000010000000000000000000000000000000000000000000000000000000000,1,0,0
0,3,0,304,0,1,TRUCK_304,0,,,,0x0000010000000000000000000000000000000000000000000000000000000000,1,0,0
0,3,0,401,0,1,TRUCK_401,0,,,,0x0000010000000000000000000000000000000000000000000000000000000000,1,0,0
0,3,0,402,0,1,TRUCK_402,0,,,,0x0000010000000000000000000000000000000000000000000000000000000000,1,0,0
0,3,0,403,0,1,TRUCK_403,0,,,,0x0000010000000000000000000000000000000000000000000000000000000000,1,0,0
0,3,0,404,0,1,TRUCK_404,0,,,,0x0000010000000000000000000000000000000000000000000000000000000000,1,0,0
0,3,0,405,0,1,TRUCK_405,0,,,,0x0000010000000000000000000000000000000000000000000000000000000000,1,0,0
0,3,0,408,0,1,TRUCK_408,0,,,,0x0000010000000000000000000000000000000000000000000000000000000000,1,0,0
0,3,0,409,0,1,TRUCK_409,0,,,,0x0000010000000000000000000000000000000000000000000000000000000000,1,0,0
0,3,0,410,0,1,TRUCK_410,0,,,,0x0000010000000000000000000000000000000000000000000000000000000000,1,0,0
0,3,0,411,0,1,TRUCK_411,0,,,,0x0000010000000000000000000000000000000000000000000000000000000000,1,0,0
0,3,0,412,0,1,TRUCK_412,0,,,,0x0000010000000000000000000000000000000000000000000000000000000000,1,0,0
0,3,0,413,0,1,TRUCK_413,0,,,,0x0000010000000000000000000000000000000000000000000000000000000000,1,0,0
0,3,0,414,0,1,TRUCK_414,0,,,,0x0000010000000000000000000000000000000000000000000000000000000000,1,0,0
0,3,0,415,0,1,TRUCK_415,0,,,,0x0000010000000000000000000000000000000000000000000000000000000000,1,0,0
0,3,0,416,0,1,TRUCK_416,0,,,,0x0000010000000000000000000000000000000000000000000000000000000000,1,0,0
0,3,0,417,0,1,TRUCK_417,0,,,,0x0000010000000000000000000000000000000000000000000000000000000000,1,0,0
0,3,0,418,0,1,TRUCK_418,0,,,,0x0000010000000000000000000000000000000000000000000000000000000000,1,0,0
0,3,0,419,0,1,TRUCK_419,0,,,,0x0000010000000000000000000000000000000000000000000000000000000000,1,0,0
0,3,0,420,0,1,TRUCK_420,0,,,,0x0000010000000000000000000000000000000000000000000000000000000000,1,0,0
0,3,0,421,0,1,TRUCK_421,0,,,,0x0000010000000000000000000000000000000000000000000000000000000000,1,0,0
0,3,0,422,0,1,TRUCK_422,0,,,,0x0000010000000000000000000000000000000000000000000000000000000000,1,0,0
0,3,0,423,0,1,TRUCK_423,0,,,,0x0000010000000000000000000000000000000000000000000000000000000000,1,0,0
0,3,0,424,0,1,TRUCK_424,0,,,,0x0000010000000000000000000000000000000000000000000000000000000000,1,0,0
0,3,0,425,0,1,TRUCK_425,0,,,,0x0000010000000000000000000000000000000000000000000000000000000000,1,0,0
0,3,0,426,0,1,TRUCK_426,0,,,,0x0000010000000000000000000000000000000000000000000000000000000000,1,0,0
0,3,0,427,0,1,TRUCK_427,0,,,,0x0000010000000000000000000000000000000000000000000000000000000000,1,0,0
0,3,0,428,0,1,TRUCK_428,0,,,,0x0000010000000000000000000000000000000000000000000000000000000000,1,0,0
0,3,0,429,0,1,TRUCK_429,0,,,,0x0000010000000000000000000000000000000000000000000000000000000000,1,0,0
0,3,0,430,0,1,TRUCK_430,0,,,,0x0000010000000000000000000000000000000000000000000000000000000000,1,0,0
0,3,0,431,0,1,TRUCK_431,0,,,,0x0000010000000000000000000000000000000000000000000000000000000000,1,0,0
0,3,0,432,0,1,TRUCK_432,0,,,,0x0000010000000000000000000000000000000000000000000000000000000000,1,0,0
0,3,0,433,0,1,TRUCK_433,0,,,,0x0000010000000000000000000000000000000000000000000000000000000000,1,0,0
0,3,0,434,0,1,TRUCK_434,0,,,,0x0000010000000000000000000000000000000000000000000000000000000000,1,0,0
0,3,0,435,0,1,TRUCK_435,0,,,,0x0000010000000000000000000000000000000000000000000000000000000000,1,0,0
0,3,0,436,0,1,TRUCK_436,0,,,,0x0000010000000000000000000000000000000000000000000000000000000000,1,0,0
0,3,0,437,0,1,TRUCK_437,0,,,,0x0000010000000000000000000000000000000000000000000000000000000000,1,0,0
0,3,0,438,0,1,TRUCK_438,0,,,,0x0000010000000000000000000000000000000000000000000000000000000000,1,0,0
0,3,0,439,0,1,TRUCK_439,0,,,,0x0000010000000000000000000000000000000000000000000000000000000000,1,0,0
0,3,0,440,0,1,TRUCK_440,0,,,,0x0000010000000000000000000000000000000000000000000000000000000000,1,0,0
0,3,0,441,0,1,TRUCK_441,0,,,,0x0000010000000000000000000000000000000000000000000000000000000000,1,0,0
0,3,0,442,0,1,TRUCK_442,0,,,,0x0000010000000000000000000000000000000000000000000000000000000000,1,0,0
0,3,0,444,0,1,TRUCK_444,0,,,,0x0000010000000000000000000000000000000000000000000000000000000000,1,0,0
0,3,0,463,0,1,TRUCK_463,0,,,,0x0000010000000000000000000000000000000000000000000000000000000000,1,0,0
0,3,0,464,0,1,TRUCK_464,0,,,,0x0000010000000000000000000000000000000000000000000000000000000000,1,0,0
0,3,0,465,0,1,TRUCK_465,0,,,,0x0000010000000000000000000000000000000000000000000000000000000000,0,0,0
0,3,0,466,0,1,TRUCK_466,0,,,,0x0000010000000000000000000000000000000000000000000000000000000000,1,0,0
0,3,0,500,0,1,TRUCK_500,0,,,,0x0000010000000000000000000000000000000000000000000000000000000000,0,0,0
0,3,0,501,0,1,TRUCK_501,0,,,,0x0000010000000000000000000000000000000000000000000000000000000000,1,0,0
0,3,0,502,0,1,TRUCK_502,0,,,,0x0000010000000000000000000000000000000000000000000000000000000000,1,0,0
0,3,0,504,0,1,TRUCK_504,0,,,,0x0000010000000000000000000000000000000000000000000000000000000000,1,0,0
0,3,0,505,0,1,TRUCK_505,0,,,,0x0000010000000000000000000000000000000000000000000000000000000000,1,0,0
0,3,0,506,0,1,TRUCK_506,0,,,,0x0000010000000000000000000000000000000000000000000000000000000000,1,0,0
0,3,0,507,0,1,TRUCK_507,0,,,,0x0000010000000000000000000000000000000000000000000000000000000000,1,0,0
0,3,0,508,0,1,TRUCK_508,0,,,,0x0000010000000000000000000000000000000000000000000000000000000000,1,0,0
0,3,0,509,0,1,TRUCK_509,0,,,,0x0000010000000000000000000000000000000000000000000000000000000000,1,0,0
0,3,0,510,0,1,TRUCK_510,0,,,,0x0000010000000000000000000000000000000000000000000000000000000000,1,0,0
0,3,0,511,0,1,TRUCK_511,0,,,,0x0000010000000000000000000000000000000000000000000000000000000000,1,0,0
0,3,0,512,0,1,TRUCK_512,0,,,,0x0000010000000000000000000000000000000000000000000000000000000000,1,0,0
0,3,0,512,0,1,TRUCK_513,0,,,,0x0000010000000000000000000000000000000000000000000000000000000000,1,0,0
0,3,0,514,0,1,TRUCK_514,0,,,,0x0000010000000000000000000000000000000000000000000000000000000000,1,0,0
0,3,0,520,0,1,TRUCK_520,0,,,,0x0000010000000000000000000000000000000000000000000000000000000000,1,0,0
0,3,0,521,0,1,TRUCK_521,0,204,,,0x0000010000000000000000000000000000000000000000000000000000000000,1,0,0
0,3,0,522,0,1,TRUCK_522,0,,,,0x0000010000000000000000000000000000000000000000000000000000000000,1,0,0
0,3,0,523,0,1,TRUCK_523,0,,,,0x0000010000000000000000000000000000000000000000000000000000000000,1,0,0
0,3,0,524,0,1,TRUCK_524,0,,,,0x0000010000000000000000000000000000000000000000000000000000000000,1,0,0
0,3,0,525,0,1,TRUCK_525,0,,,,0x0000010000000000000000000000000000000000000000000000000000000000,1,0,0
0,3,0,611,0,1,TRUCK_611,0,,,,0x0000010000000000000000000000000000000000000000000000000000000000,1,0,0
0,3,0,600,0,1,TRUCK_615,0,,,,0x0000010000000000000000000000000000000000000000000000000000000000,1,0,0
0,3,0,619,0,1,TRUCK_619,0,,,,0x0000010000000000000000000000000000000000000000000000000000000000,1,0,0
0,3,0,623,0,1,TRUCK_623,0,,,,0x0000010000000000000000000000000000000000000000000000000000000000,1,0,0
0,3,0,624,0,1,TRUCK_624,0,,,,0x0000010000000000000000000000000000000000000000000000000000000000,1,0,0
0,3,0,635,0,1,TRUCK_635,0,,,,0x0000010000000000000000000000000000000000000000000000000000000000,1,0,0
0,3,0,700,0,1,TRUCK_706,0,,,,0x0000010000000000000000000000000000000000000000000000000000000000,1,0,0
0,3,0,710,0,1,TRUCK_710,0,,,,0x0000010000000000000000000000000000000000000000000000000000000000,1,0,0
0,3,0,711,0,1,TRUCK_711,0,,,,0x0000010000000000000000000000000000000000000000000000000000000000,1,0,0
0,3,0,720,0,1,TRUCK_720,0,,,,0x0000010000000000000000000000000000000000000000000000000000000000,1,0,0
0,3,0,726,0,1,TRUCK_726,0,,,,0x0000010000000000000000000000000000000000000000000000000000000000,1,0,0
0,3,0,730,0,1,TRUCK_730,0,,,,0x0000010000000000000000000000000000000000000000000000000000000000,1,0,0
0,3,0,741,0,1,TRUCK_741,0,,,,0x0000010000000000000000000000000000000000000000000000000000000000,1,0,0
0,3,0,821,0,1,TRUCK_821,0,,,,0x0000010000000000000000000000000000000000000000000000000000000000,1,0,0
0,3,0,827,0,1,TRUCK_827,0,,,,0x0000010000000000000000000000000000000000000000000000000000000000,0,0,0
0,3,0,829,0,1,TRUCK_829,0,,,,0x0000010000000000000000000000000000000000000000000000000000000000,0,0,0
0,3,0,832,0,1,TRUCK_832,0,,,,0x0000010000000000000000000000000000000000000000000000000000000000,0,0,0
0,3,0,842,0,1,TRUCK_842,0,,,,0x0000010000000000000000000000000000000000000000000000000000000000,0,0,0
0,3,0,847,0,1,TRUCK_847,0,,,,0x0000010000000000000000000000000000000000000000000000000000000000,0,0,0
0,3,0,858,0,1,TRUCK_858,0,,,,0x0000010000000000000000000000000000000000000000000000000000000000,0,0,0
0,0,0,,0,1,TT,0,,,TT,0x0000010000000000000000000000000000000000000000000000000000000000,1,0,0
0,0,0,,0,1,USARK9,0,,,USARK9,0x0000000000000000000000000000000000000000000000000000000000000000,0,0,0
0,0,0,,0,1,UT,0,,,UT,0x0000000000000000000000000000000000000000000000000000000000000000,1,0,0
0,0,0,,0,1,UTV,0,,,UTV,0x0000000000000000000000000000000000000000000000000000000000000000,0,0,0
0,0,1,,0,1,VENT,0,,,,0x0000000000000000000000000000000000000000000000000000000000000000,0,0,0
