resp_plan_name,resp_type,item_rows,unique_items,is_ad_hoc
0-BACKUP,1,2,2,True
1BLOODHOUND,0,1,1,False
1SHERIFF,0,1,1,False
1SHERIFF_SUPERVISOR,0,1,1,False
1SHF-1PD,0,2,2,False
1TASKFORCE_UFO,0,4,3,False
2ND_ALARM,0,30,17,False
2ND_ALARM_FHOU,0,28,16,False
3RD_ALARM,0,26,15,False
3RD_ALARM_FHOU,0,27,16,False
4TH_ALARM_PLUS,0,23,12,False
5PATROL,0,4,4,False
ABIOHZ,0,62,40,False
ACCIBF_COND1,0,30,15,False
ACCIBF_COND2/3,0,17,7,False
ACCIBF_HWY,0,1,1,False
ACCIF,0,9,2,False
ACCIF_HWY,0,7,3,False
ACCIHF,0,1,1,False
ACCIHF_HWY,0,1,1,False
ACCIMF,0,27,12,False
ACCIMF_HWY,0,23,13,False
ACCITF_COND1,0,36,19,False
ACCITF_COND2/3,0,18,9,False
ACCITF_HWY,0,36,19,False
ACOD,0,4,1,False
ACOM,0,4,2,False
ACOM_COND2/3,0,4,1,False
AFR_ALS,0,31,8,False
AFR_ASLTWF,0,18,6,False
AFR_CPRF,0,77,21,False
AFR_DROWNF,0,18,6,False
AFR_ODF,0,17,5,False
AFR_SHOTF_COND1,0,37,20,False
AFR_SHOTF_COND2/3,0,24,10,False
AFR_STABF_COND1,0,37,20,False
AFR_STABF_COND2/3,0,24,10,False
AFR_SUIAF_COND1,0,18,6,False
AFR_SUIAF_COND2/3,0,21,6,False
AIRF,0,57,36,False
AIRF_RURAL,0,58,37,False
ALPHA,0,46,14,False
ALPHA_DRAFT,0,46,14,False
AMB_ACCIBF_COND1,0,20,9,False
AMB_ACCIBF_COND2/3,0,12,4,False
AMB_ACCIF,0,8,3,False
AMB_ACCIHF,0,1,1,False
AMB_ACCIMF,0,17,9,False
AMB_ACCITF_COND1,0,23,14,False
AMB_ACCITF_COND2/3,0,13,9,False
AMB_AFR_AMED_COND 1/2,0,34,11,False
AMB_AFR_AMED_COND3,0,3,1,False
AMB_AFR_ASLTWF,0,36,12,False
AMB_AFR_CPRF,0,80,24,False
AMB_AFR_DROWNF,0,36,12,False
AMB_AFR_ODF,0,30,9,False
AMB_AFR_SHOTF_COND1,0,49,23,False
AMB_AFR_SHOTF_COND2/3,0,39,13,False
AMB_AFR_STABF_COND1,0,48,23,False
AMB_AFR_STABF_COND2/3,0,38,13,False
AMB_AFR_SUIAF_COND1,0,35,12,False
AMB_AFR_SUIAF_COND2/3,0,37,12,False
AMB_ALPHA,0,17,7,False
AMB_BLOODF,0,3,2,False
AMB_ECOD,0,9,3,False
AMB_ETRAINF,0,11,7,False
AMB_FACCIF_COND_1,0,21,12,False
AMB_FACCIF_COND_2,0,16,8,False
AMB_FACCIF_COND_3,0,16,7,False
AMB_FDACCIF,0,15,6,False
AMB_FDACCIMF,0,17,9,False
AMB_FDACCITF,0,23,16,False
AMB_RWATER_COND1,0,27,15,False
AMB_RWATER_COND2,0,24,14,False
AMB_RWATER_COND3,0,22,12,False
AMED,0,8,1,False
AMED COND_3,0,3,1,False
ARES,0,1,1,False
BLOODF,0,3,2,False
BRAVO,0,17,5,False
CAVEIN COND_1/2,0,39,23,False
CAVEIN COND_3,0,14,8,False
CHARLIE,0,22,8,False
CHARLIE COND_2/3,0,9,3,False
ECOD,0,6,2,False
ELEV,0,4,2,False
ELEV COND_2/3,0,4,1,False
EMETROF COND_1,0,31,14,False
EMETROF COND_2/3,0,18,7,False
ETRAINF,0,32,14,False
EXPLOF COND_1,0,54,32,False
EXPLOF COND_2,0,27,18,False
EXPLOF COND_3,0,15,9,False
EXPLOF_RURAL_COND1,0,55,33,False
EXPLOF_RURAL_COND2,0,28,19,False
EXPLOF_RURAL_COND3,0,16,10,False
FACCIF_COND_1,0,32,15,False
FACCIF_COND_2,0,16,6,False
FACCIF_COND_3,0,16,5,False
FACCIF_HWY,0,20,10,False
FBLDG,0,50,27,False
FBLDG_FTBV,0,46,24,False
FBLDG_MALL,0,48,26,False
FBLDG_RURAL,0,2,2,False
FBLDG_RURAL_COND3,0,51,28,False
FBLDG_TANKER,0,52,29,False
FBOAT_COND1,0,24,14,False
FBOAT_COND2/3,0,11,7,False
FBULK,0,60,39,False
FD-APP_1A,1,1,1,True
FD-APP_1AB,1,1,1,True
FD-APP_1AFR,1,4,1,True
FD-APP_1ALS_PROVIDER,1,7,2,True
FD-APP_1ATV,1,2,1,True
FD-APP_1BC,1,4,1,True
FD-APP_1BC-CITY,1,1,1,True
FD-APP_1BC-COUNTY,1,2,1,True
FD-APP_1BMT,1,5,2,True
FD-APP_1BR,1,1,1,True
FD-APP_1BTI,1,1,1,True
FD-APP_1BU,0,1,1,False
FD-APP_1BUS,1,1,1,True
FD-APP_1CAN,1,1,1,True
FD-APP_1CSU,1,1,1,True
FD-APP_1E,1,1,1,True
FD-APP_1EMS_OR_ALS_SPECIALIST,1,2,1,True
FD-APP_1F,1,2,1,True
FD-APP_1FB,1,1,1,True
FD-APP_1FDU,1,1,1,True
FD-APP_1FE,1,1,1,True
FD-APP_1FSU,1,1,1,True
FD-APP_1HAZMAT RESOURCE,1,4,1,True
FD-APP_1HM,1,5,4,True
FD-APP_1HMS,1,2,2,True
FD-APP_1HV,1,1,1,True
FD-APP_1IV,1,1,1,True
FD-APP_1K,1,1,1,True
FD-APP_1LA,1,1,1,True
FD-APP_1M,1,1,1,True
FD-APP_1M/A,1,2,1,True
FD-APP_1MCP,1,1,1,True
FD-APP_1MCU,1,3,2,True
FD-APP_1MDU,1,1,1,True
FD-APP_1PARAMEDIC,1,7,2,True
FD-APP_1PLOW,1,2,1,True
FD-APP_1R,1,3,1,True
FD-APP_1REHAB,1,1,1,True
FD-APP_1RH,1,3,1,True
FD-APP_1RT,1,1,1,True
FD-APP_1SAF,1,1,1,True
FD-APP_1SHRU,1,1,1,True
FD-APP_1SPECIAL SERVICE,1,2,1,True
FD-APP_1SUPPRESSION,1,1,1,True
FD-APP_1SW,1,1,1,True
FD-APP_1T,1,1,1,True
FD-APP_1TR,1,1,1,True
FD-APP_1TRANSPORT UNIT,1,2,1,True
FD-APP_1TRS,1,1,1,True
FD-APP_1TRUCK-T,1,1,1,True
FD-APP_1TRUCK-TL,1,1,1,True
FD-APP_1TRUCK-TT,1,1,1,True
FD-APP_1TRUCK-T_or_TL_or_TT,1,3,1,True
FD-APP_1UT,1,1,1,True
FD-APP_1UTV,1,2,1,True
FD-EQUIP_14X4,1,1,1,True
FD-EQUIP_1AFFF (AQUEOUS FILM-FORMING FOAM),1,1,1,True
FD-EQUIP_1ARFF (AIRCRAFT RESCUE FIREFIGHTING-FOAM),1,1,1,True
FD-EQUIP_1AR_FOAM (ALCOHOL-RESISTANT AFFF),1,1,1,True
FD-EQUIP_1BARIATRIC,1,5,2,True
FD-EQUIP_1BLOOD,1,1,1,True
FD-EQUIP_1CAFS,1,1,1,True
FD-EQUIP_1CHAINSAW,1,1,1,True
FD-EQUIP_1PLOW,1,2,1,True
FD-EQUIP_1RSI,1,1,1,True
FD-EQUIP_1USARK9,1,1,1,True
FD-EQUIP_1VENT,1,1,1,True
FD-RESP_GFRESCUE,1,27,15,True
FD-STRIKETEAM_AMBULANCES,1,5,5,True
FD-STRIKETEAM_ENGINES,1,5,5,True
FD-STRIKETEAM_MEDICS,1,5,5,True
FD-STRIKETEAM_RESCUES,1,15,5,True
FD-STRIKETEAM_TANKERS,1,5,5,True
FD-STRIKETEAM_TRANSPORT_UNITS,1,10,5,True
FD-STRIKETEAM_TRUCKS,1,15,5,True
FD-TASKFORCE_BRUSH FIRE,1,13,7,True
FD-TASKFORCE_EMS,1,36,15,True
FD-TASKFORCE_FOAM,1,30,21,True
FD-TASKFORCE_HAZMAT,1,4,3,True
FD-TASKFORCE_HAZMAT INVESTIGATION,1,13,4,True
FD-TASKFORCE_HOSPITAL_REPSONSE,1,26,11,True
FD-TASKFORCE_LZ,1,4,1,True
FD-TASKFORCE_MCI-ALARM,1,88,34,True
FD-TASKFORCE_MCI_ADD_ALARM,1,43,18,True
FD-TASKFORCE_OOJ-HAZMAT,1,12,8,True
FD-TASKFORCE_OOJ-TROT,1,11,9,True
FD-TASKFORCE_POLICE ASSIST,1,14,8,True
FD-TASKFORCE_RIT,1,36,20,True
FD-TASKFORCE_SIGNAL 1F,1,38,18,True
FD-TASKFORCE_SWIFT WATER,1,19,11,True
FD-TASKFORCE_TANKER,1,19,11,True
FD-TASKFORCE_TROT,1,4,4,True
FD-TASKFORCE_TROT INVESTIGATION,1,2,2,True
FD-TASKFORCE_UFO,1,5,3,True
FD-TASKFORCE_WILDERNESS,1,18,9,True
FDACCF COND_1/2,0,3,2,False
FDACCF COND_3,0,4,1,False
FDACCF_HWY,0,8,3,False
FDACCIF,0,14,5,False
FDACCIF_HWY,0,12,6,False
FDACCIMF,0,17,8,False
FDACCIMF_HWY,0,15,9,False
FDACCITF,0,20,12,False
FDACCITF_HWY,0,20,12,False
FGAPT,0,50,27,False
FGAPT_FTBV,0,46,24,False
FHIRIS,0,51,28,False
FHIRIS_FTBV,0,47,25,False
FHOSP,0,52,29,False
FHOSP_FTBV,0,48,26,False
FHOU,0,50,27,False
FHOU_FTBV,0,46,24,False
FHOU_RURAL,0,2,2,False
FHOU_RURAL_COND3,0,51,28,False
FHOU_TANKER,0,52,29,False
FJAIL,0,53,30,False
FJAIL_FTBV,0,50,27,False
FLSLG,0,55,35,False
FLSLG_RURAL,0,56,36,False
FLSSM,0,7,5,False
FLSSM_RURAL,0,8,6,False
FMETROF,0,28,13,False
FMIDRIS,0,51,28,False
FMIDRIS_FTBV,0,47,25,False
FMINVF,0,1,1,False
FMTEST,0,1,1,False
FNH,0,50,27,False
FNH_FTBV,0,46,24,False
FOUT,0,1,1,False
FTANKF,0,57,37,False
FTANKF_HWY,0,57,37,False
FTH,0,50,27,False
FTH_FTBV,0,46,24,False
FTRAINF,0,27,13,False
FTRAINF_RURAL,0,28,14,False
FTRKF_COND1,0,25,12,False
FTRKF_COND2,0,7,4,False
FTRKF_COND3,0,10,4,False
FTRKF_HWY,0,25,12,False
FTRKF_RURAL_COND1,0,26,13,False
FTRKF_RURAL_COND2,0,8,5,False
FTRKF_RURAL_COND3,0,11,5,False
FVEHF_COND1/2,0,3,2,False
FVEHF_COND3,0,1,1,False
FVEHF_HWY,0,3,2,False
FVEHF_RURAL_COND1/2,0,4,3,False
FVEHF_RURAL_COND3,0,2,2,False
GASIN_COND1,0,29,13,False
GASIN_COND2,0,12,6,False
GASIN_COND3,0,13,5,False
GASIN_RURAL_COND1,0,30,14,False
GASIN_RURAL_COND2,0,13,7,False
GASIN_RURAL_COND3,0,14,6,False
GASOUT_COND1/2,0,10,5,False
GASOUT_COND3,0,7,1,False
GFRESCUE,0,41,22,False
GFRESCUE_OPP_SIDE,0,12,12,False
HAZMAT_COND1,0,31,18,False
HAZMAT_COND2/3,0,13,8,False
HAZMAT_HWY,0,31,18,False
HAZMAT_RURAL_COND1,0,32,19,False
HAZMAT_RURAL_COND2/3,0,14,9,False
HWY_BOX_0162_ACCIBF,0,2,2,False
HWY_BOX_0162_ACCIF,0,2,2,False
HWY_BOX_0162_ACCIHF,0,2,2,False
HWY_BOX_0162_ACCIMF,0,2,2,False
HWY_BOX_0162_ACCITF,0,2,2,False
HWY_BOX_0162_ALPHA,0,2,2,False
HWY_BOX_0162_BRAVO,0,2,2,False
HWY_BOX_0162_CHARLIE,0,2,2,False
HWY_BOX_0162_CPRF,0,2,2,False
HWY_BOX_0162_FACCIF,0,2,2,False
HWY_BOX_0162_FDACCF,0,2,2,False
HWY_BOX_0162_FDACCIF,0,2,2,False
HWY_BOX_0162_FDACCIMF,0,2,2,False
HWY_BOX_0162_FDACCITF,0,2,2,False
HWY_BOX_0162_FTANKF,0,2,2,False
HWY_BOX_0162_FTRKF,0,2,2,False
HWY_BOX_0162_FVEHF,0,2,2,False
HWY_BOX_0162_HAZMAT,0,2,2,False
HWY_BOX_0162_ODF,0,2,2,False
HWY_BOX_0162_OPP,0,30,20,False
HWY_BOX_0162_OPP_AFR,0,60,10,False
HWY_BOX_0162_OPP_ENG,0,10,10,False
HWY_BOX_0163_ACCIBF,0,2,2,False
HWY_BOX_0163_ACCIF,0,2,2,False
HWY_BOX_0163_ACCIHF,0,2,2,False
HWY_BOX_0163_ACCIMF,0,2,2,False
HWY_BOX_0163_ACCITF,0,2,2,False
HWY_BOX_0163_ALPHA,0,2,2,False
HWY_BOX_0163_BRAVO,0,2,2,False
HWY_BOX_0163_CHARLIE,0,2,2,False
HWY_BOX_0163_CPRF,0,2,2,False
HWY_BOX_0163_FACCIF,0,2,2,False
HWY_BOX_0163_FDACCF,0,2,2,False
HWY_BOX_0163_FDACCIF,0,2,2,False
HWY_BOX_0163_FDACCIMF,0,2,2,False
HWY_BOX_0163_FDACCITF,0,2,2,False
HWY_BOX_0163_FTANKF,0,2,2,False
HWY_BOX_0163_FTRKF,0,2,2,False
HWY_BOX_0163_FVEHF,0,2,2,False
HWY_BOX_0163_HAZMAT,0,2,2,False
HWY_BOX_0163_ODF,0,2,2,False
HWY_BOX_0163_OPP,0,30,20,False
HWY_BOX_0163_OPP_AFR,0,59,10,False
HWY_BOX_0163_OPP_ENG,0,10,10,False
HWY_BOX_0164_ACCIBF,0,2,2,False
HWY_BOX_0164_ACCIF,0,2,2,False
HWY_BOX_0164_ACCIHF,0,2,2,False
HWY_BOX_0164_ACCIMF,0,2,2,False
HWY_BOX_0164_ACCITF,0,2,2,False
HWY_BOX_0164_ALPHA,0,2,2,False
HWY_BOX_0164_BRAVO,0,2,2,False
HWY_BOX_0164_CHARLIE,0,2,2,False
HWY_BOX_0164_CPRF,0,2,2,False
HWY_BOX_0164_FACCIF,0,2,2,False
HWY_BOX_0164_FDACCF,0,2,2,False
HWY_BOX_0164_FDACCIF,0,2,2,False
HWY_BOX_0164_FDACCIMF,0,2,2,False
HWY_BOX_0164_FDACCITF,0,2,2,False
HWY_BOX_0164_FTANKF,0,2,2,False
HWY_BOX_0164_FTRKF,0,2,2,False
HWY_BOX_0164_FVEHF,0,2,2,False
HWY_BOX_0164_HAZMAT,0,2,2,False
HWY_BOX_0164_ODF,0,2,2,False
HWY_BOX_0164_OPP,0,30,20,False
HWY_BOX_0164_OPP_AFR,0,60,10,False
HWY_BOX_0164_OPP_ENG,0,10,10,False
HWY_BOX_0165_ACCIBF,0,2,2,False
HWY_BOX_0165_ACCIF,0,2,2,False
HWY_BOX_0165_ACCIHF,0,2,2,False
HWY_BOX_0165_ACCIMF,0,2,2,False
HWY_BOX_0165_ACCITF,0,2,2,False
HWY_BOX_0165_ALPHA,0,2,2,False
HWY_BOX_0165_BRAVO,0,2,2,False
HWY_BOX_0165_CHARLIE,0,2,2,False
HWY_BOX_0165_CPRF,0,2,2,False
HWY_BOX_0165_FACCIF,0,2,2,False
HWY_BOX_0165_FDACCF,0,2,2,False
HWY_BOX_0165_FDACCIF,0,2,2,False
HWY_BOX_0165_FDACCIMF,0,2,2,False
HWY_BOX_0165_FDACCITF,0,2,2,False
HWY_BOX_0165_FTANKF,0,2,2,False
HWY_BOX_0165_FTRKF,0,2,2,False
HWY_BOX_0165_FVEHF,0,2,2,False
HWY_BOX_0165_HAZMAT,0,2,2,False
HWY_BOX_0165_ODF,0,2,2,False
HWY_BOX_0165_OPP,0,30,20,False
HWY_BOX_0165_OPP_AFR,0,60,10,False
HWY_BOX_0165_OPP_ENG,0,10,10,False
HWY_BOX_0166_ACCIBF,0,2,2,False
HWY_BOX_0166_ACCIF,0,2,2,False
HWY_BOX_0166_ACCIHF,0,2,2,False
HWY_BOX_0166_ACCIMF,0,2,2,False
HWY_BOX_0166_ACCITF,0,2,2,False
HWY_BOX_0166_ALPHA,0,2,2,False
HWY_BOX_0166_BRAVO,0,2,2,False
HWY_BOX_0166_CHARLIE,0,2,2,False
HWY_BOX_0166_CPRF,0,2,2,False
HWY_BOX_0166_FACCIF,0,2,2,False
HWY_BOX_0166_FDACCF,0,2,2,False
HWY_BOX_0166_FDACCIF,0,2,2,False
HWY_BOX_0166_FDACCIMF,0,2,2,False
HWY_BOX_0166_FDACCITF,0,2,2,False
HWY_BOX_0166_FTANKF,0,2,2,False
HWY_BOX_0166_FTRKF,0,2,2,False
HWY_BOX_0166_FVEHF,0,2,2,False
HWY_BOX_0166_HAZMAT,0,2,2,False
HWY_BOX_0166_ODF,0,2,2,False
HWY_BOX_0166_OPP,0,30,20,False
HWY_BOX_0166_OPP_AFR,0,60,10,False
HWY_BOX_0166_OPP_ENG,0,10,10,False
HWY_BOX_0167_ACCIBF,0,2,2,False
HWY_BOX_0167_ACCIF,0,2,2,False
HWY_BOX_0167_ACCIHF,0,2,2,False
HWY_BOX_0167_ACCIMF,0,2,2,False
HWY_BOX_0167_ACCITF,0,2,2,False
HWY_BOX_0167_ALPHA,0,2,2,False
HWY_BOX_0167_BRAVO,0,2,2,False
HWY_BOX_0167_CHARLIE,0,2,2,False
HWY_BOX_0167_CPRF,0,2,2,False
HWY_BOX_0167_FACCIF,0,2,2,False
HWY_BOX_0167_FDACCF,0,2,2,False
HWY_BOX_0167_FDACCIF,0,2,2,False
HWY_BOX_0167_FDACCIMF,0,2,2,False
HWY_BOX_0167_FDACCITF,0,2,2,False
HWY_BOX_0167_FTANKF,0,2,2,False
HWY_BOX_0167_FTRKF,0,2,2,False
HWY_BOX_0167_FVEHF,0,2,2,False
HWY_BOX_0167_HAZMAT,0,2,2,False
HWY_BOX_0167_ODF,0,2,2,False
HWY_BOX_0167_OPP,0,30,20,False
HWY_BOX_0167_OPP_AFR,0,60,10,False
HWY_BOX_0167_OPP_ENG,0,10,10,False
HWY_BOX_0168_ACCIBF,0,2,2,False
HWY_BOX_0168_ACCIF,0,2,2,False
HWY_BOX_0168_ACCIHF,0,2,2,False
HWY_BOX_0168_ACCIMF,0,2,2,False
HWY_BOX_0168_ACCITF,0,2,2,False
HWY_BOX_0168_ALPHA,0,2,2,False
HWY_BOX_0168_BRAVO,0,2,2,False
HWY_BOX_0168_CHARLIE,0,2,2,False
HWY_BOX_0168_CPRF,0,2,2,False
HWY_BOX_0168_FACCIF,0,2,2,False
HWY_BOX_0168_FDACCF,0,2,2,False
HWY_BOX_0168_FDACCIF,0,2,2,False
HWY_BOX_0168_FDACCIMF,0,2,2,False
HWY_BOX_0168_FDACCITF,0,2,2,False
HWY_BOX_0168_FTANKF,0,2,2,False
HWY_BOX_0168_FTRKF,0,2,2,False
HWY_BOX_0168_FVEHF,0,2,2,False
HWY_BOX_0168_HAZMAT,0,2,2,False
HWY_BOX_0168_ODF,0,2,2,False
HWY_BOX_0168_OPP,0,30,20,False
HWY_BOX_0168_OPP_AFR,0,50,10,False
HWY_BOX_0168_OPP_ENG,0,10,10,False
HWY_BOX_0169_ACCIBF,0,2,2,False
HWY_BOX_0169_ACCIF,0,2,2,False
HWY_BOX_0169_ACCIHF,0,2,2,False
HWY_BOX_0169_ACCIMF,0,2,2,False
HWY_BOX_0169_ACCITF,0,2,2,False
HWY_BOX_0169_ALPHA,0,2,2,False
HWY_BOX_0169_BRAVO,0,2,2,False
HWY_BOX_0169_CHARLIE,0,2,2,False
HWY_BOX_0169_CPRF,0,2,2,False
HWY_BOX_0169_FACCIF,0,2,2,False
HWY_BOX_0169_FDACCF,0,2,2,False
HWY_BOX_0169_FDACCIF,0,2,2,False
HWY_BOX_0169_FDACCIMF,0,2,2,False
HWY_BOX_0169_FDACCITF,0,2,2,False
HWY_BOX_0169_FTANKF,0,2,2,False
HWY_BOX_0169_FTRKf,0,2,2,False
HWY_BOX_0169_FVEHF,0,2,2,False
HWY_BOX_0169_HAZMAT,0,2,2,False
HWY_BOX_0169_ODF,0,2,2,False
HWY_BOX_0169_OPP,0,30,20,False
HWY_BOX_0169_OPP_AFR,0,60,10,False
HWY_BOX_0169_OPP_ENG,0,10,10,False
HWY_BOX_0170_ACCIBF,0,2,2,False
HWY_BOX_0170_ACCIF,0,2,2,False
HWY_BOX_0170_ACCIHF,0,2,2,False
HWY_BOX_0170_ACCIMF,0,2,2,False
HWY_BOX_0170_ACCITF,0,2,2,False
HWY_BOX_0170_ALPHA,0,2,2,False
HWY_BOX_0170_BRAVO,0,2,2,False
HWY_BOX_0170_CHARLIE,0,2,2,False
HWY_BOX_0170_CPRF,0,2,2,False
HWY_BOX_0170_FACCIF,0,2,2,False
HWY_BOX_0170_FDACCF,0,2,2,False
HWY_BOX_0170_FDACCIF,0,2,2,False
HWY_BOX_0170_FDACCIMF,0,2,2,False
HWY_BOX_0170_FDACCITF,0,2,2,False
HWY_BOX_0170_FTANKF,0,2,2,False
HWY_BOX_0170_FTRKF,0,2,2,False
HWY_BOX_0170_FVEHF,0,2,2,False
HWY_BOX_0170_HAZMAT,0,2,2,False
HWY_BOX_0170_ODF,0,2,2,False
HWY_BOX_0170_OPP,0,30,20,False
HWY_BOX_0170_OPP_AFR,0,60,10,False
HWY_BOX_0170_OPP_ENG,0,10,10,False
HWY_BOX_0560_ACCIBF,0,2,2,False
HWY_BOX_0560_ACCIF,0,2,2,False
HWY_BOX_0560_ACCIHF,0,2,2,False
HWY_BOX_0560_ACCIMF,0,2,2,False
HWY_BOX_0560_ACCITF,0,2,2,False
HWY_BOX_0560_ALPHA,0,2,2,False
HWY_BOX_0560_BRAVO,0,2,2,False
HWY_BOX_0560_CHARLIE,0,2,2,False
HWY_BOX_0560_CPRF,0,2,2,False
HWY_BOX_0560_FACCIF,0,2,2,False
HWY_BOX_0560_FDACCF,0,2,2,False
HWY_BOX_0560_FDACCIF,0,2,2,False
HWY_BOX_0560_FDACCIMF,0,2,2,False
HWY_BOX_0560_FDACCITF,0,2,2,False
HWY_BOX_0560_FTANKF,0,2,2,False
HWY_BOX_0560_FTRKF,0,2,2,False
HWY_BOX_0560_FVEHF,0,2,2,False
HWY_BOX_0560_HAZMAT,0,2,2,False
HWY_BOX_0560_ODF,0,2,2,False
HWY_BOX_0560_OPP,0,30,20,False
HWY_BOX_0560_OPP_AFR,0,60,10,False
HWY_BOX_0560_OPP_ENG,0,10,10,False
HWY_BOX_0561_ACCIBF,0,2,2,False
HWY_BOX_0561_ACCIF,0,2,2,False
HWY_BOX_0561_ACCIHF,0,2,2,False
HWY_BOX_0561_ACCIMF,0,2,2,False
HWY_BOX_0561_ACCITF,0,2,2,False
HWY_BOX_0561_ALPHA,0,2,2,False
HWY_BOX_0561_BRAVO,0,2,2,False
HWY_BOX_0561_CHARLIE,0,2,2,False
HWY_BOX_0561_CPRF,0,2,2,False
HWY_BOX_0561_FACCIF,0,2,2,False
HWY_BOX_0561_FDACCF,0,2,2,False
HWY_BOX_0561_FDACCIF,0,2,2,False
HWY_BOX_0561_FDACCIMF,0,2,2,False
HWY_BOX_0561_FDACCITF,0,2,2,False
HWY_BOX_0561_FTANKF,0,2,2,False
HWY_BOX_0561_FTRKF,0,2,2,False
HWY_BOX_0561_FVEHF,0,2,2,False
HWY_BOX_0561_HAZMAT,0,2,2,False
HWY_BOX_0561_ODF,0,2,2,False
HWY_BOX_0561_OPP,0,33,22,False
HWY_BOX_0561_OPP_AFR,0,60,10,False
HWY_BOX_0561_OPP_ENG,0,10,10,False
HWY_BOX_0562_ACCIBF,0,2,2,False
HWY_BOX_0562_ACCIF,0,2,2,False
HWY_BOX_0562_ACCIHF,0,2,2,False
HWY_BOX_0562_ACCIMF,0,2,2,False
HWY_BOX_0562_ACCITF,0,2,2,False
HWY_BOX_0562_ALPHA,0,2,2,False
HWY_BOX_0562_BRAVO,0,2,2,False
HWY_BOX_0562_CHARLIE,0,2,2,False
HWY_BOX_0562_CPR,0,2,2,False
HWY_BOX_0562_FACCIF,0,2,2,False
HWY_BOX_0562_FDACCF,0,2,2,False
HWY_BOX_0562_FDACCIF,0,2,2,False
HWY_BOX_0562_FDACCIMF,0,2,2,False
HWY_BOX_0562_FDACCITF,0,2,2,False
HWY_BOX_0562_FTANKF,0,2,2,False
HWY_BOX_0562_FTRKF,0,2,2,False
HWY_BOX_0562_FVEHF,0,2,2,False
HWY_BOX_0562_HAZMAT,0,2,2,False
HWY_BOX_0562_ODF,0,2,2,False
HWY_BOX_0562_OPP,0,30,20,False
HWY_BOX_0562_OPP_AFR,0,60,10,False
HWY_BOX_0562_OPP_ENG,0,10,10,False
HWY_BOX_0563_ACCIBF,0,2,2,False
HWY_BOX_0563_ACCIF,0,2,2,False
HWY_BOX_0563_ACCIHF,0,2,2,False
HWY_BOX_0563_ACCIMF,0,2,2,False
HWY_BOX_0563_ACCITF,0,2,2,False
HWY_BOX_0563_ALPHA,0,2,2,False
HWY_BOX_0563_BRAVO,0,2,2,False
HWY_BOX_0563_CHARLIE,0,2,2,False
HWY_BOX_0563_CPRF,0,2,2,False
HWY_BOX_0563_FACCIF,0,2,2,False
HWY_BOX_0563_FDACCF,0,2,2,False
HWY_BOX_0563_FDACCIF,0,2,2,False
HWY_BOX_0563_FDACCIMF,0,2,2,False
HWY_BOX_0563_FDACCITF,0,2,2,False
HWY_BOX_0563_FTANKF,0,2,2,False
HWY_BOX_0563_FTRKF,0,2,2,False
HWY_BOX_0563_FVEHF,0,2,2,False
HWY_BOX_0563_HAZMAT,0,2,2,False
HWY_BOX_0563_ODF,0,2,2,False
HWY_BOX_0563_OPP,0,30,20,False
HWY_BOX_0563_OPP_AFR,0,60,10,False
HWY_BOX_0563_OPP_ENG,0,10,10,False
HWY_BOX_0564_ACCIBF,0,2,2,False
HWY_BOX_0564_ACCIF,0,2,2,False
HWY_BOX_0564_ACCIHF,0,2,2,False
HWY_BOX_0564_ACCIMF,0,2,2,False
HWY_BOX_0564_ACCITF,0,2,2,False
HWY_BOX_0564_ALPHA,0,2,2,False
HWY_BOX_0564_BRAVO,0,2,2,False
HWY_BOX_0564_CHARLIE,0,2,2,False
HWY_BOX_0564_CPRF,0,2,2,False
HWY_BOX_0564_FACCIF,0,2,2,False
HWY_BOX_0564_FDACCF,0,2,2,False
HWY_BOX_0564_FDACCIF,0,2,2,False
HWY_BOX_0564_FDACCIMF,0,2,2,False
HWY_BOX_0564_FDACCITF,0,2,2,False
HWY_BOX_0564_FTANKF,0,2,2,False
HWY_BOX_0564_FTRKF,0,2,2,False
HWY_BOX_0564_FVEHF,0,2,2,False
HWY_BOX_0564_HAZMAT,0,2,2,False
HWY_BOX_0564_ODF,0,2,2,False
HWY_BOX_0564_OPP,0,30,20,False
HWY_BOX_0564_OPP_AFR,0,51,10,False
HWY_BOX_0564_OPP_ENG,0,10,10,False
HWY_BOX_0565_ACCIBF,0,2,2,False
HWY_BOX_0565_ACCIF,0,2,2,False
HWY_BOX_0565_ACCIHF,0,2,2,False
HWY_BOX_0565_ACCIMF,0,2,2,False
HWY_BOX_0565_ACCITF,0,2,2,False
HWY_BOX_0565_ALPHA,0,2,2,False
HWY_BOX_0565_BRAVO,0,2,2,False
HWY_BOX_0565_CHARLIE,0,2,2,False
HWY_BOX_0565_CPRF,0,2,2,False
HWY_BOX_0565_FACCIF,0,2,2,False
HWY_BOX_0565_FDACCF,0,2,2,False
HWY_BOX_0565_FDACCIF,0,2,2,False
HWY_BOX_0565_FDACCIMF,0,2,2,False
HWY_BOX_0565_FDACCITF,0,2,2,False
HWY_BOX_0565_FTANKF,0,2,2,False
HWY_BOX_0565_FTRKF,0,2,2,False
HWY_BOX_0565_FVEHF,0,2,2,False
HWY_BOX_0565_HAZMAT,0,2,2,False
HWY_BOX_0565_ODF,0,2,2,False
HWY_BOX_0565_OPP,0,30,20,False
HWY_BOX_0565_OPP_AFR,0,50,10,False
HWY_BOX_0565_OPP_ENG,0,10,10,False
HWY_BOX_0567_ACCIBF,0,2,2,False
HWY_BOX_0567_ACCIF,0,2,2,False
HWY_BOX_0567_ACCIHF,0,2,2,False
HWY_BOX_0567_ACCIMF,0,2,2,False
HWY_BOX_0567_ACCITF,0,2,2,False
HWY_BOX_0567_ALPHA,0,2,2,False
HWY_BOX_0567_BRAVO,0,2,2,False
HWY_BOX_0567_CHARLIE,0,2,2,False
HWY_BOX_0567_CPRF,0,2,2,False
HWY_BOX_0567_FACCIF,0,2,2,False
HWY_BOX_0567_FDACCF,0,2,2,False
HWY_BOX_0567_FDACCIF,0,2,2,False
HWY_BOX_0567_FDACCIMF,0,2,2,False
HWY_BOX_0567_FDACCITF,0,2,2,False
HWY_BOX_0567_FTANKF,0,2,2,False
HWY_BOX_0567_FTRKF,0,2,2,False
HWY_BOX_0567_FVEHF,0,2,2,False
HWY_BOX_0567_HAZMAT,0,2,2,False
HWY_BOX_0567_ODF,0,2,2,False
HWY_BOX_0567_OPP,0,30,20,False
HWY_BOX_0567_OPP_AFR,0,50,10,False
HWY_BOX_0567_OPP_ENG,0,10,10,False
HWY_BOX_0569_ACCIBF,0,2,2,False
HWY_BOX_0569_ACCIF,0,2,2,False
HWY_BOX_0569_ACCIHF,0,2,2,False
HWY_BOX_0569_ACCIMF,0,2,2,False
HWY_BOX_0569_ACCITF,0,2,2,False
HWY_BOX_0569_ALPHA,0,2,2,False
HWY_BOX_0569_BRAVO,0,2,2,False
HWY_BOX_0569_CHARLIE,0,2,2,False
HWY_BOX_0569_CPRF,0,2,2,False
HWY_BOX_0569_FACCIF,0,2,2,False
HWY_BOX_0569_FDACCF,0,2,2,False
HWY_BOX_0569_FDACCIF,0,2,2,False
HWY_BOX_0569_FDACCIMF,0,2,2,False
HWY_BOX_0569_FDACCITF,0,2,2,False
HWY_BOX_0569_FTANKF,0,2,2,False
HWY_BOX_0569_FTRKF,0,2,2,False
HWY_BOX_0569_FVEHF,0,2,2,False
HWY_BOX_0569_HAZMAT,0,2,2,False
HWY_BOX_0569_ODF,0,2,2,False
HWY_BOX_0569_OPP,0,30,20,False
HWY_BOX_0569_OPP_AFR,0,50,10,False
HWY_BOX_0569_OPP_ENG,0,10,10,False
HWY_BOX_0570_ACCIBF,0,2,2,False
HWY_BOX_0570_ACCIF,0,2,2,False
HWY_BOX_0570_ACCIHF,0,2,2,False
HWY_BOX_0570_ACCIMF,0,2,2,False
HWY_BOX_0570_ACCITF,0,2,2,False
HWY_BOX_0570_ALPHA,0,2,2,False
HWY_BOX_0570_BRAVO,0,2,2,False
HWY_BOX_0570_CHARLIE,0,2,2,False
HWY_BOX_0570_CPRF,0,2,2,False
HWY_BOX_0570_FACCIF,0,2,2,False
HWY_BOX_0570_FDACCF,0,2,2,False
HWY_BOX_0570_FDACCIF,0,2,2,False
HWY_BOX_0570_FDACCIMF,0,2,2,False
HWY_BOX_0570_FDACCITF,0,2,2,False
HWY_BOX_0570_FTANKF,0,2,2,False
HWY_BOX_0570_FTRKF,0,2,2,False
HWY_BOX_0570_FVEHF,0,2,2,False
HWY_BOX_0570_HAZMAT,0,2,2,False
HWY_BOX_0570_ODF,0,2,2,False
HWY_BOX_0570_OPP,0,30,20,False
HWY_BOX_0570_OPP_AFR,0,60,10,False
HWY_BOX_0570_OPP_ENG,0,10,10,False
HWY_BOX_0860_ACCIBF,0,2,2,False
HWY_BOX_0860_ACCIF,0,2,2,False
HWY_BOX_0860_ACCIHF,0,2,2,False
HWY_BOX_0860_ACCIMF,0,2,2,False
HWY_BOX_0860_ACCITF,0,2,2,False
HWY_BOX_0860_ALPHA,0,2,2,False
HWY_BOX_0860_BRAVO,0,2,2,False
HWY_BOX_0860_CHARLIE,0,2,2,False
HWY_BOX_0860_CPRF,0,2,2,False
HWY_BOX_0860_FACCIF,0,2,2,False
HWY_BOX_0860_FDACCF,0,2,2,False
HWY_BOX_0860_FDACCIF,0,2,2,False
HWY_BOX_0860_FDACCIMF,0,2,2,False
HWY_BOX_0860_FDACCITF,0,2,2,False
HWY_BOX_0860_FTANKF,0,2,2,False
HWY_BOX_0860_FTRKF,0,2,2,False
HWY_BOX_0860_FVEHF,0,2,2,False
HWY_BOX_0860_HAZMAT,0,2,2,False
HWY_BOX_0860_ODF,0,2,2,False
HWY_BOX_0860_OPP,0,30,20,False
HWY_BOX_0860_OPP_AFR,0,60,10,False
HWY_BOX_0860_OPP_ENG,0,10,10,False
HWY_BOX_0861_ACCIBF,0,2,2,False
HWY_BOX_0861_ACCIF,0,2,2,False
HWY_BOX_0861_ACCIHF,0,2,2,False
HWY_BOX_0861_ACCIMF,0,2,2,False
HWY_BOX_0861_ACCITF,0,2,2,False
HWY_BOX_0861_ALPHA,0,2,2,False
HWY_BOX_0861_BRAVO,0,2,2,False
HWY_BOX_0861_CHARLIE,0,2,2,False
HWY_BOX_0861_CPRF,0,2,2,False
HWY_BOX_0861_FACCIF,0,2,2,False
HWY_BOX_0861_FDACCF,0,2,2,False
HWY_BOX_0861_FDACCIF,0,2,2,False
HWY_BOX_0861_FDACCIMF,0,2,2,False
HWY_BOX_0861_FDACCITF,0,2,2,False
HWY_BOX_0861_FTANKF,0,2,2,False
HWY_BOX_0861_FTRKF,0,2,2,False
HWY_BOX_0861_FVEHF,0,2,2,False
HWY_BOX_0861_HAZMAT,0,2,2,False
HWY_BOX_0861_ODF,0,2,2,False
HWY_BOX_0861_OPP,0,30,20,False
HWY_BOX_0861_OPP_AFR,0,50,10,False
HWY_BOX_0861_OPP_ENG,0,10,10,False
HWY_BOX_0863_ACCIBF,0,2,2,False
HWY_BOX_0863_ACCIF,0,2,2,False
HWY_BOX_0863_ACCIHF,0,2,2,False
HWY_BOX_0863_ACCIMF,0,2,2,False
HWY_BOX_0863_ACCITF,0,2,2,False
HWY_BOX_0863_ALPHA,0,2,2,False
HWY_BOX_0863_BRAVO,0,2,2,False
HWY_BOX_0863_CHARLIE,0,2,2,False
HWY_BOX_0863_CPRF,0,2,2,False
HWY_BOX_0863_FACCIF,0,2,2,False
HWY_BOX_0863_FDACCF,0,2,2,False
HWY_BOX_0863_FDACCIF,0,2,2,False
HWY_BOX_0863_FDACCIMF,0,2,2,False
HWY_BOX_0863_FDACCITF,0,2,2,False
HWY_BOX_0863_FTANKF,0,2,2,False
HWY_BOX_0863_FTRKF,0,2,2,False
HWY_BOX_0863_FVEHF,0,2,2,False
HWY_BOX_0863_HAZMAT,0,2,2,False
HWY_BOX_0863_ODF,0,2,2,False
HWY_BOX_0863_OPP,0,30,20,False
HWY_BOX_0863_OPP_AFR,0,50,10,False
HWY_BOX_0863_OPP_ENG,0,10,10,False
HWY_BOX_0864_ACCIBF,0,2,2,False
HWY_BOX_0864_ACCIF,0,2,2,False
HWY_BOX_0864_ACCIHF,0,2,2,False
HWY_BOX_0864_ACCIMF,0,2,2,False
HWY_BOX_0864_ACCITF,0,2,2,False
HWY_BOX_0864_ALPHA,0,2,2,False
HWY_BOX_0864_BRAVO,0,2,2,False
HWY_BOX_0864_CHARLIE,0,2,2,False
HWY_BOX_0864_CPRF,0,2,2,False
HWY_BOX_0864_FACCIF,0,2,2,False
HWY_BOX_0864_FDACCF,0,2,2,False
HWY_BOX_0864_FDACCIF,0,2,2,False
HWY_BOX_0864_FDACCIMF,0,2,2,False
HWY_BOX_0864_FDACCITF,0,2,2,False
HWY_BOX_0864_FTANKF,0,2,2,False
HWY_BOX_0864_FTRKF,0,2,2,False
HWY_BOX_0864_FVEHF,0,2,2,False
HWY_BOX_0864_HAZMAT,0,2,2,False
HWY_BOX_0864_ODF,0,2,2,False
HWY_BOX_0864_OPP,0,30,20,False
HWY_BOX_0864_OPP_AFR,0,50,10,False
HWY_BOX_0864_OPP_ENG,0,10,10,False
HWY_BOX_0865_ACCIBF,0,2,2,False
HWY_BOX_0865_ACCIF,0,2,2,False
HWY_BOX_0865_ACCIHF,0,2,2,False
HWY_BOX_0865_ACCIMF,0,2,2,False
HWY_BOX_0865_ACCITF,0,2,2,False
HWY_BOX_0865_ALPHA,0,2,2,False
HWY_BOX_0865_BRAVO,0,2,2,False
HWY_BOX_0865_CHARLIE,0,2,2,False
HWY_BOX_0865_CPRF,0,2,2,False
HWY_BOX_0865_FACCIF,0,2,2,False
HWY_BOX_0865_FDACCF,0,2,2,False
HWY_BOX_0865_FDACCIF,0,2,2,False
HWY_BOX_0865_FDACCIMF,0,2,2,False
HWY_BOX_0865_FDACCITF,0,2,2,False
HWY_BOX_0865_FTANKF,0,2,2,False
HWY_BOX_0865_FTRKF,0,2,2,False
HWY_BOX_0865_FVEHF,0,2,2,False
HWY_BOX_0865_HAZMAT,0,2,2,False
HWY_BOX_0865_ODF,0,2,2,False
HWY_BOX_0865_OPP,0,30,20,False
HWY_BOX_0865_OPP_AFR,0,50,10,False
HWY_BOX_0865_OPP_ENG,0,10,10,False
HWY_BOX_0867_ACCIBF,0,2,2,False
HWY_BOX_0867_ACCIF,0,2,2,False
HWY_BOX_0867_ACCIHF,0,2,2,False
HWY_BOX_0867_ACCIMF,0,2,2,False
HWY_BOX_0867_ACCITF,0,2,2,False
HWY_BOX_0867_ALPHA,0,2,2,False
HWY_BOX_0867_BRAVO,0,2,2,False
HWY_BOX_0867_CHARLIE,0,2,2,False
HWY_BOX_0867_CPRF,0,2,2,False
HWY_BOX_0867_FACCIF,0,2,2,False
HWY_BOX_0867_FDACCF,0,2,2,False
HWY_BOX_0867_FDACCIF,0,2,2,False
HWY_BOX_0867_FDACCIMF,0,2,2,False
HWY_BOX_0867_FDACCITF,0,2,2,False
HWY_BOX_0867_FTANKF,0,2,2,False
HWY_BOX_0867_FTRKF,0,2,2,False
HWY_BOX_0867_FVEHF,0,2,2,False
HWY_BOX_0867_HAZMAT,0,2,2,False
HWY_BOX_0867_ODF,0,2,2,False
HWY_BOX_0867_OPP,0,30,20,False
HWY_BOX_0867_OPP_AFR,0,50,10,False
HWY_BOX_0867_OPP_ENG,0,10,10,False
HWY_BOX_0869_ACCIBF,0,2,2,False
HWY_BOX_0869_ACCIF,0,1,1,False
HWY_BOX_0869_ACCIHF,0,2,2,False
HWY_BOX_0869_ACCIMF,0,2,2,False
HWY_BOX_0869_ACCITF,0,2,2,False
HWY_BOX_0869_ALPHA,0,2,2,False
HWY_BOX_0869_BRAVO,0,2,2,False
HWY_BOX_0869_CHARLIE,0,2,2,False
HWY_BOX_0869_CPRF,0,2,2,False
HWY_BOX_0869_FACCIF,0,2,2,False
HWY_BOX_0869_FDACCF,0,2,2,False
HWY_BOX_0869_FDACCIF,0,2,2,False
HWY_BOX_0869_FDACCIMF,0,2,2,False
HWY_BOX_0869_FDACCITF,0,2,2,False
HWY_BOX_0869_FTANKF,0,2,2,False
HWY_BOX_0869_FTRKF,0,2,2,False
HWY_BOX_0869_FVEHF,0,2,2,False
HWY_BOX_0869_HAZMAT,0,2,2,False
HWY_BOX_0869_ODF,0,2,2,False
HWY_BOX_0869_OPP,0,30,20,False
HWY_BOX_0869_OPP_AFR,0,50,10,False
HWY_BOX_0869_OPP_ENG,0,10,10,False
HWY_BOX_0871_ACCIBF,0,2,2,False
HWY_BOX_0871_ACCIF,0,2,2,False
HWY_BOX_0871_ACCIHF,0,2,2,False
HWY_BOX_0871_ACCIMF,0,2,2,False
HWY_BOX_0871_ACCITF,0,2,2,False
HWY_BOX_0871_ALPHA,0,2,2,False
HWY_BOX_0871_BRAVO,0,2,2,False
HWY_BOX_0871_CHARLIE,0,2,2,False
HWY_BOX_0871_CPRF,0,2,2,False
HWY_BOX_0871_FACCIF,0,2,2,False
HWY_BOX_0871_FDACCF,0,2,2,False
HWY_BOX_0871_FDACCIF,0,2,2,False
HWY_BOX_0871_FDACCIMF,0,2,2,False
HWY_BOX_0871_FDACCITF,0,2,2,False
HWY_BOX_0871_FTANKF,0,2,2,False
HWY_BOX_0871_FTRKF,0,2,2,False
HWY_BOX_0871_FVEHF,0,2,2,False
HWY_BOX_0871_HAZMAT,0,2,2,False
HWY_BOX_0871_ODF,0,2,2,False
HWY_BOX_0871_OPP,0,30,20,False
HWY_BOX_0871_OPP_AFR,0,50,10,False
HWY_BOX_0871_OPP_ENG,0,10,10,False
HWY_BOX_1160_ACCIBF,0,2,2,False
HWY_BOX_1160_ACCIF,0,2,2,False
HWY_BOX_1160_ACCIHF,0,2,2,False
HWY_BOX_1160_ACCIMF,0,2,2,False
HWY_BOX_1160_ACCITF,0,2,2,False
HWY_BOX_1160_ALPHA,0,2,2,False
HWY_BOX_1160_BRAVO,0,2,2,False
HWY_BOX_1160_CHARLIE,0,2,2,False
HWY_BOX_1160_CPRF,0,2,2,False
HWY_BOX_1160_FACCIF,0,2,2,False
HWY_BOX_1160_FDACCF,0,2,2,False
HWY_BOX_1160_FDACCIF,0,2,2,False
HWY_BOX_1160_FDACCIMF,0,2,2,False
HWY_BOX_1160_FDACCITF,0,2,2,False
HWY_BOX_1160_FTANKF,0,2,2,False
HWY_BOX_1160_FTRKF,0,2,2,False
HWY_BOX_1160_FVEHF,0,2,2,False
HWY_BOX_1160_HAZMAT,0,2,2,False
HWY_BOX_1160_ODF,0,2,2,False
HWY_BOX_1160_OPP,0,30,20,False
HWY_BOX_1160_OPP_AFR,0,50,10,False
HWY_BOX_1160_OPP_ENG,0,10,10,False
HWY_BOX_1161_ACCIBF,0,2,2,False
HWY_BOX_1161_ACCIF,0,2,2,False
HWY_BOX_1161_ACCIHF,0,2,2,False
HWY_BOX_1161_ACCIMF,0,2,2,False
HWY_BOX_1161_ACCITF,0,2,2,False
HWY_BOX_1161_ALPHA,0,2,2,False
HWY_BOX_1161_BRAVO,0,2,2,False
HWY_BOX_1161_CHARLIE,0,2,2,False
HWY_BOX_1161_CPRF,0,2,2,False
HWY_BOX_1161_FACCIF,0,2,2,False
HWY_BOX_1161_FDACCF,0,2,2,False
HWY_BOX_1161_FDACCIF,0,2,2,False
HWY_BOX_1161_FDACCIMF,0,2,2,False
HWY_BOX_1161_FDACCITF,0,2,2,False
HWY_BOX_1161_FTANKF,0,2,2,False
HWY_BOX_1161_FTRKF,0,2,2,False
HWY_BOX_1161_FVEHF,0,2,2,False
HWY_BOX_1161_HAZMAT,0,2,2,False
HWY_BOX_1161_ODF,0,2,2,False
HWY_BOX_1161_OPP,0,30,20,False
HWY_BOX_1161_OPP_AFR,0,50,10,False
HWY_BOX_1161_OPP_ENG,0,10,10,False
HWY_BOX_1163_ACCIBF,0,2,2,False
HWY_BOX_1163_ACCIF,0,2,2,False
HWY_BOX_1163_ACCIHF,0,2,2,False
HWY_BOX_1163_ACCIMF,0,2,2,False
HWY_BOX_1163_ACCITF,0,2,2,False
HWY_BOX_1163_ALPHA,0,2,2,False
HWY_BOX_1163_BRAVO,0,2,2,False
HWY_BOX_1163_CHARLIE,0,2,2,False
HWY_BOX_1163_CPRF,0,2,2,False
HWY_BOX_1163_FACCIF,0,2,2,False
HWY_BOX_1163_FDACCF,0,2,2,False
HWY_BOX_1163_FDACCIF,0,2,2,False
HWY_BOX_1163_FDACCIMF,0,2,2,False
HWY_BOX_1163_FDACCITF,0,2,2,False
HWY_BOX_1163_FTANKF,0,2,2,False
HWY_BOX_1163_FTRKF,0,2,2,False
HWY_BOX_1163_FVEHF,0,2,2,False
HWY_BOX_1163_HAZMAT,0,2,2,False
HWY_BOX_1163_ODF,0,2,2,False
HWY_BOX_1163_OPP,0,30,20,False
HWY_BOX_1163_OPP_AFR,0,51,11,False
HWY_BOX_1163_OPP_ENG,0,10,10,False
HWY_BOX_1165_ACCIBF,0,2,2,False
HWY_BOX_1165_ACCIF,0,2,2,False
HWY_BOX_1165_ACCIHF,0,2,2,False
HWY_BOX_1165_ACCIMF,0,2,2,False
HWY_BOX_1165_ACCITF,0,2,2,False
HWY_BOX_1165_ALPHA,0,2,2,False
HWY_BOX_1165_BRAVO,0,2,2,False
HWY_BOX_1165_CHARLIE,0,2,2,False
HWY_BOX_1165_CPRF,0,2,2,False
HWY_BOX_1165_FACCIF,0,2,2,False
HWY_BOX_1165_FDACCF,0,2,2,False
HWY_BOX_1165_FDACCIF,0,2,2,False
HWY_BOX_1165_FDACCIMF,0,2,2,False
HWY_BOX_1165_FDACCITF,0,2,2,False
HWY_BOX_1165_FTANKF,0,2,2,False
HWY_BOX_1165_FTRKF,0,2,2,False
HWY_BOX_1165_FVEHF,0,2,2,False
HWY_BOX_1165_HAZMAT,0,2,2,False
HWY_BOX_1165_ODF,0,2,2,False
HWY_BOX_1165_OPP,0,30,20,False
HWY_BOX_1165_OPP_AFR,0,50,10,False
HWY_BOX_1165_OPP_ENG,0,10,10,False
HWY_BOX_1167_ACCIBF,0,2,2,False
HWY_BOX_1167_ACCIF,0,2,2,False
HWY_BOX_1167_ACCIHF,0,2,2,False
HWY_BOX_1167_ACCIMF,0,2,2,False
HWY_BOX_1167_ACCITF,0,2,2,False
HWY_BOX_1167_ALPHA,0,2,2,False
HWY_BOX_1167_BRAVO,0,2,2,False
HWY_BOX_1167_CHARLIE,0,2,2,False
HWY_BOX_1167_CPRF,0,2,2,False
HWY_BOX_1167_FACCIF,0,2,2,False
HWY_BOX_1167_FDACCF,0,2,2,False
HWY_BOX_1167_FDACCIF,0,2,2,False
HWY_BOX_1167_FDACCIMF,0,2,2,False
HWY_BOX_1167_FDACCITF,0,2,2,False
HWY_BOX_1167_FTANKF,0,2,2,False
HWY_BOX_1167_FTRKF,0,2,2,False
HWY_BOX_1167_FVEHF,0,2,2,False
HWY_BOX_1167_HAZMAT,0,2,2,False
HWY_BOX_1167_ODF,0,2,2,False
HWY_BOX_1167_OPP,0,30,20,False
HWY_BOX_1167_OPP_AFR,0,50,10,False
HWY_BOX_1167_OPP_ENG,0,10,10,False
HWY_BOX_1169_ACCIBF,0,2,2,False
HWY_BOX_1169_ACCIF,0,2,2,False
HWY_BOX_1169_ACCIHF,0,2,2,False
HWY_BOX_1169_ACCIMF,0,2,2,False
HWY_BOX_1169_ACCITF,0,2,2,False
HWY_BOX_1169_ALPHA,0,2,2,False
HWY_BOX_1169_BRAVO,0,2,2,False
HWY_BOX_1169_CHARLIE,0,2,2,False
HWY_BOX_1169_CPRF,0,2,2,False
HWY_BOX_1169_FACCIF,0,2,2,False
HWY_BOX_1169_FDACCF,0,2,2,False
HWY_BOX_1169_FDACCIF,0,2,2,False
HWY_BOX_1169_FDACCIMF,0,2,2,False
HWY_BOX_1169_FDACCITF,0,2,2,False
HWY_BOX_1169_FTANKF,0,2,2,False
HWY_BOX_1169_FTRKF,0,2,2,False
HWY_BOX_1169_FVEHF,0,2,2,False
HWY_BOX_1169_HAZMAT,0,2,2,False
HWY_BOX_1169_ODF,0,2,2,False
HWY_BOX_1169_OPP,0,30,20,False
HWY_BOX_1169_OPP_AFR,0,50,10,False
HWY_BOX_1169_OPP_ENG,0,10,10,False
HWY_BOX_1350_ACCIBF,0,2,2,False
HWY_BOX_1350_ACCIF,0,2,2,False
HWY_BOX_1350_ACCIHF,0,2,2,False
HWY_BOX_1350_ACCIMF,0,2,2,False
HWY_BOX_1350_ACCITF,0,2,2,False
HWY_BOX_1350_ALPHA,0,2,2,False
HWY_BOX_1350_BRAVO,0,2,2,False
HWY_BOX_1350_CHARLIE,0,2,2,False
HWY_BOX_1350_CPRF,0,2,2,False
HWY_BOX_1350_FACCIF,0,2,2,False
HWY_BOX_1350_FDACCF,0,2,2,False
HWY_BOX_1350_FDACCIF,0,2,2,False
HWY_BOX_1350_FDACCIMF,0,2,2,False
HWY_BOX_1350_FDACCITF,0,2,2,False
HWY_BOX_1350_FTANKF,0,2,2,False
HWY_BOX_1350_FTRKF,0,2,2,False
HWY_BOX_1350_FVEHF,0,2,2,False
HWY_BOX_1350_HAZMAT,0,2,2,False
HWY_BOX_1350_ODF,0,2,2,False
HWY_BOX_1350_OPP,0,30,20,False
HWY_BOX_1350_OPP_AFR,0,60,10,False
HWY_BOX_1350_OPP_ENG,0,10,10,False
HWY_BOX_1351_ACCIBF,0,2,2,False
HWY_BOX_1351_ACCIF,0,2,2,False
HWY_BOX_1351_ACCIHF,0,2,2,False
HWY_BOX_1351_ACCIMF,0,2,2,False
HWY_BOX_1351_ACCITF,0,2,2,False
HWY_BOX_1351_ALPHA,0,2,2,False
HWY_BOX_1351_BRAVO,0,2,2,False
HWY_BOX_1351_CHARLIE,0,2,2,False
HWY_BOX_1351_CPRF,0,2,2,False
HWY_BOX_1351_FACCIF,0,2,2,False
HWY_BOX_1351_FDACCF,0,2,2,False
HWY_BOX_1351_FDACCIF,0,2,2,False
HWY_BOX_1351_FDACCIMF,0,2,2,False
HWY_BOX_1351_FDACCITF,0,2,2,False
HWY_BOX_1351_FTANKF,0,2,2,False
HWY_BOX_1351_FTRKF,0,2,2,False
HWY_BOX_1351_FVEHF,0,2,2,False
HWY_BOX_1351_HAZMAT,0,2,2,False
HWY_BOX_1351_ODF,0,2,2,False
HWY_BOX_1351_OPP,0,30,20,False
HWY_BOX_1351_OPP_AFR,0,50,10,False
HWY_BOX_1351_OPP_ENG,0,10,10,False
HWY_BOX_1353_ACCIBF,0,2,2,False
HWY_BOX_1353_ACCIF,0,2,2,False
HWY_BOX_1353_ACCIHF,0,2,2,False
HWY_BOX_1353_ACCIMF,0,2,2,False
HWY_BOX_1353_ACCITF,0,2,2,False
HWY_BOX_1353_ALPHA,0,2,2,False
HWY_BOX_1353_BRAVO,0,2,2,False
HWY_BOX_1353_CHARLIE,0,2,2,False
HWY_BOX_1353_CPRF,0,2,2,False
HWY_BOX_1353_FACCIF,0,2,2,False
HWY_BOX_1353_FDACCF,0,2,2,False
HWY_BOX_1353_FDACCIF,0,2,2,False
HWY_BOX_1353_FDACCIMF,0,2,2,False
HWY_BOX_1353_FDACCITF,0,2,2,False
HWY_BOX_1353_FTANKF,0,2,2,False
HWY_BOX_1353_FTRKF,0,2,2,False
HWY_BOX_1353_FVEHF,0,2,2,False
HWY_BOX_1353_HAZMAT,0,2,2,False
HWY_BOX_1353_ODF,0,2,2,False
HWY_BOX_1353_OPP,0,30,20,False
HWY_BOX_1353_OPP_AFR,0,52,10,False
HWY_BOX_1353_OPP_ENG,0,11,11,False
HWY_BOX_1355_ACCIBF,0,2,2,False
HWY_BOX_1355_ACCIF,0,2,2,False
HWY_BOX_1355_ACCIHF,0,2,2,False
HWY_BOX_1355_ACCIMF,0,2,2,False
HWY_BOX_1355_ACCITF,0,2,2,False
HWY_BOX_1355_ALPHA,0,2,2,False
HWY_BOX_1355_BRAVO,0,2,2,False
HWY_BOX_1355_CHARLIE,0,2,2,False
HWY_BOX_1355_CPRF,0,2,2,False
HWY_BOX_1355_FACCIF,0,2,2,False
HWY_BOX_1355_FDACCF,0,2,2,False
HWY_BOX_1355_FDACCIF,0,2,2,False
HWY_BOX_1355_FDACCIMF,0,2,2,False
HWY_BOX_1355_FDACCITF,0,2,2,False
HWY_BOX_1355_FTANKF,0,2,2,False
HWY_BOX_1355_FTRKF,0,2,2,False
HWY_BOX_1355_FVEHF,0,2,2,False
HWY_BOX_1355_HAZMAT,0,2,2,False
HWY_BOX_1355_ODF,0,2,2,False
HWY_BOX_1355_OPP,0,30,20,False
HWY_BOX_1355_OPP_AFR,0,60,10,False
HWY_BOX_1355_OPP_ENG,0,10,10,False
HWY_BOX_1357_ACCIBF,0,2,2,False
HWY_BOX_1357_ACCIF,0,2,2,False
HWY_BOX_1357_ACCIHF,0,2,2,False
HWY_BOX_1357_ACCIMF,0,2,2,False
HWY_BOX_1357_ACCITF,0,2,2,False
HWY_BOX_1357_ALPHA,0,2,2,False
HWY_BOX_1357_BRAVO,0,2,2,False
HWY_BOX_1357_CHARLIE,0,2,2,False
HWY_BOX_1357_CPRF,0,2,2,False
HWY_BOX_1357_FACCIF,0,2,2,False
HWY_BOX_1357_FDACCF,0,2,2,False
HWY_BOX_1357_FDACCIF,0,2,2,False
HWY_BOX_1357_FDACCIMF,0,2,2,False
HWY_BOX_1357_FDACCITF,0,2,2,False
HWY_BOX_1357_FTANKF,0,2,2,False
HWY_BOX_1357_FTRKF,0,2,2,False
HWY_BOX_1357_FVEHF,0,2,2,False
HWY_BOX_1357_HAZMAT,0,2,2,False
HWY_BOX_1357_ODF,0,2,2,False
HWY_BOX_1357_OPP,0,30,20,False
HWY_BOX_1357_OPP_AFR,0,52,10,False
HWY_BOX_1357_OPP_ENG,0,11,11,False
HWY_BOX_1360_ACCIBF,0,2,2,False
HWY_BOX_1360_ACCIF,0,2,2,False
HWY_BOX_1360_ACCIHF,0,2,2,False
HWY_BOX_1360_ACCIMF,0,2,2,False
HWY_BOX_1360_ACCITF,0,2,2,False
HWY_BOX_1360_ALPHA,0,2,2,False
HWY_BOX_1360_BRAVO,0,2,2,False
HWY_BOX_1360_CHARLIE,0,2,2,False
HWY_BOX_1360_CPRF,0,2,2,False
HWY_BOX_1360_FACCIF,0,2,2,False
HWY_BOX_1360_FDACCF,0,2,2,False
HWY_BOX_1360_FDACCIF,0,2,2,False
HWY_BOX_1360_FDACCIMF,0,2,2,False
HWY_BOX_1360_FDACCITF,0,2,2,False
HWY_BOX_1360_FTANKF,0,2,2,False
HWY_BOX_1360_FTRKF,0,2,2,False
HWY_BOX_1360_FVEHF,0,2,2,False
HWY_BOX_1360_HAZMAT,0,2,2,False
HWY_BOX_1360_ODF,0,2,2,False
HWY_BOX_1360_OPP,0,30,20,False
HWY_BOX_1360_OPP_AFR,0,60,10,False
HWY_BOX_1360_OPP_ENG,0,10,10,False
HWY_BOX_1361_ACCIBF,0,2,2,False
HWY_BOX_1361_ACCIF,0,2,2,False
HWY_BOX_1361_ACCIHF,0,2,2,False
HWY_BOX_1361_ACCIMF,0,2,2,False
HWY_BOX_1361_ACCITF,0,2,2,False
HWY_BOX_1361_ALPHA,0,2,2,False
HWY_BOX_1361_BRAVO,0,2,2,False
HWY_BOX_1361_CHARLIE,0,2,2,False
HWY_BOX_1361_CPRF,0,2,2,False
HWY_BOX_1361_FACCIF,0,2,2,False
HWY_BOX_1361_FDACCF,0,2,2,False
HWY_BOX_1361_FDACCIF,0,2,2,False
HWY_BOX_1361_FDACCIMF,0,2,2,False
HWY_BOX_1361_FDACCITF,0,2,2,False
HWY_BOX_1361_FTANKF,0,2,2,False
HWY_BOX_1361_FTRKF,0,2,2,False
HWY_BOX_1361_FVEHF,0,2,2,False
HWY_BOX_1361_HAZMAT,0,2,2,False
HWY_BOX_1361_ODF,0,2,2,False
HWY_BOX_1361_OPP,0,30,20,False
HWY_BOX_1361_OPP_AFR,0,50,10,False
HWY_BOX_1361_OPP_ENG,0,10,10,False
HWY_BOX_1362_ACCIBF,0,2,2,False
HWY_BOX_1362_ACCIF,0,2,2,False
HWY_BOX_1362_ACCIHF,0,2,2,False
HWY_BOX_1362_ACCIMF,0,2,2,False
HWY_BOX_1362_ACCITF,0,2,2,False
HWY_BOX_1362_ALPHA,0,2,2,False
HWY_BOX_1362_BRAVO,0,2,2,False
HWY_BOX_1362_CHARLIE,0,2,2,False
HWY_BOX_1362_CPRF,0,2,2,False
HWY_BOX_1362_FACCIF,0,2,2,False
HWY_BOX_1362_FDACCF,0,2,2,False
HWY_BOX_1362_FDACCIF,0,2,2,False
HWY_BOX_1362_FDACCIMF,0,2,2,False
HWY_BOX_1362_FDACCITF,0,2,2,False
HWY_BOX_1362_FTANKF,0,2,2,False
HWY_BOX_1362_FTRKF,0,2,2,False
HWY_BOX_1362_FVEHF,0,2,2,False
HWY_BOX_1362_HAZMAT,0,2,2,False
HWY_BOX_1362_ODF,0,2,2,False
HWY_BOX_1362_OPP,0,30,20,False
HWY_BOX_1362_OPP_AFR,0,60,10,False
HWY_BOX_1362_OPP_ENG,0,10,10,False
HWY_BOX_1363_ACCIBF,0,2,2,False
HWY_BOX_1363_ACCIF,0,2,2,False
HWY_BOX_1363_ACCIHF,0,2,2,False
HWY_BOX_1363_ACCIMF,0,2,2,False
HWY_BOX_1363_ACCITF,0,2,2,False
HWY_BOX_1363_ALPHA,0,2,2,False
HWY_BOX_1363_BRAVO,0,2,2,False
HWY_BOX_1363_CHARLIE,0,2,2,False
HWY_BOX_1363_CPRF,0,2,2,False
HWY_BOX_1363_FACCIF,0,2,2,False
HWY_BOX_1363_FDACCF,0,2,2,False
HWY_BOX_1363_FDACCIF,0,2,2,False
HWY_BOX_1363_FDACCIMF,0,2,2,False
HWY_BOX_1363_FDACCITF,0,2,2,False
HWY_BOX_1363_FTANKF,0,2,2,False
HWY_BOX_1363_FTRKF,0,2,2,False
HWY_BOX_1363_FVEHF,0,2,2,False
HWY_BOX_1363_HAZMAT,0,2,2,False
HWY_BOX_1363_ODF,0,2,2,False
HWY_BOX_1363_OPP,0,30,20,False
HWY_BOX_1363_OPP_AFR,0,50,10,False
HWY_BOX_1363_OPP_ENG,0,10,10,False
HWY_BOX_1364_ACCIBF,0,2,2,False
HWY_BOX_1364_ACCIF,0,2,2,False
HWY_BOX_1364_ACCIHF,0,2,2,False
HWY_BOX_1364_ACCIMF,0,2,2,False
HWY_BOX_1364_ACCITF,0,2,2,False
HWY_BOX_1364_ALPHA,0,2,2,False
HWY_BOX_1364_BRAVO,0,2,2,False
HWY_BOX_1364_CHARLIE,0,2,2,False
HWY_BOX_1364_CPRF,0,2,2,False
HWY_BOX_1364_FACCIF,0,2,2,False
HWY_BOX_1364_FDACCF,0,2,2,False
HWY_BOX_1364_FDACCIF,0,2,2,False
HWY_BOX_1364_FDACCIMF,0,2,2,False
HWY_BOX_1364_FDACCITF,0,2,2,False
HWY_BOX_1364_FTANKF,0,2,2,False
HWY_BOX_1364_FTRKF,0,2,2,False
HWY_BOX_1364_FVEHF,0,2,2,False
HWY_BOX_1364_HAZMAT,0,2,2,False
HWY_BOX_1364_ODF,0,2,2,False
HWY_BOX_1364_OPP,0,30,20,False
HWY_BOX_1364_OPP_AFR,0,60,10,False
HWY_BOX_1364_OPP_ENG,0,10,10,False
HWY_BOX_1366_ACCIBF,0,2,2,False
HWY_BOX_1366_ACCIF,0,2,2,False
HWY_BOX_1366_ACCIHF,0,2,2,False
HWY_BOX_1366_ACCIMF,0,2,2,False
HWY_BOX_1366_ACCITF,0,2,2,False
HWY_BOX_1366_ALPHA,0,2,2,False
HWY_BOX_1366_BRAVO,0,2,2,False
HWY_BOX_1366_CHARLIE,0,2,2,False
HWY_BOX_1366_CPRF,0,2,2,False
HWY_BOX_1366_FACCIF,0,2,2,False
HWY_BOX_1366_FDACCF,0,2,2,False
HWY_BOX_1366_FDACCIF,0,2,2,False
HWY_BOX_1366_FDACCIMF,0,2,2,False
HWY_BOX_1366_FDACCITF,0,2,2,False
HWY_BOX_1366_FTANKF,0,2,2,False
HWY_BOX_1366_FTRKF,0,2,2,False
HWY_BOX_1366_FVEHF,0,2,2,False
HWY_BOX_1366_HAZMAT,0,2,2,False
HWY_BOX_1366_ODF,0,2,2,False
HWY_BOX_1366_OPP,0,30,20,False
HWY_BOX_1366_OPP_AFR,0,52,10,False
HWY_BOX_1366_OPP_ENG,0,10,10,False
HWY_BOX_1370_ACCIBF,0,2,2,False
HWY_BOX_1370_ACCIF,0,2,2,False
HWY_BOX_1370_ACCIHF,0,2,2,False
HWY_BOX_1370_ACCIMF,0,2,2,False
HWY_BOX_1370_ACCITF,0,2,2,False
HWY_BOX_1370_ALPHA,0,2,2,False
HWY_BOX_1370_BRAVO,0,2,2,False
HWY_BOX_1370_CHARLIE,0,2,2,False
HWY_BOX_1370_CPRF,0,2,2,False
HWY_BOX_1370_FACCIF,0,2,2,False
HWY_BOX_1370_FDACCF,0,2,2,False
HWY_BOX_1370_FDACCIF,0,2,2,False
HWY_BOX_1370_FDACCIMF,0,2,2,False
HWY_BOX_1370_FDACCITF,0,2,2,False
HWY_BOX_1370_FTANKF,0,2,2,False
HWY_BOX_1370_FTRKF,0,2,2,False
HWY_BOX_1370_FVEHF,0,2,2,False
HWY_BOX_1370_HAZMAT,0,2,2,False
HWY_BOX_1370_ODF,0,2,2,False
HWY_BOX_1370_OPP,0,30,20,False
HWY_BOX_1370_OPP_AFR,0,50,10,False
HWY_BOX_1370_OPP_ENG,0,10,10,False
HWY_BOX_1372_ACCIBF,0,2,2,False
HWY_BOX_1372_ACCIF,0,2,2,False
HWY_BOX_1372_ACCIHF,0,2,2,False
HWY_BOX_1372_ACCIMF,0,2,2,False
HWY_BOX_1372_ACCITF,0,2,2,False
HWY_BOX_1372_ALPHA,0,2,2,False
HWY_BOX_1372_BRAVO,0,2,2,False
HWY_BOX_1372_CHARLIE,0,2,2,False
HWY_BOX_1372_CPRF,0,2,2,False
HWY_BOX_1372_FACCIF,0,2,2,False
HWY_BOX_1372_FDACCF,0,2,2,False
HWY_BOX_1372_FDACCIF,0,2,2,False
HWY_BOX_1372_FDACCIMF,0,2,2,False
HWY_BOX_1372_FDACCITF,0,2,2,False
HWY_BOX_1372_FTANKF,0,2,2,False
HWY_BOX_1372_FTRKF,0,2,2,False
HWY_BOX_1372_FVEHF,0,2,2,False
HWY_BOX_1372_HAZMAT,0,2,2,False
HWY_BOX_1372_ODF,0,2,2,False
HWY_BOX_1372_OPP,0,30,20,False
HWY_BOX_1372_OPP_AFR,0,60,10,False
HWY_BOX_1372_OPP_ENG,0,10,10,False
HWY_BOX_1560_ACCIBF,0,2,2,False
HWY_BOX_1560_ACCIF,0,2,2,False
HWY_BOX_1560_ACCIHF,0,2,2,False
HWY_BOX_1560_ACCIMF,0,2,2,False
HWY_BOX_1560_ACCITF,0,2,2,False
HWY_BOX_1560_ALPHA,0,2,2,False
HWY_BOX_1560_BRAVO,0,2,2,False
HWY_BOX_1560_CHARLIE,0,2,2,False
HWY_BOX_1560_CPRF,0,2,2,False
HWY_BOX_1560_FACCIF,0,2,2,False
HWY_BOX_1560_FDACCF,0,2,2,False
HWY_BOX_1560_FDACCIF,0,2,2,False
HWY_BOX_1560_FDACCIMF,0,2,2,False
HWY_BOX_1560_FDACCITF,0,2,2,False
HWY_BOX_1560_FTANKF,0,2,2,False
HWY_BOX_1560_FTRKF,0,2,2,False
HWY_BOX_1560_FVEHF,0,2,2,False
HWY_BOX_1560_HAZMAT,0,2,2,False
HWY_BOX_1560_ODF,0,2,2,False
HWY_BOX_1560_OPP,0,30,20,False
HWY_BOX_1560_OPP_AFR,0,60,10,False
HWY_BOX_1560_OPP_ENG,0,10,10,False
HWY_BOX_1561_ACCIBF,0,2,2,False
HWY_BOX_1561_ACCIF,0,2,2,False
HWY_BOX_1561_ACCIHF,0,2,2,False
HWY_BOX_1561_ACCIMF,0,2,2,False
HWY_BOX_1561_ACCITF,0,2,2,False
HWY_BOX_1561_ALPHA,0,2,2,False
HWY_BOX_1561_BRAVO,0,2,2,False
HWY_BOX_1561_CHARLIE,0,2,2,False
HWY_BOX_1561_CPRF,0,2,2,False
HWY_BOX_1561_FACCIF,0,2,2,False
HWY_BOX_1561_FDACCF,0,2,2,False
HWY_BOX_1561_FDACCIF,0,2,2,False
HWY_BOX_1561_FDACCIMF,0,2,2,False
HWY_BOX_1561_FDACCITF,0,2,2,False
HWY_BOX_1561_FTANKF,0,2,2,False
HWY_BOX_1561_FTRKF,0,2,2,False
HWY_BOX_1561_FVEHF,0,2,2,False
HWY_BOX_1561_HAZMAT,0,2,2,False
HWY_BOX_1561_ODF,0,2,2,False
HWY_BOX_1561_OPP,0,30,20,False
HWY_BOX_1561_OPP_AFR,0,60,10,False
HWY_BOX_1561_OPP_ENG,0,10,10,False
HWY_BOX_1562_ACCIBF,0,2,2,False
HWY_BOX_1562_ACCIF,0,2,2,False
HWY_BOX_1562_ACCIHF,0,2,2,False
HWY_BOX_1562_ACCIMF,0,2,2,False
HWY_BOX_1562_ACCITF,0,2,2,False
HWY_BOX_1562_ALPHA,0,2,2,False
HWY_BOX_1562_BRAVO,0,2,2,False
HWY_BOX_1562_CHARLIE,0,2,2,False
HWY_BOX_1562_CPRF,0,2,2,False
HWY_BOX_1562_FACCIF,0,2,2,False
HWY_BOX_1562_FDACCF,0,2,2,False
HWY_BOX_1562_FDACCIF,0,2,2,False
HWY_BOX_1562_FDACCIMF,0,2,2,False
HWY_BOX_1562_FDACCITF,0,2,2,False
HWY_BOX_1562_FTANKF,0,2,2,False
HWY_BOX_1562_FTRKF,0,2,2,False
HWY_BOX_1562_FVEHF,0,2,2,False
HWY_BOX_1562_HAZMAT,0,2,2,False
HWY_BOX_1562_ODF,0,2,2,False
HWY_BOX_1562_OPP,0,30,20,False
HWY_BOX_1562_OPP_AFR,0,60,10,False
HWY_BOX_1562_OPP_ENG,0,10,10,False
HWY_BOX_1563_ACCIBF,0,2,2,False
HWY_BOX_1563_ACCIF,0,2,2,False
HWY_BOX_1563_ACCIHF,0,2,2,False
HWY_BOX_1563_ACCIMF,0,2,2,False
HWY_BOX_1563_ACCITF,0,2,2,False
HWY_BOX_1563_ALPHA,0,2,2,False
HWY_BOX_1563_BRAVO,0,2,2,False
HWY_BOX_1563_CHARLIE,0,2,2,False
HWY_BOX_1563_CPRF,0,2,2,False
HWY_BOX_1563_FACCIF,0,2,2,False
HWY_BOX_1563_FDACCF,0,2,2,False
HWY_BOX_1563_FDACCIF,0,2,2,False
HWY_BOX_1563_FDACCIMF,0,2,2,False
HWY_BOX_1563_FDACCITF,0,2,2,False
HWY_BOX_1563_FTANKF,0,2,2,False
HWY_BOX_1563_FTRKF,0,2,2,False
HWY_BOX_1563_FVEHF,0,2,2,False
HWY_BOX_1563_HAZMAT,0,2,2,False
HWY_BOX_1563_ODF,0,2,2,False
HWY_BOX_1563_OPP,0,30,20,False
HWY_BOX_1563_OPP_AFR,0,56,10,False
HWY_BOX_1563_OPP_ENG,0,10,10,False
HWY_BOX_1564_ACCIBF,0,2,2,False
HWY_BOX_1564_ACCIF,0,2,2,False
HWY_BOX_1564_ACCIHF,0,2,2,False
HWY_BOX_1564_ACCIMF,0,2,2,False
HWY_BOX_1564_ACCITF,0,2,2,False
HWY_BOX_1564_ALPHA,0,2,2,False
HWY_BOX_1564_BRAVO,0,2,2,False
HWY_BOX_1564_CHARLIE,0,2,2,False
HWY_BOX_1564_CPRF,0,2,2,False
HWY_BOX_1564_FACCIF,0,2,2,False
HWY_BOX_1564_FDACCF,0,2,2,False
HWY_BOX_1564_FDACCIF,0,2,2,False
HWY_BOX_1564_FDACCIMF,0,2,2,False
HWY_BOX_1564_FDACCITF,0,2,2,False
HWY_BOX_1564_FTANKF,0,2,2,False
HWY_BOX_1564_FTRKF,0,2,2,False
HWY_BOX_1564_FVEHF,0,2,2,False
HWY_BOX_1564_HAZMAT,0,2,2,False
HWY_BOX_1564_ODF,0,2,2,False
HWY_BOX_1564_OPP,0,30,20,False
HWY_BOX_1564_OPP_AFR,0,60,10,False
HWY_BOX_1564_OPP_ENG,0,10,10,False
HWY_BOX_1565_ACCIBF,0,2,2,False
HWY_BOX_1565_ACCIF,0,2,2,False
HWY_BOX_1565_ACCIHF,0,2,2,False
HWY_BOX_1565_ACCIMF,0,2,2,False
HWY_BOX_1565_ACCITF,0,2,2,False
HWY_BOX_1565_ALPHA,0,2,2,False
HWY_BOX_1565_BRAVO,0,2,2,False
HWY_BOX_1565_CHARLIE,0,2,2,False
HWY_BOX_1565_CPRF,0,2,2,False
HWY_BOX_1565_FACCIF,0,2,2,False
HWY_BOX_1565_FDACCF,0,2,2,False
HWY_BOX_1565_FDACCIF,0,2,2,False
HWY_BOX_1565_FDACCIMF,0,2,2,False
HWY_BOX_1565_FTANKF,0,2,2,False
HWY_BOX_1565_FTRKF,0,2,2,False
HWY_BOX_1565_FVEHF,0,2,2,False
HWY_BOX_1565_HAZMAT,0,2,2,False
HWY_BOX_1565_OPP,0,29,20,False
HWY_BOX_1565_OPP_AFR,0,54,10,False
HWY_BOX_1565_OPP_ENG,0,10,10,False
HWY_BOX_1566_ACCIBF,0,2,2,False
HWY_BOX_1566_ACCIF,0,2,2,False
HWY_BOX_1566_ACCIHF,0,2,2,False
HWY_BOX_1566_ACCIMF,0,2,2,False
HWY_BOX_1566_ACCITF,0,2,2,False
HWY_BOX_1566_ALPHA,0,2,2,False
HWY_BOX_1566_BRAVO,0,2,2,False
HWY_BOX_1566_CHARLIE,0,2,2,False
HWY_BOX_1566_CPRF,0,2,2,False
HWY_BOX_1566_FACCIF,0,2,2,False
HWY_BOX_1566_FDACCF,0,2,2,False
HWY_BOX_1566_FDACCIF,0,2,2,False
HWY_BOX_1566_FDACCIMF,0,2,2,False
HWY_BOX_1566_FDACCITF,0,2,2,False
HWY_BOX_1566_FTANKF,0,2,2,False
HWY_BOX_1566_FTRKF,0,2,2,False
HWY_BOX_1566_FVEHF,0,2,2,False
HWY_BOX_1566_HAZMAT,0,2,2,False
HWY_BOX_1566_ODF,0,2,2,False
HWY_BOX_1566_OPP,0,30,20,False
HWY_BOX_1566_OPP_AFR,0,60,10,False
HWY_BOX_1566_OPP_ENG,0,10,10,False
HWY_BOX_1567_ACCIBF,0,2,2,False
HWY_BOX_1567_ACCIF,0,2,2,False
HWY_BOX_1567_ACCIHF,0,2,2,False
HWY_BOX_1567_ACCIMF,0,2,2,False
HWY_BOX_1567_ACCITF,0,2,2,False
HWY_BOX_1567_ALPHA,0,2,2,False
HWY_BOX_1567_BRAVO,0,2,2,False
HWY_BOX_1567_CHARLIE,0,2,2,False
HWY_BOX_1567_CPRF,0,2,2,False
HWY_BOX_1567_FACCIF,0,2,2,False
HWY_BOX_1567_FDACCF,0,2,2,False
HWY_BOX_1567_FDACCIF,0,2,2,False
HWY_BOX_1567_FDACCIMF,0,2,2,False
HWY_BOX_1567_FDACCITF,0,2,2,False
HWY_BOX_1567_FTANKF,0,2,2,False
HWY_BOX_1567_FTRKF,0,2,2,False
HWY_BOX_1567_FVEHF,0,2,2,False
HWY_BOX_1567_HAZMAT,0,2,2,False
HWY_BOX_1567_OPP,0,30,20,False
HWY_BOX_1567_OPP_AFR,0,52,10,False
HWY_BOX_1567_OPP_ENG,0,10,10,False
HWY_BOX_1568_ACCIBF,0,2,2,False
HWY_BOX_1568_ACCIF,0,2,2,False
HWY_BOX_1568_ACCIHF,0,2,2,False
HWY_BOX_1568_ACCIMF,0,2,2,False
HWY_BOX_1568_ACCITF,0,2,2,False
HWY_BOX_1568_ALPHA,0,2,2,False
HWY_BOX_1568_BRAVO,0,2,2,False
HWY_BOX_1568_CHARLIE,0,2,2,False
HWY_BOX_1568_CPRF,0,2,2,False
HWY_BOX_1568_FACCIF,0,2,2,False
HWY_BOX_1568_FDACCF,0,2,2,False
HWY_BOX_1568_FDACCIF,0,2,2,False
HWY_BOX_1568_FDACCIMF,0,2,2,False
HWY_BOX_1568_FDACCITF,0,2,2,False
HWY_BOX_1568_FTANKF,0,2,2,False
HWY_BOX_1568_FTRKF,0,2,2,False
HWY_BOX_1568_FVEHF,0,2,2,False
HWY_BOX_1568_HAZMAT,0,2,2,False
HWY_BOX_1568_ODF,0,2,2,False
HWY_BOX_1568_OPP,0,30,20,False
HWY_BOX_1568_OPP_AFR,0,60,10,False
HWY_BOX_1568_OPP_ENG,0,10,10,False
HWY_BOX_1569_ACCIBF,0,2,2,False
HWY_BOX_1569_ACCIF,0,2,2,False
HWY_BOX_1569_ACCIHF,0,2,2,False
HWY_BOX_1569_ACCIMF,0,2,2,False
HWY_BOX_1569_ACCITF,0,2,2,False
HWY_BOX_1569_ALPHA,0,2,2,False
HWY_BOX_1569_BRAVO,0,2,2,False
HWY_BOX_1569_CHARLIE,0,2,2,False
HWY_BOX_1569_CPRF,0,2,2,False
HWY_BOX_1569_FACCIF,0,2,2,False
HWY_BOX_1569_FDACCF,0,2,2,False
HWY_BOX_1569_FDACCIF,0,2,2,False
HWY_BOX_1569_FDACCIMF,0,2,2,False
HWY_BOX_1569_FDACCITF,0,2,2,False
HWY_BOX_1569_FTANKF,0,2,2,False
HWY_BOX_1569_FTRKF,0,2,2,False
HWY_BOX_1569_FVEHF,0,2,2,False
HWY_BOX_1569_HAZMAT,0,2,2,False
HWY_BOX_1569_ODF,0,2,2,False
HWY_BOX_1569_OPP,0,30,20,False
HWY_BOX_1569_OPP_AFR,0,50,10,False
HWY_BOX_1569_OPP_ENG,0,10,10,False
HWY_BOX_1570_ACCIBF,0,2,2,False
HWY_BOX_1570_ACCIF,0,2,2,False
HWY_BOX_1570_ACCIHF,0,2,2,False
HWY_BOX_1570_ACCIMF,0,2,2,False
HWY_BOX_1570_ACCITF,0,2,2,False
HWY_BOX_1570_ALPHA,0,2,2,False
HWY_BOX_1570_BRAVO,0,2,2,False
HWY_BOX_1570_CHARLIE,0,2,2,False
HWY_BOX_1570_CPRF,0,2,2,False
HWY_BOX_1570_FACCIF,0,2,2,False
HWY_BOX_1570_FDACCF,0,2,2,False
HWY_BOX_1570_FDACCIF,0,2,2,False
HWY_BOX_1570_FDACCIMF,0,2,2,False
HWY_BOX_1570_FDACCITF,0,2,2,False
HWY_BOX_1570_FTANKF,0,2,2,False
HWY_BOX_1570_FTRKF,0,2,2,False
HWY_BOX_1570_FVEHF,0,2,2,False
HWY_BOX_1570_HAZMAT,0,2,2,False
HWY_BOX_1570_OPP,0,30,20,False
HWY_BOX_1570_OPP_AFR,0,60,10,False
HWY_BOX_1570_OPP_ENG,0,10,10,False
HWY_BOX_1571_ACCIBF,0,2,2,False
HWY_BOX_1571_ACCIF,0,2,2,False
HWY_BOX_1571_ACCIHF,0,2,2,False
HWY_BOX_1571_ACCIMF,0,2,2,False
HWY_BOX_1571_ACCITF,0,2,2,False
HWY_BOX_1571_ALPHA,0,2,2,False
HWY_BOX_1571_BRAVO,0,2,2,False
HWY_BOX_1571_CHARLIE,0,2,2,False
HWY_BOX_1571_CPRF,0,2,2,False
HWY_BOX_1571_FACCIF,0,2,2,False
HWY_BOX_1571_FDACCF,0,2,2,False
HWY_BOX_1571_FDACCIF,0,2,2,False
HWY_BOX_1571_FDACCIMF,0,2,2,False
HWY_BOX_1571_FDACCITF,0,2,2,False
HWY_BOX_1571_FTANKF,0,2,2,False
HWY_BOX_1571_FTRKF,0,2,2,False
HWY_BOX_1571_FVEHF,0,2,2,False
HWY_BOX_1571_HAZMAT,0,2,2,False
HWY_BOX_1571_ODF,0,2,2,False
HWY_BOX_1571_OPP,0,30,20,False
HWY_BOX_1571_OPP_AFR,0,50,10,False
HWY_BOX_1571_OPP_ENG,0,10,10,False
HWY_BOX_1572_ACCIBF,0,2,2,False
HWY_BOX_1572_ACCIF,0,2,2,False
HWY_BOX_1572_ACCIHF,0,2,2,False
HWY_BOX_1572_ACCIMF,0,2,2,False
HWY_BOX_1572_ACCITF,0,2,2,False
HWY_BOX_1572_ALPHA,0,2,2,False
HWY_BOX_1572_BRAVO,0,2,2,False
HWY_BOX_1572_CHARLIE,0,2,2,False
HWY_BOX_1572_CPRF,0,2,2,False
HWY_BOX_1572_FACCIF,0,2,2,False
HWY_BOX_1572_FDACCF,0,2,2,False
HWY_BOX_1572_FDACCIF,0,2,2,False
HWY_BOX_1572_FDACCIMF,0,2,2,False
HWY_BOX_1572_FDACCITF,0,2,2,False
HWY_BOX_1572_FTANKF,0,2,2,False
HWY_BOX_1572_FTRKF,0,2,2,False
HWY_BOX_1572_FVEHF,0,2,2,False
HWY_BOX_1572_HAZMAT,0,2,2,False
HWY_BOX_1572_ODF,0,2,2,False
HWY_BOX_1572_OPP,0,30,20,False
HWY_BOX_1572_OPP_AFR,0,57,10,False
HWY_BOX_1572_OPP_ENG,0,10,10,False
HWY_BOX_1573_ACCIBF,0,2,2,False
HWY_BOX_1573_ACCIF,0,2,2,False
HWY_BOX_1573_ACCIHF,0,2,2,False
HWY_BOX_1573_ACCIMF,0,2,2,False
HWY_BOX_1573_ACCITF,0,2,2,False
HWY_BOX_1573_ALPHA,0,2,2,False
HWY_BOX_1573_BRAVO,0,2,2,False
HWY_BOX_1573_CHARLIE,0,2,2,False
HWY_BOX_1573_CPRF,0,2,2,False
HWY_BOX_1573_FACCIF,0,2,2,False
HWY_BOX_1573_FDACCF,0,2,2,False
HWY_BOX_1573_FDACCIF,0,2,2,False
HWY_BOX_1573_FDACCIMF,0,2,2,False
HWY_BOX_1573_FDACCITF,0,2,2,False
HWY_BOX_1573_FTANKF,0,2,2,False
HWY_BOX_1573_FTRKF,0,2,2,False
HWY_BOX_1573_FVEHF,0,2,2,False
HWY_BOX_1573_HAZMAT,0,2,2,False
HWY_BOX_1573_ODF,0,2,2,False
HWY_BOX_1573_OPP,0,30,20,False
HWY_BOX_1573_OPP_AFR,0,50,10,False
HWY_BOX_1573_OPP_ENG,0,10,10,False
HWY_BOX_1574_ACCIBF,0,2,2,False
HWY_BOX_1574_ACCIF,0,2,2,False
HWY_BOX_1574_ACCIHF,0,2,2,False
HWY_BOX_1574_ACCIMF,0,2,2,False
HWY_BOX_1574_ACCITF,0,2,2,False
HWY_BOX_1574_ALPHA,0,2,2,False
HWY_BOX_1574_BRAVO,0,2,2,False
HWY_BOX_1574_CHARLIE,0,2,2,False
HWY_BOX_1574_CPRF,0,2,2,False
HWY_BOX_1574_FACCIF,0,2,2,False
HWY_BOX_1574_FDACCF,0,2,2,False
HWY_BOX_1574_FDACCIF,0,2,2,False
HWY_BOX_1574_FDACCIMF,0,2,2,False
HWY_BOX_1574_FDACCITF,0,2,2,False
HWY_BOX_1574_FTANKF,0,2,2,False
HWY_BOX_1574_FTRKF,0,2,2,False
HWY_BOX_1574_FVEHF,0,2,2,False
HWY_BOX_1574_HAZMAT,0,2,2,False
HWY_BOX_1574_ODF,0,2,2,False
HWY_BOX_1574_OPP,0,30,20,False
HWY_BOX_1574_OPP_AFR,0,57,10,False
HWY_BOX_1574_OPP_ENG,0,10,10,False
HWY_BOX_1575_ACCIBF,0,2,2,False
HWY_BOX_1575_ACCIF,0,2,2,False
HWY_BOX_1575_ACCIHF,0,2,2,False
HWY_BOX_1575_ACCIMF,0,2,2,False
HWY_BOX_1575_ACCITF,0,2,2,False
HWY_BOX_1575_ALPHA,0,2,2,False
HWY_BOX_1575_BRAVO,0,2,2,False
HWY_BOX_1575_CHARLIE,0,2,2,False
HWY_BOX_1575_CPRF,0,2,2,False
HWY_BOX_1575_FACCIF,0,2,2,False
HWY_BOX_1575_FDACCF,0,2,2,False
HWY_BOX_1575_FDACCIF,0,2,2,False
HWY_BOX_1575_FDACCIMF,0,2,2,False
HWY_BOX_1575_FDACCITF,0,2,2,False
HWY_BOX_1575_FTANKF,0,2,2,False
HWY_BOX_1575_FTRKF,0,2,2,False
HWY_BOX_1575_FVEHF,0,2,2,False
HWY_BOX_1575_HAZMAT,0,2,2,False
HWY_BOX_1575_ODF,0,2,2,False
HWY_BOX_1575_OPP,0,30,20,False
HWY_BOX_1575_OPP_AFR,0,50,10,False
HWY_BOX_1575_OPP_ENG,0,10,10,False
HWY_BOX_1576_ACCIBF,0,2,2,False
HWY_BOX_1576_ACCIF,0,2,2,False
HWY_BOX_1576_ACCIHF,0,2,2,False
HWY_BOX_1576_ACCIMF,0,2,2,False
HWY_BOX_1576_ACCITF,0,2,2,False
HWY_BOX_1576_ALPHA,0,2,2,False
HWY_BOX_1576_BRAVO,0,2,2,False
HWY_BOX_1576_CHARLIE,0,2,2,False
HWY_BOX_1576_CPRF,0,2,2,False
HWY_BOX_1576_FACCIF,0,2,2,False
HWY_BOX_1576_FDACCF,0,2,2,False
HWY_BOX_1576_FDACCIF,0,2,2,False
HWY_BOX_1576_FDACCIMF,0,2,2,False
HWY_BOX_1576_FDACCITF,0,2,2,False
HWY_BOX_1576_FTANKF,0,2,2,False
HWY_BOX_1576_FTRKF,0,2,2,False
HWY_BOX_1576_FVEHF,0,2,2,False
HWY_BOX_1576_HAZMAT,0,2,2,False
HWY_BOX_1576_ODF,0,2,2,False
HWY_BOX_1576_OPP,0,30,20,False
HWY_BOX_1576_OPP_AFR,0,57,10,False
HWY_BOX_1576_OPP_ENG,0,10,10,False
HWY_BOX_1750_ACCIBF,0,2,2,False
HWY_BOX_1750_ACCIF,0,2,2,False
HWY_BOX_1750_ACCIHF,0,2,2,False
HWY_BOX_1750_ACCIMF,0,2,2,False
HWY_BOX_1750_ACCITF,0,2,2,False
HWY_BOX_1750_ALPHA,0,2,2,False
HWY_BOX_1750_BRAVO,0,2,2,False
HWY_BOX_1750_CHARLIE,0,2,2,False
HWY_BOX_1750_CPRF,0,2,2,False
HWY_BOX_1750_FACCIF,0,2,2,False
HWY_BOX_1750_FDACCF,0,2,2,False
HWY_BOX_1750_FDACCIF,0,2,2,False
HWY_BOX_1750_FDACCIMF,0,2,2,False
HWY_BOX_1750_FDACCITF,0,2,2,False
HWY_BOX_1750_FTANKF,0,2,2,False
HWY_BOX_1750_FTRKF,0,2,2,False
HWY_BOX_1750_FVEHF,0,2,2,False
HWY_BOX_1750_HAZMAT,0,2,2,False
HWY_BOX_1750_ODF,0,2,2,False
HWY_BOX_1750_OPP,0,30,20,False
HWY_BOX_1750_OPP_AFR,0,60,10,False
HWY_BOX_1750_OPP_ENG,0,10,10,False
HWY_BOX_1751_ACCIBF,0,2,2,False
HWY_BOX_1751_ACCIF,0,2,2,False
HWY_BOX_1751_ACCIHF,0,2,2,False
HWY_BOX_1751_ACCIMF,0,2,2,False
HWY_BOX_1751_ACCITF,0,2,2,False
HWY_BOX_1751_ALPHA,0,2,2,False
HWY_BOX_1751_BRAVO,0,2,2,False
HWY_BOX_1751_CHARLIE,0,2,2,False
HWY_BOX_1751_CPRF,0,2,2,False
HWY_BOX_1751_FACCIF,0,2,2,False
HWY_BOX_1751_FDACCF,0,2,2,False
HWY_BOX_1751_FDACCIF,0,2,2,False
HWY_BOX_1751_FDACCIMF,0,2,2,False
HWY_BOX_1751_FDACCITF,0,2,2,False
HWY_BOX_1751_FTANKF,0,2,2,False
HWY_BOX_1751_FTRKF,0,2,2,False
HWY_BOX_1751_FVEHF,0,2,2,False
HWY_BOX_1751_HAZMAT,0,2,2,False
HWY_BOX_1751_ODF,0,2,2,False
HWY_BOX_1751_OPP,0,30,20,False
HWY_BOX_1751_OPP_AFR,0,60,10,False
HWY_BOX_1751_OPP_ENG,0,10,10,False
HWY_BOX_1752_ACCIBF,0,2,2,False
HWY_BOX_1752_ACCIF,0,2,2,False
HWY_BOX_1752_ACCIHF,0,2,2,False
HWY_BOX_1752_ACCIMF,0,2,2,False
HWY_BOX_1752_ACCITF,0,2,2,False
HWY_BOX_1752_ALPHA,0,2,2,False
HWY_BOX_1752_BRAVO,0,2,2,False
HWY_BOX_1752_CHARLIE,0,2,2,False
HWY_BOX_1752_CPRF,0,2,2,False
HWY_BOX_1752_FACCIF,0,2,2,False
HWY_BOX_1752_FDACCF,0,2,2,False
HWY_BOX_1752_FDACCIF,0,2,2,False
HWY_BOX_1752_FDACCIMF,0,2,2,False
HWY_BOX_1752_FDACCITF,0,2,2,False
HWY_BOX_1752_FTANKF,0,2,2,False
HWY_BOX_1752_FTRKF,0,2,2,False
HWY_BOX_1752_FVEHF,0,2,2,False
HWY_BOX_1752_HAZMAT,0,2,2,False
HWY_BOX_1752_ODF,0,2,2,False
HWY_BOX_1752_OPP,0,30,20,False
HWY_BOX_1752_OPP_AFR,0,50,10,False
HWY_BOX_1752_OPP_ENG,0,10,10,False
HWY_BOX_1753_ACCIBF,0,2,2,False
HWY_BOX_1753_ACCIF,0,2,2,False
HWY_BOX_1753_ACCIHF,0,2,2,False
HWY_BOX_1753_ACCIMF,0,2,2,False
HWY_BOX_1753_ACCITF,0,2,2,False
HWY_BOX_1753_ALPHA,0,2,2,False
HWY_BOX_1753_BRAVO,0,2,2,False
HWY_BOX_1753_CHARLIE,0,2,2,False
HWY_BOX_1753_CPRF,0,2,2,False
HWY_BOX_1753_FACCIF,0,2,2,False
HWY_BOX_1753_FDACCF,0,2,2,False
HWY_BOX_1753_FDACCIF,0,2,2,False
HWY_BOX_1753_FDACCIMF,0,2,2,False
HWY_BOX_1753_FDACCITF,0,2,2,False
HWY_BOX_1753_FTANKF,0,2,2,False
HWY_BOX_1753_FTRKF,0,2,2,False
HWY_BOX_1753_FVEHF,0,2,2,False
HWY_BOX_1753_HAZMAT,0,2,2,False
HWY_BOX_1753_ODF,0,2,2,False
HWY_BOX_1753_OPP,0,30,20,False
HWY_BOX_1753_OPP_AFR,0,60,10,False
HWY_BOX_1753_OPP_ENG,0,9,9,False
HWY_BOX_1754_ACCIBF,0,2,2,False
HWY_BOX_1754_ACCIF,0,2,2,False
HWY_BOX_1754_ACCIHF,0,2,2,False
HWY_BOX_1754_ACCIMF,0,2,2,False
HWY_BOX_1754_ACCITF,0,2,2,False
HWY_BOX_1754_ALPHA,0,2,2,False
HWY_BOX_1754_BRAVO,0,2,2,False
HWY_BOX_1754_CHARLIE,0,2,2,False
HWY_BOX_1754_CPRF,0,2,2,False
HWY_BOX_1754_FACCIF,0,2,2,False
HWY_BOX_1754_FDACCF,0,2,2,False
HWY_BOX_1754_FDACCIF,0,2,2,False
HWY_BOX_1754_FDACCIMF,0,2,2,False
HWY_BOX_1754_FDACCITF,0,2,2,False
HWY_BOX_1754_FTANKF,0,2,2,False
HWY_BOX_1754_FTRKF,0,2,2,False
HWY_BOX_1754_FVEHF,0,2,2,False
HWY_BOX_1754_HAZMAT,0,2,2,False
HWY_BOX_1754_ODF,0,2,2,False
HWY_BOX_1754_OPP,0,30,20,False
HWY_BOX_1754_OPP_AFR,0,51,10,False
HWY_BOX_1754_OPP_ENG,0,10,10,False
HWY_BOX_1755_ACCIBF,0,2,2,False
HWY_BOX_1755_ACCIF,0,2,2,False
HWY_BOX_1755_ACCIHF,0,2,2,False
HWY_BOX_1755_ACCIMF,0,2,2,False
HWY_BOX_1755_ACCITF,0,2,2,False
HWY_BOX_1755_ALPHA,0,2,2,False
HWY_BOX_1755_BRAVO,0,2,2,False
HWY_BOX_1755_CHARLIE,0,2,2,False
HWY_BOX_1755_CPRF,0,2,2,False
HWY_BOX_1755_FACCIF,0,2,2,False
HWY_BOX_1755_FDACCF,0,2,2,False
HWY_BOX_1755_FDACCIF,0,2,2,False
HWY_BOX_1755_FDACCIMF,0,2,2,False
HWY_BOX_1755_FDACCITF,0,2,2,False
HWY_BOX_1755_FTANKF,0,2,2,False
HWY_BOX_1755_FTRKF,0,2,2,False
HWY_BOX_1755_FVEHF,0,2,2,False
HWY_BOX_1755_HAZMAT,0,2,2,False
HWY_BOX_1755_ODF,0,2,2,False
HWY_BOX_1755_OPP,0,30,20,False
HWY_BOX_1755_OPP_AFR,0,60,10,False
HWY_BOX_1755_OPP_ENG,0,10,10,False
HWY_BOX_1756_ACCIBF,0,2,2,False
HWY_BOX_1756_ACCIF,0,2,2,False
HWY_BOX_1756_ACCIHF,0,2,2,False
HWY_BOX_1756_ACCIMF,0,2,2,False
HWY_BOX_1756_ACCITF,0,2,2,False
HWY_BOX_1756_ALPHA,0,2,2,False
HWY_BOX_1756_BRAVO,0,2,2,False
HWY_BOX_1756_CHARLIE,0,2,2,False
HWY_BOX_1756_CPRF,0,2,2,False
HWY_BOX_1756_FACCIF,0,2,2,False
HWY_BOX_1756_FDACCF,0,2,2,False
HWY_BOX_1756_FDACCIF,0,2,2,False
HWY_BOX_1756_FDACCIMF,0,2,2,False
HWY_BOX_1756_FDACCITF,0,2,2,False
HWY_BOX_1756_FTANKF,0,2,2,False
HWY_BOX_1756_FTRKF,0,2,2,False
HWY_BOX_1756_FVEHF,0,2,2,False
HWY_BOX_1756_HAZMAT,0,2,2,False
HWY_BOX_1756_ODF,0,2,2,False
HWY_BOX_1756_OPP,0,30,20,False
HWY_BOX_1756_OPP_AFR,0,60,10,False
HWY_BOX_1756_OPP_ENG,0,10,10,False
HWY_BOX_1760_ACCIBF,0,2,2,False
HWY_BOX_1760_ACCIF,0,2,2,False
HWY_BOX_1760_ACCIHF,0,2,2,False
HWY_BOX_1760_ACCIMF,0,2,2,False
HWY_BOX_1760_ACCITF,0,2,2,False
HWY_BOX_1760_ALPHA,0,2,2,False
HWY_BOX_1760_BRAVO,0,2,2,False
HWY_BOX_1760_CHARLIE,0,2,2,False
HWY_BOX_1760_CPRF,0,2,2,False
HWY_BOX_1760_FACCIF,0,2,2,False
HWY_BOX_1760_FDACCF,0,2,2,False
HWY_BOX_1760_FDACCIF,0,2,2,False
HWY_BOX_1760_FDACCIMF,0,2,2,False
HWY_BOX_1760_FDACCITF,0,2,2,False
HWY_BOX_1760_FTANKF,0,2,2,False
HWY_BOX_1760_FTRKF,0,2,2,False
HWY_BOX_1760_FVEHF,0,2,2,False
HWY_BOX_1760_HAZMAT,0,2,2,False
HWY_BOX_1760_ODF,0,2,2,False
HWY_BOX_1760_OPP,0,30,20,False
HWY_BOX_1760_OPP_AFR,0,60,10,False
HWY_BOX_1760_OPP_ENG,0,10,10,False
HWY_BOX_1761_ACCIBF,0,2,2,False
HWY_BOX_1761_ACCIF,0,2,2,False
HWY_BOX_1761_ACCIHF,0,2,2,False
HWY_BOX_1761_ACCIMF,0,2,2,False
HWY_BOX_1761_ACCITF,0,2,2,False
HWY_BOX_1761_ALPHA,0,2,2,False
HWY_BOX_1761_BRAVO,0,2,2,False
HWY_BOX_1761_CHARLIE,0,2,2,False
HWY_BOX_1761_CPRF,0,2,2,False
HWY_BOX_1761_FACCIF,0,2,2,False
HWY_BOX_1761_FDACCF,0,2,2,False
HWY_BOX_1761_FDACCIF,0,2,2,False
HWY_BOX_1761_FDACCIMF,0,2,2,False
HWY_BOX_1761_FDACCITF,0,2,2,False
HWY_BOX_1761_FTANKF,0,2,2,False
HWY_BOX_1761_FTRKF,0,2,2,False
HWY_BOX_1761_FVEHF,0,2,2,False
HWY_BOX_1761_HAZMAT,0,2,2,False
HWY_BOX_1761_ODF,0,2,2,False
HWY_BOX_1761_OPP,0,30,20,False
HWY_BOX_1761_OPP_AFR,0,60,10,False
HWY_BOX_1761_OPP_ENG,0,10,10,False
HWY_BOX_1762_ACCIBF,0,2,2,False
HWY_BOX_1762_ACCIF,0,2,2,False
HWY_BOX_1762_ACCIHF,0,2,2,False
HWY_BOX_1762_ACCIMF,0,2,2,False
HWY_BOX_1762_ACCITF,0,2,2,False
HWY_BOX_1762_ALPHA,0,2,2,False
HWY_BOX_1762_BRAVO,0,2,2,False
HWY_BOX_1762_CHARLIE,0,2,2,False
HWY_BOX_1762_CPRF,0,2,2,False
HWY_BOX_1762_FACCIF,0,2,2,False
HWY_BOX_1762_FDACCF,0,2,2,False
HWY_BOX_1762_FDACCIF,0,2,2,False
HWY_BOX_1762_FDACCIMF,0,2,2,False
HWY_BOX_1762_FDACCITF,0,2,2,False
HWY_BOX_1762_FTANKF,0,2,2,False
HWY_BOX_1762_FTRKF,0,2,2,False
HWY_BOX_1762_FVEHF,0,2,2,False
HWY_BOX_1762_HAZMAT,0,2,2,False
HWY_BOX_1762_ODF,0,2,2,False
HWY_BOX_1762_OPP,0,30,20,False
HWY_BOX_1762_OPP_AFR,0,60,10,False
HWY_BOX_1762_OPP_ENG,0,10,10,False
HWY_BOX_1763_ACCIBF,0,2,2,False
HWY_BOX_1763_ACCIF,0,2,2,False
HWY_BOX_1763_ACCIHF,0,2,2,False
HWY_BOX_1763_ACCIMF,0,2,2,False
HWY_BOX_1763_ACCITF,0,2,2,False
HWY_BOX_1763_ALPHA,0,2,2,False
HWY_BOX_1763_BRAVO,0,2,2,False
HWY_BOX_1763_CHARLIE,0,2,2,False
HWY_BOX_1763_CPRF,0,2,2,False
HWY_BOX_1763_FACCIF,0,2,2,False
HWY_BOX_1763_FDACCF,0,2,2,False
HWY_BOX_1763_FDACCIF,0,2,2,False
HWY_BOX_1763_FDACCIMF,0,2,2,False
HWY_BOX_1763_FDACCITF,0,2,2,False
HWY_BOX_1763_FTANKF,0,2,2,False
HWY_BOX_1763_FTRKF,0,2,2,False
HWY_BOX_1763_FVEHF,0,2,2,False
HWY_BOX_1763_HAZMAT,0,2,2,False
HWY_BOX_1763_ODF,0,2,2,False
HWY_BOX_1763_OPP,0,30,20,False
HWY_BOX_1763_OPP_AFR,0,60,10,False
HWY_BOX_1763_OPP_ENG,0,10,10,False
HWY_BOX_1765_ACCIBF,0,2,2,False
HWY_BOX_1765_ACCIF,0,2,2,False
HWY_BOX_1765_ACCIHF,0,2,2,False
HWY_BOX_1765_ACCIMF,0,2,2,False
HWY_BOX_1765_ACCITF,0,2,2,False
HWY_BOX_1765_ALPHA,0,2,2,False
HWY_BOX_1765_BRAVO,0,2,2,False
HWY_BOX_1765_CHARLIE,0,2,2,False
HWY_BOX_1765_CPRF,0,2,2,False
HWY_BOX_1765_FACCIF,0,2,2,False
HWY_BOX_1765_FDACCF,0,2,2,False
HWY_BOX_1765_FDACCIF,0,2,2,False
HWY_BOX_1765_FDACCIMF,0,2,2,False
HWY_BOX_1765_FDACCITF,0,2,2,False
HWY_BOX_1765_FTANKF,0,2,2,False
HWY_BOX_1765_FTRKF,0,2,2,False
HWY_BOX_1765_FVEHF,0,2,2,False
HWY_BOX_1765_HAZMAT,0,2,2,False
HWY_BOX_1765_ODF,0,2,2,False
HWY_BOX_1765_OPP,0,30,20,False
HWY_BOX_1765_OPP_AFR,0,59,10,False
HWY_BOX_1765_OPP_ENG,0,10,10,False
HWY_BOX_1766_ACCIBF,0,2,2,False
HWY_BOX_1766_ACCIF,0,2,2,False
HWY_BOX_1766_ACCIHF,0,2,2,False
HWY_BOX_1766_ACCIMF,0,2,2,False
HWY_BOX_1766_ACCITF,0,2,2,False
HWY_BOX_1766_ALPHA,0,2,2,False
HWY_BOX_1766_BRAVO,0,2,2,False
HWY_BOX_1766_CHARLIE,0,2,2,False
HWY_BOX_1766_CPRF,0,2,2,False
HWY_BOX_1766_FACCIF,0,2,2,False
HWY_BOX_1766_FDACCF,0,2,2,False
HWY_BOX_1766_FDACCIF,0,2,2,False
HWY_BOX_1766_FDACCIMF,0,2,2,False
HWY_BOX_1766_FDACCITF,0,2,2,False
HWY_BOX_1766_FTANKF,0,2,2,False
HWY_BOX_1766_FTRKF,0,2,2,False
HWY_BOX_1766_FVEHF,0,2,2,False
HWY_BOX_1766_HAZMAT,0,2,2,False
HWY_BOX_1766_ODF,0,2,2,False
HWY_BOX_1766_OPP,0,30,20,False
HWY_BOX_1766_OPP_AFR,0,50,10,False
HWY_BOX_1766_OPP_ENG,0,10,10,False
HWY_BOX_1767_ACCIBF,0,2,2,False
HWY_BOX_1767_ACCIF,0,2,2,False
HWY_BOX_1767_ACCIHF,0,2,2,False
HWY_BOX_1767_ACCIMF,0,2,2,False
HWY_BOX_1767_ACCITF,0,2,2,False
HWY_BOX_1767_ALPHA,0,2,2,False
HWY_BOX_1767_BRAVO,0,2,2,False
HWY_BOX_1767_CHARLIE,0,2,2,False
HWY_BOX_1767_CPRF,0,2,2,False
HWY_BOX_1767_FACCIF,0,2,2,False
HWY_BOX_1767_FDACCF,0,2,2,False
HWY_BOX_1767_FDACCIF,0,2,2,False
HWY_BOX_1767_FDACCIMF,0,2,2,False
HWY_BOX_1767_FDACCITF,0,2,2,False
HWY_BOX_1767_FTANKF,0,2,2,False
HWY_BOX_1767_FTRKF,0,2,2,False
HWY_BOX_1767_FVEHF,0,2,2,False
HWY_BOX_1767_HAZMAT,0,2,2,False
HWY_BOX_1767_ODF,0,2,2,False
HWY_BOX_1767_OPP,0,30,20,False
HWY_BOX_1767_OPP_AFR,0,60,10,False
HWY_BOX_1767_OPP_ENG,0,10,10,False
HWY_BOX_1769_ACCIBF,0,2,2,False
HWY_BOX_1769_ACCIF,0,2,2,False
HWY_BOX_1769_ACCIHF,0,2,2,False
HWY_BOX_1769_ACCIMF,0,2,2,False
HWY_BOX_1769_ACCITF,0,2,2,False
HWY_BOX_1769_ALPHA,0,2,2,False
HWY_BOX_1769_BRAVO,0,2,2,False
HWY_BOX_1769_CHARLIE,0,2,2,False
HWY_BOX_1769_CPRF,0,2,2,False
HWY_BOX_1769_FACCIF,0,2,2,False
HWY_BOX_1769_FDACCF,0,2,2,False
HWY_BOX_1769_FDACCIF,0,2,2,False
HWY_BOX_1769_FDACCIMF,0,2,2,False
HWY_BOX_1769_FDACCITF,0,2,2,False
HWY_BOX_1769_FTANKF,0,2,2,False
HWY_BOX_1769_FTRKF,0,2,2,False
HWY_BOX_1769_FVEHF,0,2,2,False
HWY_BOX_1769_HAZMAT,0,2,2,False
HWY_BOX_1769_ODF,0,2,2,False
HWY_BOX_1769_OPP,0,30,20,False
HWY_BOX_1769_OPP_AFR,0,60,10,False
HWY_BOX_1769_OPP_ENG,0,10,10,False
HWY_BOX_1771_ACCIBF,0,2,2,False
HWY_BOX_1771_ACCIF,0,2,2,False
HWY_BOX_1771_ACCIHF,0,2,2,False
HWY_BOX_1771_ACCIMF,0,2,2,False
HWY_BOX_1771_ACCITF,0,2,2,False
HWY_BOX_1771_ALPHA,0,2,2,False
HWY_BOX_1771_BRAVO,0,2,2,False
HWY_BOX_1771_CHARLIE,0,2,2,False
HWY_BOX_1771_CPRF,0,2,2,False
HWY_BOX_1771_FACCIF,0,2,2,False
HWY_BOX_1771_FDACCF,0,2,2,False
HWY_BOX_1771_FDACCIF,0,2,2,False
HWY_BOX_1771_FDACCIMF,0,2,2,False
HWY_BOX_1771_FDACCITF,0,2,2,False
HWY_BOX_1771_FTANKF,0,2,2,False
HWY_BOX_1771_FTRKF,0,2,2,False
HWY_BOX_1771_FVEHF,0,2,2,False
HWY_BOX_1771_HAZMAT,0,2,2,False
HWY_BOX_1771_ODF,0,2,2,False
HWY_BOX_1771_OPP,0,30,20,False
HWY_BOX_1771_OPP_AFR,0,60,10,False
HWY_BOX_1771_OPP_ENG,0,10,10,False
HWY_BOX_1773_ACCIBF,0,2,2,False
HWY_BOX_1773_ACCIF,0,2,2,False
HWY_BOX_1773_ACCIHF,0,2,2,False
HWY_BOX_1773_ACCIMF,0,2,2,False
HWY_BOX_1773_ACCITF,0,2,2,False
HWY_BOX_1773_ALPHA,0,2,2,False
HWY_BOX_1773_BRAVO,0,2,2,False
HWY_BOX_1773_CHARLIE,0,2,2,False
HWY_BOX_1773_CPRF,0,2,2,False
HWY_BOX_1773_FACCIF,0,2,2,False
HWY_BOX_1773_FDACCF,0,2,2,False
HWY_BOX_1773_FDACCIF,0,2,2,False
HWY_BOX_1773_FDACCIMF,0,2,2,False
HWY_BOX_1773_FDACCITF,0,2,2,False
HWY_BOX_1773_FTANKF,0,2,2,False
HWY_BOX_1773_FTRKF,0,2,2,False
HWY_BOX_1773_FVEHF,0,2,2,False
HWY_BOX_1773_HAZMAT,0,2,2,False
HWY_BOX_1773_ODF,0,2,2,False
HWY_BOX_1773_OPP,0,30,20,False
HWY_BOX_1773_OPP_AFR,0,60,10,False
HWY_BOX_1773_OPP_ENG,0,10,10,False
HWY_BOX_1775_ACCIBF,0,2,2,False
HWY_BOX_1775_ACCIF,0,2,2,False
HWY_BOX_1775_ACCIHF,0,2,2,False
HWY_BOX_1775_ACCIMF,0,2,2,False
HWY_BOX_1775_ACCITF,0,2,2,False
HWY_BOX_1775_ALPHA,0,2,2,False
HWY_BOX_1775_BRAVO,0,2,2,False
HWY_BOX_1775_CHARLIE,0,2,2,False
HWY_BOX_1775_CPRF,0,2,2,False
HWY_BOX_1775_FACCIF,0,2,2,False
HWY_BOX_1775_FDACCF,0,2,2,False
HWY_BOX_1775_FDACCIF,0,2,2,False
HWY_BOX_1775_FDACCIMF,0,2,2,False
HWY_BOX_1775_FDACCITF,0,2,2,False
HWY_BOX_1775_FTANKF,0,2,2,False
HWY_BOX_1775_FTRKF,0,2,2,False
HWY_BOX_1775_FVEHF,0,2,2,False
HWY_BOX_1775_HAZMAT,0,2,2,False
HWY_BOX_1775_ODF,0,2,2,False
HWY_BOX_1775_OPP,0,30,20,False
HWY_BOX_1775_OPP_AFR,0,50,10,False
HWY_BOX_1775_OPP_ENG,0,10,10,False
HWY_BOX_1850_ACCIBF,0,2,2,False
HWY_BOX_1850_ACCIF,0,2,2,False
HWY_BOX_1850_ACCIHF,0,2,2,False
HWY_BOX_1850_ACCIMF,0,2,2,False
HWY_BOX_1850_ACCITF,0,2,2,False
HWY_BOX_1850_ALPHA,0,2,2,False
HWY_BOX_1850_BRAVO,0,2,2,False
HWY_BOX_1850_CHARLIE,0,2,2,False
HWY_BOX_1850_CPRF,0,2,2,False
HWY_BOX_1850_FACCIF,0,2,2,False
HWY_BOX_1850_FDACCF,0,2,2,False
HWY_BOX_1850_FDACCIF,0,2,2,False
HWY_BOX_1850_FDACCIMF,0,2,2,False
HWY_BOX_1850_FDACCITF,0,2,2,False
HWY_BOX_1850_FTANKF,0,2,2,False
HWY_BOX_1850_FTRKF,0,2,2,False
HWY_BOX_1850_FVEHF,0,2,2,False
HWY_BOX_1850_HAZMAT,0,2,2,False
HWY_BOX_1850_ODF,0,2,2,False
HWY_BOX_1850_OPP,0,30,20,False
HWY_BOX_1850_OPP_AFR,0,50,10,False
HWY_BOX_1850_OPP_ENG,0,10,10,False
HWY_BOX_1851_ACCIBF,0,2,2,False
HWY_BOX_1851_ACCIF,0,2,2,False
HWY_BOX_1851_ACCIHF,0,2,2,False
HWY_BOX_1851_ACCIMF,0,2,2,False
HWY_BOX_1851_ACCITF,0,2,2,False
HWY_BOX_1851_ALPHA,0,2,2,False
HWY_BOX_1851_BRAVO,0,2,2,False
HWY_BOX_1851_CHARLIE,0,2,2,False
HWY_BOX_1851_CPRF,0,2,2,False
HWY_BOX_1851_FACCIF,0,2,2,False
HWY_BOX_1851_FDACCF,0,2,2,False
HWY_BOX_1851_FDACCIF,0,2,2,False
HWY_BOX_1851_FDACCIMF,0,2,2,False
HWY_BOX_1851_FDACCITF,0,2,2,False
HWY_BOX_1851_FTANKF,0,2,2,False
HWY_BOX_1851_FTRKF,0,2,2,False
HWY_BOX_1851_FVEHF,0,2,2,False
HWY_BOX_1851_HAZMAT,0,2,2,False
HWY_BOX_1851_ODF,0,2,2,False
HWY_BOX_1851_OPP,0,30,20,False
HWY_BOX_1851_OPP_AFR,0,52,10,False
HWY_BOX_1851_OPP_ENG,0,10,10,False
HWY_BOX_1860_ACCIBF,0,2,2,False
HWY_BOX_1860_ACCIF,0,2,2,False
HWY_BOX_1860_ACCIHF,0,2,2,False
HWY_BOX_1860_ACCIMF,0,2,2,False
HWY_BOX_1860_ACCITF,0,2,2,False
HWY_BOX_1860_ALPHA,0,2,2,False
HWY_BOX_1860_BRAVO,0,2,2,False
HWY_BOX_1860_CHARLIE,0,2,2,False
HWY_BOX_1860_CPRF,0,2,2,False
HWY_BOX_1860_FACCIF,0,2,2,False
HWY_BOX_1860_FDACCF,0,2,2,False
HWY_BOX_1860_FDACCIF,0,2,2,False
HWY_BOX_1860_FDACCIMF,0,2,2,False
HWY_BOX_1860_FDACCITF,0,2,2,False
HWY_BOX_1860_FTANKF,0,2,2,False
HWY_BOX_1860_FTRKF,0,2,2,False
HWY_BOX_1860_FVEHF,0,2,2,False
HWY_BOX_1860_HAZMAT,0,2,2,False
HWY_BOX_1860_ODF,0,2,2,False
HWY_BOX_1860_OPP,0,30,20,False
HWY_BOX_1860_OPP_AFR,0,60,10,False
HWY_BOX_1860_OPP_ENG,0,10,10,False
HWY_BOX_1861_ACCIBF,0,2,2,False
HWY_BOX_1861_ACCIF,0,2,2,False
HWY_BOX_1861_ACCIHF,0,2,2,False
HWY_BOX_1861_ACCIMF,0,2,2,False
HWY_BOX_1861_ACCITF,0,2,2,False
HWY_BOX_1861_ALPHA,0,2,2,False
HWY_BOX_1861_BRAVO,0,2,2,False
HWY_BOX_1861_CHARLIE,0,2,2,False
HWY_BOX_1861_CPRF,0,2,2,False
HWY_BOX_1861_FACCIF,0,2,2,False
HWY_BOX_1861_FDACCF,0,2,2,False
HWY_BOX_1861_FDACCIF,0,2,2,False
HWY_BOX_1861_FDACCIMF,0,2,2,False
HWY_BOX_1861_FDACCITF,0,2,2,False
HWY_BOX_1861_FTANKF,0,2,2,False
HWY_BOX_1861_FTRKF,0,2,2,False
HWY_BOX_1861_FVEHF,0,2,2,False
HWY_BOX_1861_HAZMAT,0,2,2,False
HWY_BOX_1861_ODF,0,2,2,False
HWY_BOX_1861_OPP,0,30,20,False
HWY_BOX_1861_OPP_AFR,0,60,10,False
HWY_BOX_1861_OPP_ENG,0,10,10,False
HWY_BOX_1862_ACCIBF,0,2,2,False
HWY_BOX_1862_ACCIF,0,2,2,False
HWY_BOX_1862_ACCIHF,0,2,2,False
HWY_BOX_1862_ACCIMF,0,2,2,False
HWY_BOX_1862_ACCITF,0,2,2,False
HWY_BOX_1862_ALPHA,0,2,2,False
HWY_BOX_1862_BRAVO,0,2,2,False
HWY_BOX_1862_CHARLIE,0,2,2,False
HWY_BOX_1862_CPRF,0,2,2,False
HWY_BOX_1862_FACCIF,0,2,2,False
HWY_BOX_1862_FDACCF,0,2,2,False
HWY_BOX_1862_FDACCIF,0,2,2,False
HWY_BOX_1862_FDACCIMF,0,2,2,False
HWY_BOX_1862_FDACCITF,0,2,2,False
HWY_BOX_1862_FTANKF,0,2,2,False
HWY_BOX_1862_FTRKF,0,2,2,False
HWY_BOX_1862_FVEHF,0,2,2,False
HWY_BOX_1862_HAZMAT,0,2,2,False
HWY_BOX_1862_ODF,0,2,2,False
HWY_BOX_1862_OPP,0,30,20,False
HWY_BOX_1862_OPP_AFR,0,60,10,False
HWY_BOX_1862_OPP_ENG,0,10,10,False
HWY_BOX_1863_ACCIBF,0,2,2,False
HWY_BOX_1863_ACCIF,0,2,2,False
HWY_BOX_1863_ACCIHF,0,2,2,False
HWY_BOX_1863_ACCIMF,0,2,2,False
HWY_BOX_1863_ACCITF,0,2,2,False
HWY_BOX_1863_ALPHA,0,2,2,False
HWY_BOX_1863_BRAVO,0,2,2,False
HWY_BOX_1863_CHARLIE,0,2,2,False
HWY_BOX_1863_CPRF,0,2,2,False
HWY_BOX_1863_FACCIF,0,2,2,False
HWY_BOX_1863_FDACCF,0,2,2,False
HWY_BOX_1863_FDACCIF,0,2,2,False
HWY_BOX_1863_FDACCIMF,0,2,2,False
HWY_BOX_1863_FDACCITF,0,2,2,False
HWY_BOX_1863_FTANKF,0,2,2,False
HWY_BOX_1863_FTRKF,0,2,2,False
HWY_BOX_1863_FVEHF,0,2,2,False
HWY_BOX_1863_HAZMAT,0,2,2,False
HWY_BOX_1863_ODF,0,2,2,False
HWY_BOX_1863_OPP,0,30,20,False
HWY_BOX_1863_OPP_AFR,0,50,10,False
HWY_BOX_1863_OPP_ENG,0,10,10,False
HWY_BOX_1864_ACCIBF,0,2,2,False
HWY_BOX_1864_ACCIF,0,2,2,False
HWY_BOX_1864_ACCIHF,0,2,2,False
HWY_BOX_1864_ACCIMF,0,2,2,False
HWY_BOX_1864_ACCITF,0,2,2,False
HWY_BOX_1864_ALPHA,0,2,2,False
HWY_BOX_1864_BRAVO,0,2,2,False
HWY_BOX_1864_CHARLIE,0,2,2,False
HWY_BOX_1864_CPRF,0,2,2,False
HWY_BOX_1864_FACCIF,0,2,2,False
HWY_BOX_1864_FDACCF,0,2,2,False
HWY_BOX_1864_FDACCIF,0,2,2,False
HWY_BOX_1864_FDACCIMF,0,2,2,False
HWY_BOX_1864_FDACCITF,0,2,2,False
HWY_BOX_1864_FTANKF,0,2,2,False
HWY_BOX_1864_FTRKF,0,2,2,False
HWY_BOX_1864_FVEHF,0,2,2,False
HWY_BOX_1864_HAZMAT,0,2,2,False
HWY_BOX_1864_ODF,0,2,2,False
HWY_BOX_1864_OPP,0,30,20,False
HWY_BOX_1864_OPP_AFR,0,60,10,False
HWY_BOX_1864_OPP_ENG,0,10,10,False
HWY_BOX_1866_ACCIBF,0,2,2,False
HWY_BOX_1866_ACCIF,0,2,2,False
HWY_BOX_1866_ACCIHF,0,2,2,False
HWY_BOX_1866_ACCIMF,0,2,2,False
HWY_BOX_1866_ACCITF,0,2,2,False
HWY_BOX_1866_ALPHA,0,2,2,False
HWY_BOX_1866_BRAVO,0,2,2,False
HWY_BOX_1866_CHARLIE,0,2,2,False
HWY_BOX_1866_CPRF,0,2,2,False
HWY_BOX_1866_FACCIF,0,2,2,False
HWY_BOX_1866_FDACCF,0,2,2,False
HWY_BOX_1866_FDACCIF,0,2,2,False
HWY_BOX_1866_FDACCIMF,0,2,2,False
HWY_BOX_1866_FDACCITF,0,2,2,False
HWY_BOX_1866_FTANKF,0,2,2,False
HWY_BOX_1866_FTRKF,0,2,2,False
HWY_BOX_1866_FVEHF,0,2,2,False
HWY_BOX_1866_HAZMAT,0,2,2,False
HWY_BOX_1866_ODF,0,2,2,False
HWY_BOX_1866_OPP,0,30,20,False
HWY_BOX_1866_OPP_AFR,0,60,10,False
HWY_BOX_1866_OPP_ENG,0,10,10,False
HWY_BOX_1868_ACCIBF,0,2,2,False
HWY_BOX_1868_ACCIF,0,2,2,False
HWY_BOX_1868_ACCIHF,0,2,2,False
HWY_BOX_1868_ACCIMF,0,2,2,False
HWY_BOX_1868_ACCITF,0,2,2,False
HWY_BOX_1868_ALPHA,0,2,2,False
HWY_BOX_1868_BRAVO,0,2,2,False
HWY_BOX_1868_CHARLIE,0,2,2,False
HWY_BOX_1868_CPRF,0,2,2,False
HWY_BOX_1868_FACCIF,0,2,2,False
HWY_BOX_1868_FDACCF,0,2,2,False
HWY_BOX_1868_FDACCIF,0,2,2,False
HWY_BOX_1868_FDACCIMF,0,2,2,False
HWY_BOX_1868_FDACCITF,0,2,2,False
HWY_BOX_1868_FTANKF,0,2,2,False
HWY_BOX_1868_FTRKF,0,2,2,False
HWY_BOX_1868_FVEHF,0,2,2,False
HWY_BOX_1868_HAZMAT,0,2,2,False
HWY_BOX_1868_ODF,0,2,2,False
HWY_BOX_1868_OPP,0,30,20,False
HWY_BOX_1868_OPP_AFR,0,60,10,False
HWY_BOX_1868_OPP_ENG,0,10,10,False
HWY_BOX_1950_ACCIBF,0,2,2,False
HWY_BOX_1950_ACCIF,0,2,2,False
HWY_BOX_1950_ACCIHF,0,2,2,False
HWY_BOX_1950_ACCIMF,0,2,2,False
HWY_BOX_1950_ACCITF,0,2,2,False
HWY_BOX_1950_ALPHA,0,2,2,False
HWY_BOX_1950_BRAVO,0,2,2,False
HWY_BOX_1950_CHARLIE,0,2,2,False
HWY_BOX_1950_CPRF,0,2,2,False
HWY_BOX_1950_FACCIF,0,2,2,False
HWY_BOX_1950_FDACCF,0,2,2,False
HWY_BOX_1950_FDACCIF,0,2,2,False
HWY_BOX_1950_FDACCIMF,0,2,2,False
HWY_BOX_1950_FDACCITF,0,2,2,False
HWY_BOX_1950_FTANKF,0,2,2,False
HWY_BOX_1950_FTRKF,0,2,2,False
HWY_BOX_1950_FVEHF,0,2,2,False
HWY_BOX_1950_HAZMAT,0,2,2,False
HWY_BOX_1950_ODF,0,2,2,False
HWY_BOX_1950_OPP,0,30,20,False
HWY_BOX_1950_OPP_AFR,0,59,10,False
HWY_BOX_1950_OPP_ENG,0,10,10,False
HWY_BOX_1952_ACCIBF,0,2,2,False
HWY_BOX_1952_ACCIF,0,2,2,False
HWY_BOX_1952_ACCIHF,0,2,2,False
HWY_BOX_1952_ACCIMF,0,2,2,False
HWY_BOX_1952_ACCITF,0,2,2,False
HWY_BOX_1952_ALPHA,0,2,2,False
HWY_BOX_1952_BRAVO,0,2,2,False
HWY_BOX_1952_CHARLIE,0,2,2,False
HWY_BOX_1952_CPRF,0,2,2,False
HWY_BOX_1952_FACCIF,0,2,2,False
HWY_BOX_1952_FDACCF,0,2,2,False
HWY_BOX_1952_FDACCIF,0,2,2,False
HWY_BOX_1952_FDACCIMF,0,2,2,False
HWY_BOX_1952_FDACCITF,0,2,2,False
HWY_BOX_1952_FTANKF,0,2,2,False
HWY_BOX_1952_FTRKF,0,2,2,False
HWY_BOX_1952_FVEHF,0,2,2,False
HWY_BOX_1952_HAZMAT,0,2,2,False
HWY_BOX_1952_ODF,0,2,2,False
HWY_BOX_1952_OPP,0,30,20,False
HWY_BOX_1952_OPP_AFR,0,59,10,False
HWY_BOX_1952_OPP_ENG,0,11,11,False
HWY_BOX_1953_ACCIBF,0,2,2,False
HWY_BOX_1953_ACCIF,0,2,2,False
HWY_BOX_1953_ACCIHF,0,2,2,False
HWY_BOX_1953_ACCIMF,0,2,2,False
HWY_BOX_1953_ACCITF,0,2,2,False
HWY_BOX_1953_ALPHA,0,2,2,False
HWY_BOX_1953_BRAVO,0,2,2,False
HWY_BOX_1953_CHARLIE,0,2,2,False
HWY_BOX_1953_CPRF,0,2,2,False
HWY_BOX_1953_FACCIF,0,2,2,False
HWY_BOX_1953_FDACCF,0,2,2,False
HWY_BOX_1953_FDACCIF,0,2,2,False
HWY_BOX_1953_FDACCIMF,0,2,2,False
HWY_BOX_1953_FDACCITF,0,2,2,False
HWY_BOX_1953_FTANKF,0,2,2,False
HWY_BOX_1953_FTRKF,0,2,2,False
HWY_BOX_1953_FVEHF,0,2,2,False
HWY_BOX_1953_HAZMAT,0,2,2,False
HWY_BOX_1953_ODF,0,2,2,False
HWY_BOX_1953_OPP,0,30,20,False
HWY_BOX_1953_OPP_AFR,0,60,10,False
HWY_BOX_1953_OPP_ENG,0,10,10,False
HWY_BOX_1954_ACCIBF,0,2,2,False
HWY_BOX_1954_ACCIF,0,2,2,False
HWY_BOX_1954_ACCIHF,0,2,2,False
HWY_BOX_1954_ACCIMF,0,2,2,False
HWY_BOX_1954_ACCITF,0,2,2,False
HWY_BOX_1954_ALPHA,0,2,2,False
HWY_BOX_1954_BRAVO,0,2,2,False
HWY_BOX_1954_CHARLIE,0,2,2,False
HWY_BOX_1954_CPRF,0,2,2,False
HWY_BOX_1954_FACCIF,0,2,2,False
HWY_BOX_1954_FDACCF,0,2,2,False
HWY_BOX_1954_FDACCIF,0,2,2,False
HWY_BOX_1954_FDACCIMF,0,2,2,False
HWY_BOX_1954_FDACCITF,0,2,2,False
HWY_BOX_1954_FTANKF,0,2,2,False
HWY_BOX_1954_FTRKF,0,2,2,False
HWY_BOX_1954_FVEHF,0,2,2,False
HWY_BOX_1954_HAZMAT,0,2,2,False
HWY_BOX_1954_ODF,0,2,2,False
HWY_BOX_1954_OPP,0,30,20,False
HWY_BOX_1954_OPP_AFR,0,59,10,False
HWY_BOX_1954_OPP_ENG,0,10,10,False
HWY_BOX_1955_ACCIBF,0,2,2,False
HWY_BOX_1955_ACCIF,0,2,2,False
HWY_BOX_1955_ACCIHF,0,2,2,False
HWY_BOX_1955_ACCIMF,0,2,2,False
HWY_BOX_1955_ACCITF,0,2,2,False
HWY_BOX_1955_ALPHA,0,2,2,False
HWY_BOX_1955_BRAVO,0,2,2,False
HWY_BOX_1955_CHARLIE,0,2,2,False
HWY_BOX_1955_CPRF,0,2,2,False
HWY_BOX_1955_FACCIF,0,2,2,False
HWY_BOX_1955_FDACCF,0,2,2,False
HWY_BOX_1955_FDACCIF,0,2,2,False
HWY_BOX_1955_FDACCIMF,0,2,2,False
HWY_BOX_1955_FDACCITF,0,2,2,False
HWY_BOX_1955_FTANKF,0,2,2,False
HWY_BOX_1955_FTRKF,0,2,2,False
HWY_BOX_1955_FVEHF,0,2,2,False
HWY_BOX_1955_HAZMAT,0,2,2,False
HWY_BOX_1955_ODF,0,2,2,False
HWY_BOX_1955_OPP,0,30,20,False
HWY_BOX_1955_OPP_AFR,0,60,10,False
HWY_BOX_1955_OPP_ENG,0,10,10,False
HWY_BOX_1957_ACCIBF,0,2,2,False
HWY_BOX_1957_ACCIF,0,2,2,False
HWY_BOX_1957_ACCIHF,0,2,2,False
HWY_BOX_1957_ACCIMF,0,2,2,False
HWY_BOX_1957_ACCITF,0,2,2,False
HWY_BOX_1957_ALPHA,0,2,2,False
HWY_BOX_1957_BRAVO,0,2,2,False
HWY_BOX_1957_CHARLIE,0,2,2,False
HWY_BOX_1957_CPRF,0,2,2,False
HWY_BOX_1957_FACCIF,0,2,2,False
HWY_BOX_1957_FDACCF,0,2,2,False
HWY_BOX_1957_FDACCIF,0,2,2,False
HWY_BOX_1957_FDACCIMF,0,2,2,False
HWY_BOX_1957_FDACCITF,0,2,2,False
HWY_BOX_1957_FTANKF,0,2,2,False
HWY_BOX_1957_FTRKF,0,2,2,False
HWY_BOX_1957_FVEHF,0,2,2,False
HWY_BOX_1957_HAZMAT,0,2,2,False
HWY_BOX_1957_ODF,0,2,2,False
HWY_BOX_1957_OPP,0,30,20,False
HWY_BOX_1957_OPP_AFR,0,50,10,False
HWY_BOX_1957_OPP_ENG,0,10,10,False
HWY_BOX_1959_ACCIBF,0,2,2,False
HWY_BOX_1959_ACCIF,0,2,2,False
HWY_BOX_1959_ACCIHF,0,2,2,False
HWY_BOX_1959_ACCIMF,0,2,2,False
HWY_BOX_1959_ACCITF,0,2,2,False
HWY_BOX_1959_ALPHA,0,2,2,False
HWY_BOX_1959_BRAVO,0,2,2,False
HWY_BOX_1959_CHARLIE,0,2,2,False
HWY_BOX_1959_CPRF,0,2,2,False
HWY_BOX_1959_FACCIF,0,2,2,False
HWY_BOX_1959_FDACCF,0,2,2,False
HWY_BOX_1959_FDACCIF,0,2,2,False
HWY_BOX_1959_FDACCIMF,0,2,2,False
HWY_BOX_1959_FDACCITF,0,2,2,False
HWY_BOX_1959_FTANKF,0,2,2,False
HWY_BOX_1959_FTRKF,0,2,2,False
HWY_BOX_1959_FVEHF,0,2,2,False
HWY_BOX_1959_HAZMAT,0,2,2,False
HWY_BOX_1959_ODF,0,2,2,False
HWY_BOX_1959_OPP,0,30,20,False
HWY_BOX_1959_OPP_AFR,0,50,10,False
HWY_BOX_1959_OPP_ENG,0,10,10,False
HWY_BOX_1970_ACCIBF,0,2,2,False
HWY_BOX_1970_ACCIF,0,2,2,False
HWY_BOX_1970_ACCIHF,0,2,2,False
HWY_BOX_1970_ACCIMF,0,2,2,False
HWY_BOX_1970_ACCITF,0,2,2,False
HWY_BOX_1970_ALPHA,0,2,2,False
HWY_BOX_1970_BRAVO,0,2,2,False
HWY_BOX_1970_CHARLIE,0,2,2,False
HWY_BOX_1970_CPRF,0,2,2,False
HWY_BOX_1970_FACCIF,0,2,2,False
HWY_BOX_1970_FDACCF,0,2,2,False
HWY_BOX_1970_FDACCIF,0,2,2,False
HWY_BOX_1970_FDACCIMF,0,2,2,False
HWY_BOX_1970_FDACCITF,0,2,2,False
HWY_BOX_1970_FTANKF,0,2,2,False
HWY_BOX_1970_FTRKF,0,2,2,False
HWY_BOX_1970_FVEHF,0,2,2,False
HWY_BOX_1970_HAZMAT,0,2,2,False
HWY_BOX_1970_ODF,0,2,2,False
HWY_BOX_1970_OPP,0,30,20,False
HWY_BOX_1970_OPP_AFR,0,59,10,False
HWY_BOX_1970_OPP_ENG,0,10,10,False
HWY_BOX_1971_ACCIBF,0,2,2,False
HWY_BOX_1971_ACCIF,0,2,2,False
HWY_BOX_1971_ACCIHF,0,2,2,False
HWY_BOX_1971_ACCIMF,0,2,2,False
HWY_BOX_1971_ACCITF,0,2,2,False
HWY_BOX_1971_ALPHA,0,2,2,False
HWY_BOX_1971_BRAVO,0,2,2,False
HWY_BOX_1971_CHARLIE,0,2,2,False
HWY_BOX_1971_CPRF,0,2,2,False
HWY_BOX_1971_FACCIF,0,2,2,False
HWY_BOX_1971_FDACCF,0,2,2,False
HWY_BOX_1971_FDACCIF,0,2,2,False
HWY_BOX_1971_FDACCIMF,0,2,2,False
HWY_BOX_1971_FDACCITF,0,2,2,False
HWY_BOX_1971_FTANKF,0,2,2,False
HWY_BOX_1971_FTRKF,0,2,2,False
HWY_BOX_1971_FVEHF,0,2,2,False
HWY_BOX_1971_HAZMAT,0,2,2,False
HWY_BOX_1971_ODF,0,2,2,False
HWY_BOX_1971_OPP,0,30,20,False
HWY_BOX_1971_OPP_AFR,0,50,10,False
HWY_BOX_1971_OPP_ENG,0,10,10,False
HWY_BOX_1973_ACCIBF,0,2,2,False
HWY_BOX_1973_ACCIF,0,2,2,False
HWY_BOX_1973_ACCIHF,0,2,2,False
HWY_BOX_1973_ACCIMF,0,2,2,False
HWY_BOX_1973_ACCITF,0,2,2,False
HWY_BOX_1973_ALPHA,0,2,2,False
HWY_BOX_1973_BRAVO,0,2,2,False
HWY_BOX_1973_CHARLIE,0,2,2,False
HWY_BOX_1973_CPRF,0,2,2,False
HWY_BOX_1973_FACCIF,0,2,2,False
HWY_BOX_1973_FDACCF,0,2,2,False
HWY_BOX_1973_FDACCIF,0,2,2,False
HWY_BOX_1973_FDACCIMF,0,2,2,False
HWY_BOX_1973_FDACCITF,0,2,2,False
HWY_BOX_1973_FTANKF,0,2,2,False
HWY_BOX_1973_FTRKF,0,2,2,False
HWY_BOX_1973_FVEHF,0,2,2,False
HWY_BOX_1973_HAZMAT,0,2,2,False
HWY_BOX_1973_ODF,0,2,2,False
HWY_BOX_1973_OPP,0,30,20,False
HWY_BOX_1973_OPP_AFR,0,50,10,False
HWY_BOX_1973_OPP_ENG,0,10,10,False
HWY_BOX_2150_ACCIBF,0,2,2,False
HWY_BOX_2150_ACCIF,0,2,2,False
HWY_BOX_2150_ACCIHF,0,31,21,False
HWY_BOX_2150_ACCIMF,0,2,2,False
HWY_BOX_2150_ACCITF,0,2,2,False
HWY_BOX_2150_ALPHA,0,2,2,False
HWY_BOX_2150_BRAVO,0,2,2,False
HWY_BOX_2150_CHARLIE,0,2,2,False
HWY_BOX_2150_CPRF,0,2,2,False
HWY_BOX_2150_FACCIF,0,2,2,False
HWY_BOX_2150_FDACCF,0,2,2,False
HWY_BOX_2150_FDACCIF,0,2,2,False
HWY_BOX_2150_FDACCIMF,0,2,2,False
HWY_BOX_2150_FDACCITF,0,2,2,False
HWY_BOX_2150_FTANKF,0,2,2,False
HWY_BOX_2150_FTRKF,0,2,2,False
HWY_BOX_2150_FVEHF,0,2,2,False
HWY_BOX_2150_HAZMAT,0,2,2,False
HWY_BOX_2150_ODF,0,2,2,False
HWY_BOX_2150_OPP,0,30,20,False
HWY_BOX_2150_OPP_AFR,0,60,10,False
HWY_BOX_2150_OPP_ENG,0,10,10,False
HWY_BOX_2151_ACCIBF,0,2,2,False
HWY_BOX_2151_ACCIF,0,2,2,False
HWY_BOX_2151_ACCIHF,0,2,2,False
HWY_BOX_2151_ACCIMF,0,2,2,False
HWY_BOX_2151_ACCITF,0,2,2,False
HWY_BOX_2151_ALPHA,0,2,2,False
HWY_BOX_2151_BRAVO,0,2,2,False
HWY_BOX_2151_CHARLIE,0,2,2,False
HWY_BOX_2151_CPRF,0,2,2,False
HWY_BOX_2151_FACCIF,0,2,2,False
HWY_BOX_2151_FDACCF,0,2,2,False
HWY_BOX_2151_FDACCIF,0,2,2,False
HWY_BOX_2151_FDACCIMF,0,2,2,False
HWY_BOX_2151_FDACCITF,0,2,2,False
HWY_BOX_2151_FTANKF,0,2,2,False
HWY_BOX_2151_FTRKF,0,2,2,False
HWY_BOX_2151_FVEHF,0,2,2,False
HWY_BOX_2151_HAZMAT,0,2,2,False
HWY_BOX_2151_ODF,0,2,2,False
HWY_BOX_2151_OPP,0,30,20,False
HWY_BOX_2151_OPP_AFR,0,60,10,False
HWY_BOX_2151_OPP_ENG,0,10,10,False
HWY_BOX_2152_ACCIBF,0,2,2,False
HWY_BOX_2152_ACCIF,0,2,2,False
HWY_BOX_2152_ACCIHF,0,2,2,False
HWY_BOX_2152_ACCIMF,0,2,2,False
HWY_BOX_2152_ACCITF,0,2,2,False
HWY_BOX_2152_ALPHA,0,2,2,False
HWY_BOX_2152_BRAVO,0,2,2,False
HWY_BOX_2152_CHARLIE,0,2,2,False
HWY_BOX_2152_CPRF,0,2,2,False
HWY_BOX_2152_FACCIF,0,2,2,False
HWY_BOX_2152_FDACCF,0,2,2,False
HWY_BOX_2152_FDACCIF,0,2,2,False
HWY_BOX_2152_FDACCIMF,0,2,2,False
HWY_BOX_2152_FDACCITF,0,2,2,False
HWY_BOX_2152_FTANKF,0,2,2,False
HWY_BOX_2152_FTRKF,0,2,2,False
HWY_BOX_2152_FVEHF,0,2,2,False
HWY_BOX_2152_HAZMAT,0,2,2,False
HWY_BOX_2152_ODF,0,2,2,False
HWY_BOX_2152_OPP,0,30,20,False
HWY_BOX_2152_OPP_AFR,0,60,10,False
HWY_BOX_2152_OPP_ENG,0,10,10,False
HWY_BOX_2154_ACCIBF,0,2,2,False
HWY_BOX_2154_ACCIF,0,2,2,False
HWY_BOX_2154_ACCIHF,0,2,2,False
HWY_BOX_2154_ACCIMF,0,2,2,False
HWY_BOX_2154_ACCITF,0,2,2,False
HWY_BOX_2154_ALPHA,0,2,2,False
HWY_BOX_2154_BRAVO,0,2,2,False
HWY_BOX_2154_CHARLIE,0,2,2,False
HWY_BOX_2154_CPRF,0,2,2,False
HWY_BOX_2154_FACCIF,0,2,2,False
HWY_BOX_2154_FDACCF,0,2,2,False
HWY_BOX_2154_FDACCIF,0,2,2,False
HWY_BOX_2154_FDACCIMF,0,2,2,False
HWY_BOX_2154_FDACCITF,0,2,2,False
HWY_BOX_2154_FTANKF,0,2,2,False
HWY_BOX_2154_FTRKF,0,2,2,False
HWY_BOX_2154_FVEHF,0,2,2,False
HWY_BOX_2154_HAZMAT,0,2,2,False
HWY_BOX_2154_ODF,0,2,2,False
HWY_BOX_2154_OPP,0,30,20,False
HWY_BOX_2154_OPP_AFR,0,50,10,False
HWY_BOX_2154_OPP_ENG,0,10,10,False
HWY_BOX_2170_ACCIBF,0,2,2,False
HWY_BOX_2170_ACCIF,0,2,2,False
HWY_BOX_2170_ACCIHF,0,2,2,False
HWY_BOX_2170_ACCIMF,0,2,2,False
HWY_BOX_2170_ACCITF,0,2,2,False
HWY_BOX_2170_ALPHA,0,2,2,False
HWY_BOX_2170_BRAVO,0,2,2,False
HWY_BOX_2170_CHARLIE,0,2,2,False
HWY_BOX_2170_CPRF,0,2,2,False
HWY_BOX_2170_FACCIF,0,2,2,False
HWY_BOX_2170_FDACCF,0,2,2,False
HWY_BOX_2170_FDACCIF,0,2,2,False
HWY_BOX_2170_FDACCIMF,0,2,2,False
HWY_BOX_2170_FDACCITF,0,2,2,False
HWY_BOX_2170_FTANKF,0,2,2,False
HWY_BOX_2170_FTRKF,0,2,2,False
HWY_BOX_2170_FVEHF,0,2,2,False
HWY_BOX_2170_HAZMAT,0,2,2,False
HWY_BOX_2170_ODF,0,2,2,False
HWY_BOX_2170_OPP,0,30,20,False
HWY_BOX_2170_OPP_AFR,0,60,10,False
HWY_BOX_2170_OPP_ENG,0,10,10,False
HWY_BOX_2171_ACCIBF,0,2,2,False
HWY_BOX_2171_ACCIF,0,2,2,False
HWY_BOX_2171_ACCIHF,0,2,2,False
HWY_BOX_2171_ACCIMF,0,2,2,False
HWY_BOX_2171_ACCITF,0,2,2,False
HWY_BOX_2171_ALPHA,0,2,2,False
HWY_BOX_2171_BRAVO,0,2,2,False
HWY_BOX_2171_CHARLIE,0,2,2,False
HWY_BOX_2171_CPRF,0,2,2,False
HWY_BOX_2171_FACCIF,0,2,2,False
HWY_BOX_2171_FDACCF,0,2,2,False
HWY_BOX_2171_FDACCIF,0,2,2,False
HWY_BOX_2171_FDACCIMF,0,2,2,False
HWY_BOX_2171_FDACCITF,0,2,2,False
HWY_BOX_2171_FTANKF,0,2,2,False
HWY_BOX_2171_FTRKF,0,2,2,False
HWY_BOX_2171_FVEHF,0,2,2,False
HWY_BOX_2171_HAZMAT,0,2,2,False
HWY_BOX_2171_ODF,0,2,2,False
HWY_BOX_2171_OPP,0,30,20,False
HWY_BOX_2171_OPP_AFR,0,60,10,False
HWY_BOX_2171_OPP_ENG,0,10,10,False
HWY_BOX_2172_ACCIBF,0,2,2,False
HWY_BOX_2172_ACCIF,0,2,2,False
HWY_BOX_2172_ACCIHF,0,2,2,False
HWY_BOX_2172_ACCIMF,0,2,2,False
HWY_BOX_2172_ACCITF,0,2,2,False
HWY_BOX_2172_ALPHA,0,2,2,False
HWY_BOX_2172_BRAVO,0,2,2,False
HWY_BOX_2172_CHARLIE,0,2,2,False
HWY_BOX_2172_CPRF,0,2,2,False
HWY_BOX_2172_FACCIF,0,2,2,False
HWY_BOX_2172_FDACCF,0,2,2,False
HWY_BOX_2172_FDACCIF,0,2,2,False
HWY_BOX_2172_FDACCIMF,0,2,2,False
HWY_BOX_2172_FDACCITF,0,2,2,False
HWY_BOX_2172_FTANKF,0,2,2,False
HWY_BOX_2172_FTRKF,0,2,2,False
HWY_BOX_2172_FVEHF,0,2,2,False
HWY_BOX_2172_HAZMAT,0,2,2,False
HWY_BOX_2172_ODF,0,2,2,False
HWY_BOX_2172_OPP,0,33,22,False
HWY_BOX_2172_OPP_AFR,0,60,10,False
HWY_BOX_2172_OPP_ENG,0,10,10,False
HWY_BOX_2174_ACCIBF,0,2,2,False
HWY_BOX_2174_ACCIF,0,2,2,False
HWY_BOX_2174_ACCIHF,0,2,2,False
HWY_BOX_2174_ACCIMF,0,2,2,False
HWY_BOX_2174_ACCITF,0,2,2,False
HWY_BOX_2174_ALPHA,0,2,2,False
HWY_BOX_2174_BRAVO,0,2,2,False
HWY_BOX_2174_CHARLIE,0,2,2,False
HWY_BOX_2174_CPRF,0,2,2,False
HWY_BOX_2174_FACCIF,0,2,2,False
HWY_BOX_2174_FDACCF,0,2,2,False
HWY_BOX_2174_FDACCIF,0,2,2,False
HWY_BOX_2174_FDACCIMF,0,2,2,False
HWY_BOX_2174_FDACCITF,0,2,2,False
HWY_BOX_2174_FTANKF,0,2,2,False
HWY_BOX_2174_FTRKF,0,2,2,False
HWY_BOX_2174_FVEHF,0,2,2,False
HWY_BOX_2174_HAZMAT,0,2,2,False
HWY_BOX_2174_ODF,0,2,2,False
HWY_BOX_2174_OPP,0,30,20,False
HWY_BOX_2174_OPP_AFR,0,60,10,False
HWY_BOX_2174_OPP_ENG,0,10,10,False
HWY_BOX_2176_ACCIBF,0,2,2,False
HWY_BOX_2176_ACCIF,0,2,2,False
HWY_BOX_2176_ACCIHF,0,2,2,False
HWY_BOX_2176_ACCIMF,0,2,2,False
HWY_BOX_2176_ACCITF,0,2,2,False
HWY_BOX_2176_ALPHA,0,2,2,False
HWY_BOX_2176_BRAVO,0,2,2,False
HWY_BOX_2176_CHARLIE,0,2,2,False
HWY_BOX_2176_CPRF,0,2,2,False
HWY_BOX_2176_FACCIF,0,2,2,False
HWY_BOX_2176_FDACCF,0,2,2,False
HWY_BOX_2176_FDACCIF,0,2,2,False
HWY_BOX_2176_FDACCIMF,0,2,2,False
HWY_BOX_2176_FDACCITF,0,2,2,False
HWY_BOX_2176_FTANKF,0,2,2,False
HWY_BOX_2176_FTRKF,0,2,2,False
HWY_BOX_2176_FVEHF,0,2,2,False
HWY_BOX_2176_HAZMAT,0,2,2,False
HWY_BOX_2176_ODF,0,2,2,False
HWY_BOX_2176_OPP,0,30,20,False
HWY_BOX_2176_OPP_AFR,0,60,10,False
HWY_BOX_2176_OPP_ENG,0,10,10,False
HWY_BOX_2178_ACCIBF,0,2,2,False
HWY_BOX_2178_ACCIF,0,2,2,False
HWY_BOX_2178_ACCIHF,0,2,2,False
HWY_BOX_2178_ACCIMF,0,2,2,False
HWY_BOX_2178_ACCITF,0,2,2,False
HWY_BOX_2178_ALPHA,0,2,2,False
HWY_BOX_2178_BRAVO,0,2,2,False
HWY_BOX_2178_CHARLIE,0,2,2,False
HWY_BOX_2178_CPRF,0,2,2,False
HWY_BOX_2178_FACCIF,0,2,2,False
HWY_BOX_2178_FDACCF,0,2,2,False
HWY_BOX_2178_FDACCIF,0,2,2,False
HWY_BOX_2178_FDACCIMF,0,2,2,False
HWY_BOX_2178_FDACCITF,0,2,2,False
HWY_BOX_2178_FTANKF,0,2,2,False
HWY_BOX_2178_FTRKF,0,2,2,False
HWY_BOX_2178_FVEHF,0,2,2,False
HWY_BOX_2178_HAZMAT,0,2,2,False
HWY_BOX_2178_ODF,0,2,2,False
HWY_BOX_2178_OPP,0,30,20,False
HWY_BOX_2178_OPP_AFR,0,60,10,False
HWY_BOX_2178_OPP_ENG,0,10,10,False
HWY_BOX_2250_ACCIBF,0,2,2,False
HWY_BOX_2250_ACCIF,0,2,2,False
HWY_BOX_2250_ACCIHF,0,2,2,False
HWY_BOX_2250_ACCIMF,0,2,2,False
HWY_BOX_2250_ACCITF,0,2,2,False
HWY_BOX_2250_ALPHA,0,2,2,False
HWY_BOX_2250_BRAVO,0,2,2,False
HWY_BOX_2250_CHARLIE,0,2,2,False
HWY_BOX_2250_CPRF,0,2,2,False
HWY_BOX_2250_FACCIF,0,2,2,False
HWY_BOX_2250_FDACCF,0,2,2,False
HWY_BOX_2250_FDACCIF,0,2,2,False
HWY_BOX_2250_FDACCIMF,0,2,2,False
HWY_BOX_2250_FDACCITF,0,2,2,False
HWY_BOX_2250_FTANKF,0,2,2,False
HWY_BOX_2250_FTRKF,0,2,2,False
HWY_BOX_2250_FVEHF,0,2,2,False
HWY_BOX_2250_HAZMAT,0,2,2,False
HWY_BOX_2250_ODF,0,2,2,False
HWY_BOX_2250_OPP,0,30,20,False
HWY_BOX_2250_OPP_AFR,0,60,10,False
HWY_BOX_2250_OPP_ENG,0,10,10,False
HWY_BOX_2251_ACCIBF,0,2,2,False
HWY_BOX_2251_ACCIF,0,2,2,False
HWY_BOX_2251_ACCIHF,0,2,2,False
HWY_BOX_2251_ACCIMF,0,2,2,False
HWY_BOX_2251_ACCITF,0,2,2,False
HWY_BOX_2251_ALPHA,0,2,2,False
HWY_BOX_2251_BRAVO,0,2,2,False
HWY_BOX_2251_CHARLIE,0,2,2,False
HWY_BOX_2251_CPRF,0,2,2,False
HWY_BOX_2251_FACCIF,0,2,2,False
HWY_BOX_2251_FDACCF,0,2,2,False
HWY_BOX_2251_FDACCIF,0,2,2,False
HWY_BOX_2251_FDACCIMF,0,2,2,False
HWY_BOX_2251_FDACCITF,0,2,2,False
HWY_BOX_2251_FTANKF,0,2,2,False
HWY_BOX_2251_FTRKF,0,2,2,False
HWY_BOX_2251_FVEHF,0,2,2,False
HWY_BOX_2251_HAZMAT,0,2,2,False
HWY_BOX_2251_ODF,0,2,2,False
HWY_BOX_2251_OPP,0,30,20,False
HWY_BOX_2251_OPP_AFR,0,51,10,False
HWY_BOX_2251_OPP_ENG,0,10,10,False
HWY_BOX_2252_ACCIBF,0,2,2,False
HWY_BOX_2252_ACCIF,0,2,2,False
HWY_BOX_2252_ACCIHF,0,2,2,False
HWY_BOX_2252_ACCIMF,0,2,2,False
HWY_BOX_2252_ACCITF,0,2,2,False
HWY_BOX_2252_ALPHA,0,2,2,False
HWY_BOX_2252_BRAVO,0,2,2,False
HWY_BOX_2252_CHARLIE,0,2,2,False
HWY_BOX_2252_CPRF,0,2,2,False
HWY_BOX_2252_FACCIF,0,2,2,False
HWY_BOX_2252_FDACCF,0,2,2,False
HWY_BOX_2252_FDACCIF,0,2,2,False
HWY_BOX_2252_FDACCIMF,0,2,2,False
HWY_BOX_2252_FDACCITF,0,2,2,False
HWY_BOX_2252_FTANKF,0,2,2,False
HWY_BOX_2252_FTRKF,0,2,2,False
HWY_BOX_2252_FVEHF,0,2,2,False
HWY_BOX_2252_HAZMAT,0,2,2,False
HWY_BOX_2252_ODF,0,2,2,False
HWY_BOX_2252_OPP,0,30,20,False
HWY_BOX_2252_OPP_AFR,0,50,10,False
HWY_BOX_2252_OPP_ENG,0,10,10,False
HWY_BOX_2253_ACCIBF,0,2,2,False
HWY_BOX_2253_ACCIF,0,2,2,False
HWY_BOX_2253_ACCIHF,0,2,2,False
HWY_BOX_2253_ACCIMF,0,2,2,False
HWY_BOX_2253_ACCITF,0,2,2,False
HWY_BOX_2253_ALPHA,0,2,2,False
HWY_BOX_2253_BRAVO,0,2,2,False
HWY_BOX_2253_CHARLIE,0,2,2,False
HWY_BOX_2253_CPRF,0,2,2,False
HWY_BOX_2253_FACCIF,0,2,2,False
HWY_BOX_2253_FDACCF,0,2,2,False
HWY_BOX_2253_FDACCIF,0,2,2,False
HWY_BOX_2253_FDACCIMF,0,2,2,False
HWY_BOX_2253_FDACCITF,0,2,2,False
HWY_BOX_2253_FTANKF,0,2,2,False
HWY_BOX_2253_FTRKF,0,2,2,False
HWY_BOX_2253_FVEHF,0,2,2,False
HWY_BOX_2253_HAZMAT,0,2,2,False
HWY_BOX_2253_ODF,0,2,2,False
HWY_BOX_2253_OPP,0,30,20,False
HWY_BOX_2253_OPP_AFR,0,60,10,False
HWY_BOX_2253_OPP_ENG,0,10,10,False
HWY_BOX_2254_ACCIBF,0,2,2,False
HWY_BOX_2254_ACCIF,0,2,2,False
HWY_BOX_2254_ACCIHF,0,2,2,False
HWY_BOX_2254_ACCIMF,0,2,2,False
HWY_BOX_2254_ACCITF,0,2,2,False
HWY_BOX_2254_ALPHA,0,2,2,False
HWY_BOX_2254_BRAVO,0,2,2,False
HWY_BOX_2254_CHARLIE,0,2,2,False
HWY_BOX_2254_CPRF,0,2,2,False
HWY_BOX_2254_FACCIF,0,2,2,False
HWY_BOX_2254_FDACCF,0,2,2,False
HWY_BOX_2254_FDACCIF,0,2,2,False
HWY_BOX_2254_FDACCIMF,0,2,2,False
HWY_BOX_2254_FDACCITF,0,2,2,False
HWY_BOX_2254_FTANKF,0,2,2,False
HWY_BOX_2254_FTRKF,0,2,2,False
HWY_BOX_2254_FVEHF,0,2,2,False
HWY_BOX_2254_HAZMAT,0,2,2,False
HWY_BOX_2254_ODF,0,2,2,False
HWY_BOX_2254_OPP,0,30,20,False
HWY_BOX_2254_OPP_AFR,0,60,10,False
HWY_BOX_2254_OPP_ENG,0,10,10,False
HWY_BOX_2255_ACCIBF,0,2,2,False
HWY_BOX_2255_ACCIF,0,2,2,False
HWY_BOX_2255_ACCIHF,0,2,2,False
HWY_BOX_2255_ACCIMF,0,2,2,False
HWY_BOX_2255_ACCITF,0,2,2,False
HWY_BOX_2255_ALPHA,0,2,2,False
HWY_BOX_2255_BRAVO,0,2,2,False
HWY_BOX_2255_CHARLIE,0,2,2,False
HWY_BOX_2255_CPRF,0,2,2,False
HWY_BOX_2255_FACCIF,0,2,2,False
HWY_BOX_2255_FDACCF,0,2,2,False
HWY_BOX_2255_FDACCIF,0,2,2,False
HWY_BOX_2255_FDACCIMF,0,2,2,False
HWY_BOX_2255_FDACCITF,0,2,2,False
HWY_BOX_2255_FTANKF,0,2,2,False
HWY_BOX_2255_FTRKF,0,2,2,False
HWY_BOX_2255_FVEHF,0,2,2,False
HWY_BOX_2255_HAZMAT,0,2,2,False
HWY_BOX_2255_ODF,0,2,2,False
HWY_BOX_2255_OPP,0,30,20,False
HWY_BOX_2255_OPP_AFR,0,51,10,False
HWY_BOX_2255_OPP_ENG,0,10,10,False
HWY_BOX_2257_ACCIBF,0,2,2,False
HWY_BOX_2257_ACCIF,0,2,2,False
HWY_BOX_2257_ACCIHF,0,2,2,False
HWY_BOX_2257_ACCIMF,0,2,2,False
HWY_BOX_2257_ACCITF,0,2,2,False
HWY_BOX_2257_ALPHA,0,2,2,False
HWY_BOX_2257_BRAVO,0,2,2,False
HWY_BOX_2257_CHARLIE,0,2,2,False
HWY_BOX_2257_CPRF,0,2,2,False
HWY_BOX_2257_FACCIF,0,2,2,False
HWY_BOX_2257_FDACCF,0,2,2,False
HWY_BOX_2257_FDACCIF,0,2,2,False
HWY_BOX_2257_FDACCIMF,0,2,2,False
HWY_BOX_2257_FDACCITF,0,2,2,False
HWY_BOX_2257_FTANKF,0,2,2,False
HWY_BOX_2257_FTRKF,0,2,2,False
HWY_BOX_2257_FVEHF,0,2,2,False
HWY_BOX_2257_HAZMAT,0,2,2,False
HWY_BOX_2257_ODF,0,2,2,False
HWY_BOX_2257_OPP,0,30,20,False
HWY_BOX_2257_OPP_AFR,0,59,10,False
HWY_BOX_2257_OPP_ENG,0,10,10,False
HWY_BOX_2259_ACCIBF,0,2,2,False
HWY_BOX_2259_ACCIF,0,2,2,False
HWY_BOX_2259_ACCIHF,0,2,2,False
HWY_BOX_2259_ACCIMF,0,2,2,False
HWY_BOX_2259_ACCITF,0,2,2,False
HWY_BOX_2259_ALPHA,0,2,2,False
HWY_BOX_2259_BRAVO,0,2,2,False
HWY_BOX_2259_CHARLIE,0,2,2,False
HWY_BOX_2259_CPRF,0,2,2,False
HWY_BOX_2259_FACCIF,0,2,2,False
HWY_BOX_2259_FDACCF,0,2,2,False
HWY_BOX_2259_FDACCIF,0,2,2,False
HWY_BOX_2259_FDACCIMF,0,2,2,False
HWY_BOX_2259_FDACCITF,0,2,2,False
HWY_BOX_2259_FTANKF,0,2,2,False
HWY_BOX_2259_FTRKF,0,2,2,False
HWY_BOX_2259_FVEHF,0,2,2,False
HWY_BOX_2259_HAZMAT,0,2,2,False
HWY_BOX_2259_ODF,0,2,2,False
HWY_BOX_2259_OPP,0,30,20,False
HWY_BOX_2259_OPP_AFR,0,60,10,False
HWY_BOX_2259_OPP_ENG,0,10,10,False
HWY_BOX_2261_ACCIBF,0,2,2,False
HWY_BOX_2261_ACCIF,0,2,2,False
HWY_BOX_2261_ACCIHF,0,2,2,False
HWY_BOX_2261_ACCIMF,0,2,2,False
HWY_BOX_2261_ACCITF,0,2,2,False
HWY_BOX_2261_ALPHA,0,2,2,False
HWY_BOX_2261_BRAVO,0,2,2,False
HWY_BOX_2261_CHARLIE,0,2,2,False
HWY_BOX_2261_CPRF,0,2,2,False
HWY_BOX_2261_FACCIF,0,2,2,False
HWY_BOX_2261_FDACCF,0,2,2,False
HWY_BOX_2261_FDACCIF,0,2,2,False
HWY_BOX_2261_FDACCIMF,0,2,2,False
HWY_BOX_2261_FDACCITF,0,2,2,False
HWY_BOX_2261_FTANKF,0,2,2,False
HWY_BOX_2261_FTRKF,0,2,2,False
HWY_BOX_2261_FVEHF,0,2,2,False
HWY_BOX_2261_HAZMAT,0,2,2,False
HWY_BOX_2261_ODF,0,2,2,False
HWY_BOX_2261_OPP,0,30,20,False
HWY_BOX_2261_OPP_AFR,0,60,10,False
HWY_BOX_2261_OPP_ENG,0,10,10,False
HWY_BOX_2270_ACCIBF,0,2,2,False
HWY_BOX_2270_ACCIF,0,2,2,False
HWY_BOX_2270_ACCIHF,0,2,2,False
HWY_BOX_2270_ACCIMF,0,2,2,False
HWY_BOX_2270_ACCITF,0,2,2,False
HWY_BOX_2270_ALPHA,0,2,2,False
HWY_BOX_2270_BRAVO,0,2,2,False
HWY_BOX_2270_CHARLIE,0,2,2,False
HWY_BOX_2270_CPRF,0,2,2,False
HWY_BOX_2270_FACCIF,0,2,2,False
HWY_BOX_2270_FDACCF,0,2,2,False
HWY_BOX_2270_FDACCIF,0,2,2,False
HWY_BOX_2270_FDACCIMF,0,2,2,False
HWY_BOX_2270_FDACCITF,0,2,2,False
HWY_BOX_2270_FTANKF,0,2,2,False
HWY_BOX_2270_FTRKF,0,2,2,False
HWY_BOX_2270_FVEHF,0,2,2,False
HWY_BOX_2270_HAZMAT,0,2,2,False
HWY_BOX_2270_ODF,0,2,2,False
HWY_BOX_2270_OPP,0,30,20,False
HWY_BOX_2270_OPP_AFR,0,60,10,False
HWY_BOX_2270_OPP_ENG,0,10,10,False
HWY_BOX_2271_ACCIBF,0,2,2,False
HWY_BOX_2271_ACCIF,0,2,2,False
HWY_BOX_2271_ACCIHF,0,2,2,False
HWY_BOX_2271_ACCIMF,0,2,2,False
HWY_BOX_2271_ACCITF,0,2,2,False
HWY_BOX_2271_ALPHA,0,2,2,False
HWY_BOX_2271_BRAVO,0,2,2,False
HWY_BOX_2271_CHARLIE,0,2,2,False
HWY_BOX_2271_CPRF,0,2,2,False
HWY_BOX_2271_FACCIF,0,2,2,False
HWY_BOX_2271_FDACCF,0,2,2,False
HWY_BOX_2271_FDACCIF,0,2,2,False
HWY_BOX_2271_FDACCIMF,0,2,2,False
HWY_BOX_2271_FDACCITF,0,2,2,False
HWY_BOX_2271_FTANK,0,2,2,False
HWY_BOX_2271_FTRKF,0,2,2,False
HWY_BOX_2271_FVEHF,0,2,2,False
HWY_BOX_2271_HAZMAT,0,2,2,False
HWY_BOX_2271_ODF,0,2,2,False
HWY_BOX_2271_OPP,0,30,20,False
HWY_BOX_2271_OPP_AFR,0,50,10,False
HWY_BOX_2271_OPP_ENG,0,10,10,False
HWY_BOX_2272_ACCIBF,0,2,2,False
HWY_BOX_2272_ACCIF,0,2,2,False
HWY_BOX_2272_ACCIHF,0,2,2,False
HWY_BOX_2272_ACCIMF,0,2,2,False
HWY_BOX_2272_ACCITF,0,2,2,False
HWY_BOX_2272_ALPHA,0,2,2,False
HWY_BOX_2272_BRAVO,0,2,2,False
HWY_BOX_2272_CHARLIE,0,2,2,False
HWY_BOX_2272_CPRF,0,2,2,False
HWY_BOX_2272_FACCIF,0,2,2,False
HWY_BOX_2272_FDACCF,0,2,2,False
HWY_BOX_2272_FDACCIF,0,2,2,False
HWY_BOX_2272_FDACCIMF,0,2,2,False
HWY_BOX_2272_FDACCITF,0,2,2,False
HWY_BOX_2272_FTANKF,0,2,2,False
HWY_BOX_2272_FTRKF,0,2,2,False
HWY_BOX_2272_FVEHF,0,2,2,False
HWY_BOX_2272_HAZMAT,0,2,2,False
HWY_BOX_2272_ODF,0,2,2,False
HWY_BOX_2272_OPP,0,30,20,False
HWY_BOX_2272_OPP_AFR,0,50,10,False
HWY_BOX_2272_OPP_ENG,0,10,10,False
HWY_BOX_2273_ACCIBF,0,2,2,False
HWY_BOX_2273_ACCIF,0,2,2,False
HWY_BOX_2273_ACCIHF,0,2,2,False
HWY_BOX_2273_ACCIMF,0,2,2,False
HWY_BOX_2273_ACCITF,0,2,2,False
HWY_BOX_2273_ALPHA,0,2,2,False
HWY_BOX_2273_BRAVO,0,2,2,False
HWY_BOX_2273_CHARLIE,0,2,2,False
HWY_BOX_2273_CPRF,0,2,2,False
HWY_BOX_2273_FACCIF,0,2,2,False
HWY_BOX_2273_FDACCF,0,2,2,False
HWY_BOX_2273_FDACCIF,0,2,2,False
HWY_BOX_2273_FDACCIMF,0,2,2,False
HWY_BOX_2273_FDACCITF,0,2,2,False
HWY_BOX_2273_FTANKF,0,2,2,False
HWY_BOX_2273_FTRKF,0,2,2,False
HWY_BOX_2273_FVEHF,0,2,2,False
HWY_BOX_2273_HAZMAT,0,2,2,False
HWY_BOX_2273_ODF,0,2,2,False
HWY_BOX_2273_OPP,0,30,20,False
HWY_BOX_2273_OPP_AFR,0,51,10,False
HWY_BOX_2273_OPP_ENG,0,10,10,False
HWY_BOX_2274_ACCIBF,0,2,2,False
HWY_BOX_2274_ACCIF,0,2,2,False
HWY_BOX_2274_ACCIHF,0,2,2,False
HWY_BOX_2274_ACCIMF,0,2,2,False
HWY_BOX_2274_ACCITF,0,2,2,False
HWY_BOX_2274_ALPHA,0,2,2,False
HWY_BOX_2274_BRAVO,0,2,2,False
HWY_BOX_2274_CHARLIE,0,2,2,False
HWY_BOX_2274_CPRF,0,2,2,False
HWY_BOX_2274_FACCIF,0,2,2,False
HWY_BOX_2274_FDACCF,0,2,2,False
HWY_BOX_2274_FDACCIF,0,2,2,False
HWY_BOX_2274_FDACCIMF,0,2,2,False
HWY_BOX_2274_FDACCITF,0,2,2,False
HWY_BOX_2274_FTANKF,0,2,2,False
HWY_BOX_2274_FTRKF,0,2,2,False
HWY_BOX_2274_FVEHF,0,2,2,False
HWY_BOX_2274_HAZMAT,0,2,2,False
HWY_BOX_2274_ODF,0,2,2,False
HWY_BOX_2274_OPP,0,30,20,False
HWY_BOX_2274_OPP_AFR,0,60,10,False
HWY_BOX_2274_OPP_ENG,0,10,10,False
HWY_BOX_2275_ACCIBF,0,2,2,False
HWY_BOX_2275_ACCIF,0,2,2,False
HWY_BOX_2275_ACCIHF,0,2,2,False
HWY_BOX_2275_ACCIMF,0,2,2,False
HWY_BOX_2275_ACCITF,0,2,2,False
HWY_BOX_2275_ALPHA,0,2,2,False
HWY_BOX_2275_BRAVO,0,2,2,False
HWY_BOX_2275_CHARLIE,0,2,2,False
HWY_BOX_2275_CPRF,0,2,2,False
HWY_BOX_2275_FACCIF,0,2,2,False
HWY_BOX_2275_FDACCF,0,2,2,False
HWY_BOX_2275_FDACCIF,0,2,2,False
HWY_BOX_2275_FDACCIMF,0,2,2,False
HWY_BOX_2275_FDACCITF,0,2,2,False
HWY_BOX_2275_FTANKF,0,2,2,False
HWY_BOX_2275_FTRKF,0,2,2,False
HWY_BOX_2275_FVEHF,0,2,2,False
HWY_BOX_2275_HAZMAT,0,2,2,False
HWY_BOX_2275_ODF,0,2,2,False
HWY_BOX_2275_OPP,0,30,20,False
HWY_BOX_2275_OPP_AFR,0,50,10,False
HWY_BOX_2275_OPP_ENG,0,10,10,False
HWY_BOX_2276_ACCIBF,0,2,2,False
HWY_BOX_2276_ACCIF,0,2,2,False
HWY_BOX_2276_ACCIHF,0,2,2,False
HWY_BOX_2276_ACCIMF,0,2,2,False
HWY_BOX_2276_ACCITF,0,2,2,False
HWY_BOX_2276_ALPHA,0,2,2,False
HWY_BOX_2276_BRAVO,0,2,2,False
HWY_BOX_2276_CHARLIE,0,2,2,False
HWY_BOX_2276_CPRF,0,2,2,False
HWY_BOX_2276_FACCIF,0,2,2,False
HWY_BOX_2276_FDACCF,0,2,2,False
HWY_BOX_2276_FDACCIF,0,2,2,False
HWY_BOX_2276_FDACCIMF,0,2,2,False
HWY_BOX_2276_FDACCITF,0,2,2,False
HWY_BOX_2276_FTANKF,0,2,2,False
HWY_BOX_2276_FTRKF,0,2,2,False
HWY_BOX_2276_FVEHF,0,2,2,False
HWY_BOX_2276_HAZMAT,0,2,2,False
HWY_BOX_2276_ODF,0,2,2,False
HWY_BOX_2276_OPP,0,30,20,False
HWY_BOX_2276_OPP_AFR,0,59,10,False
HWY_BOX_2276_OPP_ENG,0,10,10,False
HWY_BOX_2277_ACCIBF,0,2,2,False
HWY_BOX_2277_ACCIF,0,2,2,False
HWY_BOX_2277_ACCIHF,0,2,2,False
HWY_BOX_2277_ACCIMF,0,2,2,False
HWY_BOX_2277_ACCITF,0,2,2,False
HWY_BOX_2277_ALPHA,0,2,2,False
HWY_BOX_2277_BRAVO,0,2,2,False
HWY_BOX_2277_CHARLIE,0,2,2,False
HWY_BOX_2277_CPRF,0,2,2,False
HWY_BOX_2277_FACCIF,0,2,2,False
HWY_BOX_2277_FDACCF,0,2,2,False
HWY_BOX_2277_FDACCIF,0,2,2,False
HWY_BOX_2277_FDACCIMF,0,2,2,False
HWY_BOX_2277_FDACCITF,0,2,2,False
HWY_BOX_2277_FTANKF,0,2,2,False
HWY_BOX_2277_FTRKF,0,2,2,False
HWY_BOX_2277_FVEHF,0,2,2,False
HWY_BOX_2277_HAZMAT,0,2,2,False
HWY_BOX_2277_ODF,0,2,2,False
HWY_BOX_2277_OPP,0,30,20,False
HWY_BOX_2277_OPP_AFR,0,60,10,False
HWY_BOX_2277_OPP_ENG,0,10,10,False
HWY_BOX_2279_ACCIBF,0,2,2,False
HWY_BOX_2279_ACCIF,0,2,2,False
HWY_BOX_2279_ACCIHF,0,2,2,False
HWY_BOX_2279_ACCIMF,0,2,2,False
HWY_BOX_2279_ACCITF,0,2,2,False
HWY_BOX_2279_ALPHA,0,2,2,False
HWY_BOX_2279_BRAVO,0,2,2,False
HWY_BOX_2279_CHARLIE,0,2,2,False
HWY_BOX_2279_CPRF,0,2,2,False
HWY_BOX_2279_FACCIF,0,2,2,False
HWY_BOX_2279_FDACCF,0,2,2,False
HWY_BOX_2279_FDACCIF,0,2,2,False
HWY_BOX_2279_FDACCIMF,0,2,2,False
HWY_BOX_2279_FDACCITF,0,2,2,False
HWY_BOX_2279_FTANKF,0,2,2,False
HWY_BOX_2279_FTRKF,0,2,2,False
HWY_BOX_2279_FVEHF,0,2,2,False
HWY_BOX_2279_HAZMAT,0,2,2,False
HWY_BOX_2279_ODF,0,2,2,False
HWY_BOX_2279_OPP,0,30,20,False
HWY_BOX_2279_OPP_AFR,0,59,10,False
HWY_BOX_2279_OPP_ENG,0,10,10,False
HWY_BOX_2360_ACCIBF,0,2,2,False
HWY_BOX_2360_ACCIF,0,2,2,False
HWY_BOX_2360_ACCIHF,0,2,2,False
HWY_BOX_2360_ACCIMF,0,2,2,False
HWY_BOX_2360_ACCITF,0,2,2,False
HWY_BOX_2360_ALPHA,0,2,2,False
HWY_BOX_2360_BRAVO,0,2,2,False
HWY_BOX_2360_CHARLIE,0,2,2,False
HWY_BOX_2360_CPRF,0,2,2,False
HWY_BOX_2360_FACCIF,0,2,2,False
HWY_BOX_2360_FDACCF,0,2,2,False
HWY_BOX_2360_FDACCIF,0,2,2,False
HWY_BOX_2360_FDACCIMF,0,2,2,False
HWY_BOX_2360_FDACCITF,0,2,2,False
HWY_BOX_2360_FTANKF,0,2,2,False
HWY_BOX_2360_FTRKF,0,2,2,False
HWY_BOX_2360_FVEHF,0,2,2,False
HWY_BOX_2360_HAZMAT,0,2,2,False
HWY_BOX_2360_ODF,0,2,2,False
HWY_BOX_2360_OPP,0,30,20,False
HWY_BOX_2360_OPP_AFR,0,53,10,False
HWY_BOX_2360_OPP_ENG,0,10,10,False
HWY_BOX_2361_ACCIBF,0,2,2,False
HWY_BOX_2361_ACCIF,0,2,2,False
HWY_BOX_2361_ACCIHF,0,2,2,False
HWY_BOX_2361_ACCIMF,0,2,2,False
HWY_BOX_2361_ACCITF,0,2,2,False
HWY_BOX_2361_ALPHA,0,2,2,False
HWY_BOX_2361_BRAVO,0,2,2,False
HWY_BOX_2361_CHARLIE,0,2,2,False
HWY_BOX_2361_CPRF,0,2,2,False
HWY_BOX_2361_FACCIF,0,2,2,False
HWY_BOX_2361_FDACCF,0,2,2,False
HWY_BOX_2361_FDACCIF,0,2,2,False
HWY_BOX_2361_FDACCIMF,0,2,2,False
HWY_BOX_2361_FDACCITF,0,2,2,False
HWY_BOX_2361_FTANKF,0,2,2,False
HWY_BOX_2361_FTRKF,0,2,2,False
HWY_BOX_2361_FVEHF,0,2,2,False
HWY_BOX_2361_HAZMAT,0,2,2,False
HWY_BOX_2361_ODF,0,2,2,False
HWY_BOX_2361_OPP,0,30,20,False
HWY_BOX_2361_OPP_AFR,0,50,10,False
HWY_BOX_2361_OPP_ENG,0,10,10,False
HWY_BOX_2362_ACCIBF,0,2,2,False
HWY_BOX_2362_ACCIF,0,2,2,False
HWY_BOX_2362_ACCIHF,0,2,2,False
HWY_BOX_2362_ACCIMF,0,2,2,False
HWY_BOX_2362_ACCITF,0,2,2,False
HWY_BOX_2362_ALPHA,0,2,2,False
HWY_BOX_2362_BRAVO,0,2,2,False
HWY_BOX_2362_CHARLIE,0,2,2,False
HWY_BOX_2362_CPRF,0,2,2,False
HWY_BOX_2362_FACCIF,0,2,2,False
HWY_BOX_2362_FDACCF,0,2,2,False
HWY_BOX_2362_FDACCIF,0,2,2,False
HWY_BOX_2362_FDACCIMF,0,2,2,False
HWY_BOX_2362_FDACCITF,0,2,2,False
HWY_BOX_2362_FTANKF,0,2,2,False
HWY_BOX_2362_FTRKF,0,2,2,False
HWY_BOX_2362_FVEHF,0,2,2,False
HWY_BOX_2362_HAZMAT,0,2,2,False
HWY_BOX_2362_ODF,0,2,2,False
HWY_BOX_2362_OPP,0,30,20,False
HWY_BOX_2362_OPP_AFR,0,60,10,False
HWY_BOX_2362_OPP_ENG,0,10,10,False
HWY_BOX_2550_ACCIBF,0,2,2,False
HWY_BOX_2550_ACCIF,0,2,2,False
HWY_BOX_2550_ACCIHF,0,2,2,False
HWY_BOX_2550_ACCIMF,0,2,2,False
HWY_BOX_2550_ACCITF,0,2,2,False
HWY_BOX_2550_ALPHA,0,2,2,False
HWY_BOX_2550_BRAVO,0,2,2,False
HWY_BOX_2550_CHARLIE,0,2,2,False
HWY_BOX_2550_CPRF,0,2,2,False
HWY_BOX_2550_FACCIF,0,2,2,False
HWY_BOX_2550_FDACCF,0,2,2,False
HWY_BOX_2550_FDACCIF,0,2,2,False
HWY_BOX_2550_FDACCIMF,0,2,2,False
HWY_BOX_2550_FDACCITF,0,2,2,False
HWY_BOX_2550_FTANKF,0,2,2,False
HWY_BOX_2550_FTRKF,0,2,2,False
HWY_BOX_2550_FVEHF,0,2,2,False
HWY_BOX_2550_HAZMAT,0,2,2,False
HWY_BOX_2550_ODF,0,2,2,False
HWY_BOX_2550_OPP,0,30,20,False
HWY_BOX_2550_OPP_AFR,0,58,10,False
HWY_BOX_2550_OPP_ENG,0,10,10,False
HWY_BOX_2551_ACCIBF,0,2,2,False
HWY_BOX_2551_ACCIF,0,2,2,False
HWY_BOX_2551_ACCIHF,0,2,2,False
HWY_BOX_2551_ACCIMF,0,2,2,False
HWY_BOX_2551_ACCITF,0,2,2,False
HWY_BOX_2551_ALPHA,0,2,2,False
HWY_BOX_2551_BRAVO,0,2,2,False
HWY_BOX_2551_CHARLIE,0,2,2,False
HWY_BOX_2551_CPRF,0,2,2,False
HWY_BOX_2551_FACCIF,0,2,2,False
HWY_BOX_2551_FDACCF,0,2,2,False
HWY_BOX_2551_FDACCIF,0,2,2,False
HWY_BOX_2551_FDACCIMF,0,2,2,False
HWY_BOX_2551_FDACCITF,0,2,2,False
HWY_BOX_2551_FTANKF,0,2,2,False
HWY_BOX_2551_FTRKF,0,2,2,False
HWY_BOX_2551_FVEHF,0,2,2,False
HWY_BOX_2551_HAZMAT,0,2,2,False
HWY_BOX_2551_ODF,0,2,2,False
HWY_BOX_2551_OPP,0,30,20,False
HWY_BOX_2551_OPP_AFR,0,56,10,False
HWY_BOX_2551_OPP_ENG,0,10,10,False
HWY_BOX_2552_ACCIBF,0,2,2,False
HWY_BOX_2552_ACCIF,0,2,2,False
HWY_BOX_2552_ACCIHF,0,2,2,False
HWY_BOX_2552_ACCIMF,0,2,2,False
HWY_BOX_2552_ACCITF,0,2,2,False
HWY_BOX_2552_ALPHA,0,2,2,False
HWY_BOX_2552_BRAVO,0,2,2,False
HWY_BOX_2552_CHARLIE,0,2,2,False
HWY_BOX_2552_CPRF,0,2,2,False
HWY_BOX_2552_FACCIF,0,2,2,False
HWY_BOX_2552_FDACCF,0,2,2,False
HWY_BOX_2552_FDACCIF,0,2,2,False
HWY_BOX_2552_FDACCIMF,0,2,2,False
HWY_BOX_2552_FDACCITF,0,2,2,False
HWY_BOX_2552_FTANKF,0,2,2,False
HWY_BOX_2552_FTRKF,0,2,2,False
HWY_BOX_2552_FVEHF,0,2,2,False
HWY_BOX_2552_HAZMAT,0,2,2,False
HWY_BOX_2552_ODF,0,2,2,False
HWY_BOX_2552_OPP,0,30,20,False
HWY_BOX_2552_OPP_AFR,0,51,10,False
HWY_BOX_2552_OPP_ENG,0,10,10,False
HWY_BOX_2553_ACCIBF,0,2,2,False
HWY_BOX_2553_ACCIF,0,2,2,False
HWY_BOX_2553_ACCIHF,0,2,2,False
HWY_BOX_2553_ACCIMF,0,2,2,False
HWY_BOX_2553_ACCITF,0,2,2,False
HWY_BOX_2553_ALPHA,0,2,2,False
HWY_BOX_2553_BRAVO,0,2,2,False
HWY_BOX_2553_CHARLIE,0,2,2,False
HWY_BOX_2553_CPRF,0,2,2,False
HWY_BOX_2553_FACCIF,0,2,2,False
HWY_BOX_2553_FDACCF,0,2,2,False
HWY_BOX_2553_FDACCIF,0,2,2,False
HWY_BOX_2553_FDACCIMF,0,2,2,False
HWY_BOX_2553_FDACCITF,0,2,2,False
HWY_BOX_2553_FTANKF,0,2,2,False
HWY_BOX_2553_FTRKF,0,2,2,False
HWY_BOX_2553_FVEHF,0,2,2,False
HWY_BOX_2553_HAZMAT,0,2,2,False
HWY_BOX_2553_ODF,0,2,2,False
HWY_BOX_2553_OPP,0,30,20,False
HWY_BOX_2553_OPP_AFR,0,60,10,False
HWY_BOX_2553_OPP_ENG,0,10,10,False
HWY_BOX_2555_ACCIBF,0,2,2,False
HWY_BOX_2555_ACCIF,0,2,2,False
HWY_BOX_2555_ACCIHF,0,2,2,False
HWY_BOX_2555_ACCIMF,0,2,2,False
HWY_BOX_2555_ACCITF,0,2,2,False
HWY_BOX_2555_ALPHA,0,2,2,False
HWY_BOX_2555_BRAVO,0,2,2,False
HWY_BOX_2555_CHARLIE,0,2,2,False
HWY_BOX_2555_CPRF,0,2,2,False
HWY_BOX_2555_FACCIF,0,2,2,False
HWY_BOX_2555_FDACCF,0,2,2,False
HWY_BOX_2555_FDACCIF,0,2,2,False
HWY_BOX_2555_FDACCIMF,0,2,2,False
HWY_BOX_2555_FDACCITF,0,2,2,False
HWY_BOX_2555_FTANKF,0,2,2,False
HWY_BOX_2555_FTRKF,0,2,2,False
HWY_BOX_2555_FVEHF,0,2,2,False
HWY_BOX_2555_HAZMAT,0,2,2,False
HWY_BOX_2555_ODF,0,2,2,False
HWY_BOX_2555_OPP,0,30,20,False
HWY_BOX_2555_OPP_AFR,0,55,10,False
HWY_BOX_2555_OPP_ENG,0,10,10,False
HWY_BOX_2557_ACCIBF,0,2,2,False
HWY_BOX_2557_ACCIF,0,2,2,False
HWY_BOX_2557_ACCIHF,0,2,2,False
HWY_BOX_2557_ACCIMF,0,2,2,False
HWY_BOX_2557_ACCITF,0,2,2,False
HWY_BOX_2557_ALPHA,0,2,2,False
HWY_BOX_2557_BRAVO,0,2,2,False
HWY_BOX_2557_CHARLIE,0,2,2,False
HWY_BOX_2557_CPRF,0,2,2,False
HWY_BOX_2557_FACCIF,0,2,2,False
HWY_BOX_2557_FDACCF,0,2,2,False
HWY_BOX_2557_FDACCIF,0,2,2,False
HWY_BOX_2557_FDACCIMF,0,2,2,False
HWY_BOX_2557_FDACCITF,0,2,2,False
HWY_BOX_2557_FTANKF,0,2,2,False
HWY_BOX_2557_FTRKF,0,2,2,False
HWY_BOX_2557_FVEHF,0,2,2,False
HWY_BOX_2557_HAZMAT,0,2,2,False
HWY_BOX_2557_ODF,0,2,2,False
HWY_BOX_2557_OPP,0,30,20,False
HWY_BOX_2557_OPP_AFR,0,55,10,False
HWY_BOX_2557_OPP_ENG,0,10,10,False
HWY_BOX_2650_ACCIBF,0,2,2,False
HWY_BOX_2650_ACCIF,0,2,2,False
HWY_BOX_2650_ACCIHF,0,2,2,False
HWY_BOX_2650_ACCIMF,0,2,2,False
HWY_BOX_2650_ACCITF,0,2,2,False
HWY_BOX_2650_ALPHA,0,2,2,False
HWY_BOX_2650_BRAVO,0,2,2,False
HWY_BOX_2650_CHARLIE,0,2,2,False
HWY_BOX_2650_CPRF,0,2,2,False
HWY_BOX_2650_FACCIF,0,2,2,False
HWY_BOX_2650_FDACCF,0,2,2,False
HWY_BOX_2650_FDACCIF,0,2,2,False
HWY_BOX_2650_FDACCIMF,0,2,2,False
HWY_BOX_2650_FDACCITF,0,2,2,False
HWY_BOX_2650_FTANKF,0,2,2,False
HWY_BOX_2650_FTRKF,0,2,2,False
HWY_BOX_2650_FVEHF,0,2,2,False
HWY_BOX_2650_HAZMAT,0,2,2,False
HWY_BOX_2650_ODF,0,2,2,False
HWY_BOX_2650_OPP,0,30,20,False
HWY_BOX_2650_OPP_AFR,0,60,10,False
HWY_BOX_2650_OPP_ENG,0,10,10,False
HWY_BOX_2651_ACCIBF,0,2,2,False
HWY_BOX_2651_ACCIF,0,2,2,False
HWY_BOX_2651_ACCIHF,0,2,2,False
HWY_BOX_2651_ACCIMF,0,2,2,False
HWY_BOX_2651_ACCITF,0,2,2,False
HWY_BOX_2651_ALPHA,0,2,2,False
HWY_BOX_2651_BRAVO,0,2,2,False
HWY_BOX_2651_CHARLIE,0,2,2,False
HWY_BOX_2651_CPRF,0,2,2,False
HWY_BOX_2651_FACCIF,0,2,2,False
HWY_BOX_2651_FDACCF,0,2,2,False
HWY_BOX_2651_FDACCIF,0,2,2,False
HWY_BOX_2651_FDACCIMF,0,2,2,False
HWY_BOX_2651_FDACCITF,0,2,2,False
HWY_BOX_2651_FTANKF,0,2,2,False
HWY_BOX_2651_FTRKF,0,2,2,False
HWY_BOX_2651_FVEHF,0,2,2,False
HWY_BOX_2651_HAZMAT,0,2,2,False
HWY_BOX_2651_ODF,0,2,2,False
HWY_BOX_2651_OPP,0,30,20,False
HWY_BOX_2651_OPP_AFR,0,59,10,False
HWY_BOX_2651_OPP_ENG,0,10,10,False
HWY_BOX_2652_ACCIBF,0,2,2,False
HWY_BOX_2652_ACCIF,0,2,2,False
HWY_BOX_2652_ACCIHF,0,2,2,False
HWY_BOX_2652_ACCIMF,0,2,2,False
HWY_BOX_2652_ACCITF,0,2,2,False
HWY_BOX_2652_ALPHA,0,2,2,False
HWY_BOX_2652_BRAVO,0,2,2,False
HWY_BOX_2652_CHARLIE,0,2,2,False
HWY_BOX_2652_CPRF,0,2,2,False
HWY_BOX_2652_FACCIF,0,2,2,False
HWY_BOX_2652_FDACCF,0,2,2,False
HWY_BOX_2652_FDACCIF,0,2,2,False
HWY_BOX_2652_FDACCIMF,0,2,2,False
HWY_BOX_2652_FDACCITF,0,2,2,False
HWY_BOX_2652_FTANKF,0,2,2,False
HWY_BOX_2652_FTRKF,0,2,2,False
HWY_BOX_2652_FVEHF,0,2,2,False
HWY_BOX_2652_HAZMAT,0,2,2,False
HWY_BOX_2652_ODF,0,2,2,False
HWY_BOX_2652_OPP,0,30,20,False
HWY_BOX_2652_OPP_AFR,0,56,10,False
HWY_BOX_2652_OPP_ENG,0,10,10,False
HWY_BOX_2654_ACCIBF,0,2,2,False
HWY_BOX_2654_ACCIF,0,2,2,False
HWY_BOX_2654_ACCIHF,0,2,2,False
HWY_BOX_2654_ACCIMF,0,2,2,False
HWY_BOX_2654_ACCITF,0,2,2,False
HWY_BOX_2654_ALPHA,0,2,2,False
HWY_BOX_2654_BRAVO,0,2,2,False
HWY_BOX_2654_CHARLIE,0,2,2,False
HWY_BOX_2654_CPRF,0,2,2,False
HWY_BOX_2654_FACCIF,0,2,2,False
HWY_BOX_2654_FDACCF,0,2,2,False
HWY_BOX_2654_FDACCIF,0,2,2,False
HWY_BOX_2654_FDACCIMF,0,2,2,False
HWY_BOX_2654_FDACCITF,0,2,2,False
HWY_BOX_2654_FTANKF,0,2,2,False
HWY_BOX_2654_FTRKF,0,2,2,False
HWY_BOX_2654_FVEHF,0,2,2,False
HWY_BOX_2654_HAZMAT,0,2,2,False
HWY_BOX_2654_ODF,0,2,2,False
HWY_BOX_2654_OPP,0,30,20,False
HWY_BOX_2654_OPP_AFR,0,60,10,False
HWY_BOX_2654_OPP_ENG,0,10,10,False
HWY_BOX_2656_ACCIBF,0,2,2,False
HWY_BOX_2656_ACCIF,0,2,2,False
HWY_BOX_2656_ACCIHF,0,2,2,False
HWY_BOX_2656_ACCIMF,0,2,2,False
HWY_BOX_2656_ACCITF,0,2,2,False
HWY_BOX_2656_ALPHA,0,2,2,False
HWY_BOX_2656_BRAVO,0,2,2,False
HWY_BOX_2656_CHARLIE,0,2,2,False
HWY_BOX_2656_CPRF,0,2,2,False
HWY_BOX_2656_FACCIF,0,2,2,False
HWY_BOX_2656_FDACCF,0,2,2,False
HWY_BOX_2656_FDACCIF,0,2,2,False
HWY_BOX_2656_FDACCIMF,0,2,2,False
HWY_BOX_2656_FDACCITF,0,2,2,False
HWY_BOX_2656_FTANKF,0,2,2,False
HWY_BOX_2656_FTRKF,0,2,2,False
HWY_BOX_2656_FVEHF,0,2,2,False
HWY_BOX_2656_HAZMAT,0,2,2,False
HWY_BOX_2656_ODF,0,2,2,False
HWY_BOX_2656_OPP,0,30,20,False
HWY_BOX_2656_OPP_AFR,0,60,10,False
HWY_BOX_2656_OPP_ENG,0,10,10,False
HWY_BOX_2658_ACCIBF,0,2,2,False
HWY_BOX_2658_ACCIF,0,2,2,False
HWY_BOX_2658_ACCIHF,0,2,2,False
HWY_BOX_2658_ACCIMF,0,2,2,False
HWY_BOX_2658_ACCITF,0,2,2,False
HWY_BOX_2658_ALPHA,0,2,2,False
HWY_BOX_2658_BRAVO,0,2,2,False
HWY_BOX_2658_CHARLIE,0,2,2,False
HWY_BOX_2658_CPRF,0,2,2,False
HWY_BOX_2658_FACCIF,0,2,2,False
HWY_BOX_2658_FDACCF,0,2,2,False
HWY_BOX_2658_FDACCIF,0,2,2,False
HWY_BOX_2658_FDACCIMF,0,2,2,False
HWY_BOX_2658_FDACCITF,0,2,2,False
HWY_BOX_2658_FTANKF,0,2,2,False
HWY_BOX_2658_FTRKF,0,2,2,False
HWY_BOX_2658_FVEHF,0,2,2,False
HWY_BOX_2658_HAZMAT,0,2,2,False
HWY_BOX_2658_ODF,0,2,2,False
HWY_BOX_2658_OPP,0,30,20,False
HWY_BOX_2658_OPP_AFR,0,60,10,False
HWY_BOX_2658_OPP_ENG,0,10,10,False
HWY_BOX_2660_ACCIBF,0,2,2,False
HWY_BOX_2660_ACCIF,0,2,2,False
HWY_BOX_2660_ACCIHF,0,2,2,False
HWY_BOX_2660_ACCIMF,0,2,2,False
HWY_BOX_2660_ACCITF,0,2,2,False
HWY_BOX_2660_ALPHA,0,2,2,False
HWY_BOX_2660_BRAVO,0,2,2,False
HWY_BOX_2660_CHARLIE,0,2,2,False
HWY_BOX_2660_CPRF,0,2,2,False
HWY_BOX_2660_FACCIF,0,2,2,False
HWY_BOX_2660_FDACCF,0,2,2,False
HWY_BOX_2660_FDACCIF,0,2,2,False
HWY_BOX_2660_FDACCIMF,0,2,2,False
HWY_BOX_2660_FDACCITF,0,2,2,False
HWY_BOX_2660_FTANKF,0,2,2,False
HWY_BOX_2660_FTRKF,0,2,2,False
HWY_BOX_2660_FVEHF,0,2,2,False
HWY_BOX_2660_HAZMAT,0,2,2,False
HWY_BOX_2660_ODF,0,2,2,False
HWY_BOX_2660_OPP,0,30,20,False
HWY_BOX_2660_OPP_AFR,0,60,10,False
HWY_BOX_2660_OPP_ENG,0,10,10,False
HWY_BOX_2661_ACCIBF,0,2,2,False
HWY_BOX_2661_ACCIF,0,2,2,False
HWY_BOX_2661_ACCIHF,0,2,2,False
HWY_BOX_2661_ACCIMF,0,2,2,False
HWY_BOX_2661_ACCITF,0,2,2,False
HWY_BOX_2661_ALPHA,0,2,2,False
HWY_BOX_2661_BRAVO,0,2,2,False
HWY_BOX_2661_CHARLIE,0,2,2,False
HWY_BOX_2661_CPRF,0,2,2,False
HWY_BOX_2661_FACCIF,0,2,2,False
HWY_BOX_2661_FDACCF,0,2,2,False
HWY_BOX_2661_FDACCIF,0,2,2,False
HWY_BOX_2661_FDACCIMF,0,2,2,False
HWY_BOX_2661_FDACCITF,0,2,2,False
HWY_BOX_2661_FTANKF,0,2,2,False
HWY_BOX_2661_FTRKF,0,2,2,False
HWY_BOX_2661_FVEHF,0,2,2,False
HWY_BOX_2661_HAZMAT,0,2,2,False
HWY_BOX_2661_ODF,0,2,2,False
HWY_BOX_2661_OPP,0,30,20,False
HWY_BOX_2661_OPP_AFR,0,50,10,False
HWY_BOX_2661_OPP_ENG,0,10,10,False
HWY_BOX_2662_ACCIBF,0,2,2,False
HWY_BOX_2662_ACCIF,0,2,2,False
HWY_BOX_2662_ACCIHF,0,2,2,False
HWY_BOX_2662_ACCIMF,0,2,2,False
HWY_BOX_2662_ACCITF,0,2,2,False
HWY_BOX_2662_ALPHA,0,2,2,False
HWY_BOX_2662_BRAVO,0,2,2,False
HWY_BOX_2662_CHARLIE,0,2,2,False
HWY_BOX_2662_CPRF,0,2,2,False
HWY_BOX_2662_FACCIF,0,2,2,False
HWY_BOX_2662_FDACCF,0,2,2,False
HWY_BOX_2662_FDACCIF,0,2,2,False
HWY_BOX_2662_FDACCIMF,0,2,2,False
HWY_BOX_2662_FDACCITF,0,2,2,False
HWY_BOX_2662_FTANKF,0,2,2,False
HWY_BOX_2662_FTRKF,0,2,2,False
HWY_BOX_2662_FVEHF,0,2,2,False
HWY_BOX_2662_HAZMAT,0,2,2,False
HWY_BOX_2662_ODF,0,2,2,False
HWY_BOX_2662_OPP,0,30,20,False
HWY_BOX_2662_OPP_AFR,0,60,10,False
HWY_BOX_2662_OPP_ENG,0,10,10,False
HWY_BOX_2670_ACCIBF,0,2,2,False
HWY_BOX_2670_ACCIF,0,2,2,False
HWY_BOX_2670_ACCIHF,0,2,2,False
HWY_BOX_2670_ACCIMF,0,2,2,False
HWY_BOX_2670_ACCITF,0,2,2,False
HWY_BOX_2670_ALPHA,0,2,2,False
HWY_BOX_2670_BRAVO,0,2,2,False
HWY_BOX_2670_CHARLIE,0,2,2,False
HWY_BOX_2670_CPRF,0,2,2,False
HWY_BOX_2670_FACCIF,0,2,2,False
HWY_BOX_2670_FDACCF,0,2,2,False
HWY_BOX_2670_FDACCIF,0,2,2,False
HWY_BOX_2670_FDACCIMF,0,2,2,False
HWY_BOX_2670_FDACCITF,0,2,2,False
HWY_BOX_2670_FTANKF,0,2,2,False
HWY_BOX_2670_FTRKF,0,2,2,False
HWY_BOX_2670_FVEHF,0,2,2,False
HWY_BOX_2670_HAZMAT,0,2,2,False
HWY_BOX_2670_ODF,0,2,2,False
HWY_BOX_2670_OPP,0,30,20,False
HWY_BOX_2670_OPP_AFR,0,50,10,False
HWY_BOX_2670_OPP_ENG,0,10,10,False
HWY_BOX_2671_ACCIBF,0,2,2,False
HWY_BOX_2671_ACCIF,0,2,2,False
HWY_BOX_2671_ACCIHF,0,2,2,False
HWY_BOX_2671_ACCIMF,0,2,2,False
HWY_BOX_2671_ACCITF,0,2,2,False
HWY_BOX_2671_ALPHA,0,2,2,False
HWY_BOX_2671_BRAVO,0,2,2,False
HWY_BOX_2671_CHARLIE,0,2,2,False
HWY_BOX_2671_CPRF,0,2,2,False
HWY_BOX_2671_FACCIF,0,2,2,False
HWY_BOX_2671_FDACCF,0,2,2,False
HWY_BOX_2671_FDACCIF,0,2,2,False
HWY_BOX_2671_FDACCIMF,0,2,2,False
HWY_BOX_2671_FDACCITF,0,2,2,False
HWY_BOX_2671_FTANKF,0,2,2,False
HWY_BOX_2671_FTRKF,0,2,2,False
HWY_BOX_2671_FVEHF,0,2,2,False
HWY_BOX_2671_HAZMAT,0,2,2,False
HWY_BOX_2671_ODF,0,2,2,False
HWY_BOX_2671_OPP,0,30,20,False
HWY_BOX_2671_OPP_AFR,0,50,10,False
HWY_BOX_2671_OPP_ENG,0,10,10,False
HWY_BOX_2672_ACCIBF,0,2,2,False
HWY_BOX_2672_ACCIF,0,2,2,False
HWY_BOX_2672_ACCIHF,0,2,2,False
HWY_BOX_2672_ACCIMF,0,2,2,False
HWY_BOX_2672_ACCITF,0,2,2,False
HWY_BOX_2672_ALPHA,0,2,2,False
HWY_BOX_2672_BRAVO,0,2,2,False
HWY_BOX_2672_CHARLIE,0,2,2,False
HWY_BOX_2672_CPRF,0,2,2,False
HWY_BOX_2672_FACCIF,0,2,2,False
HWY_BOX_2672_FDACCF,0,2,2,False
HWY_BOX_2672_FDACCIF,0,2,2,False
HWY_BOX_2672_FDACCIMF,0,2,2,False
HWY_BOX_2672_FDACCITF,0,2,2,False
HWY_BOX_2672_FTANKF,0,2,2,False
HWY_BOX_2672_FTRKF,0,2,2,False
HWY_BOX_2672_FVEHF,0,2,2,False
HWY_BOX_2672_HAZMAT,0,2,2,False
HWY_BOX_2672_ODF,0,2,2,False
HWY_BOX_2672_OPP,0,30,20,False
HWY_BOX_2672_OPP_AFR,0,56,10,False
HWY_BOX_2672_OPP_ENG,0,10,10,False
HWY_BOX_2674_ACCIBF,0,2,2,False
HWY_BOX_2674_ACCIF,0,2,2,False
HWY_BOX_2674_ACCIHF,0,2,2,False
HWY_BOX_2674_ACCIMF,0,2,2,False
HWY_BOX_2674_ACCITF,0,2,2,False
HWY_BOX_2674_ALPHA,0,2,2,False
HWY_BOX_2674_BRAVO,0,2,2,False
HWY_BOX_2674_CHARLIE,0,2,2,False
HWY_BOX_2674_CPRF,0,2,2,False
HWY_BOX_2674_FACCIF,0,2,2,False
HWY_BOX_2674_FDACCF,0,2,2,False
HWY_BOX_2674_FDACCIF,0,2,2,False
HWY_BOX_2674_FDACCIMF,0,2,2,False
HWY_BOX_2674_FDACCITF,0,2,2,False
HWY_BOX_2674_FTANKF,0,2,2,False
HWY_BOX_2674_FTRKF,0,2,2,False
HWY_BOX_2674_FVEHF,0,2,2,False
HWY_BOX_2674_HAZMAT,0,2,2,False
HWY_BOX_2674_ODF,0,2,2,False
HWY_BOX_2674_OPP,0,30,20,False
HWY_BOX_2674_OPP_AFR,0,56,10,False
HWY_BOX_2674_OPP_ENG,0,10,10,False
HWY_BOX_2676_ACCIBF,0,2,2,False
HWY_BOX_2676_ACCIF,0,2,2,False
HWY_BOX_2676_ACCIHF,0,2,2,False
HWY_BOX_2676_ACCIMF,0,2,2,False
HWY_BOX_2676_ACCITF,0,2,2,False
HWY_BOX_2676_ALPHA,0,2,2,False
HWY_BOX_2676_BRAVO,0,2,2,False
HWY_BOX_2676_CHARLIE,0,2,2,False
HWY_BOX_2676_CPRF,0,2,2,False
HWY_BOX_2676_FACCIF,0,2,2,False
HWY_BOX_2676_FDACCF,0,2,2,False
HWY_BOX_2676_FDACCIF,0,2,2,False
HWY_BOX_2676_FDACCIMF,0,2,2,False
HWY_BOX_2676_FDACCITF,0,2,2,False
HWY_BOX_2676_FTANKF,0,2,2,False
HWY_BOX_2676_FTRKF,0,2,2,False
HWY_BOX_2676_FVEHF,0,2,2,False
HWY_BOX_2676_HAZMAT,0,2,2,False
HWY_BOX_2676_ODF,0,2,2,False
HWY_BOX_2676_OPP,0,30,20,False
HWY_BOX_2676_OPP_AFR,0,50,10,False
HWY_BOX_2676_OPP_ENG,0,10,10,False
HWY_BOX_2679_ACCIBF,0,2,2,False
HWY_BOX_2679_ACCIF,0,2,2,False
HWY_BOX_2679_ACCIHF,0,2,2,False
HWY_BOX_2679_ACCIMF,0,2,2,False
HWY_BOX_2679_ACCITF,0,2,2,False
HWY_BOX_2679_ALPHA,0,2,2,False
HWY_BOX_2679_BRAVO,0,2,2,False
HWY_BOX_2679_CHARLIE,0,2,2,False
HWY_BOX_2679_CPRF,0,2,2,False
HWY_BOX_2679_FACCIF,0,2,2,False
HWY_BOX_2679_FDACCF,0,2,2,False
HWY_BOX_2679_FDACCIF,0,2,2,False
HWY_BOX_2679_FDACCIMF,0,2,2,False
HWY_BOX_2679_FDACCITF,0,2,2,False
HWY_BOX_2679_FTANKF,0,2,2,False
HWY_BOX_2679_FTRKF,0,2,2,False
HWY_BOX_2679_FVEHF,0,2,2,False
HWY_BOX_2679_HAZMAT,0,2,2,False
HWY_BOX_2679_ODF,0,2,2,False
HWY_BOX_2679_OPP,0,30,20,False
HWY_BOX_2679_OPP_AFR,0,59,10,False
HWY_BOX_2679_OPP_ENG,0,10,10,False
HWY_BOX_2851_ACCIBF,0,2,2,False
HWY_BOX_2851_ACCIF,0,2,2,False
HWY_BOX_2851_ACCIHF,0,2,2,False
HWY_BOX_2851_ACCIMF,0,2,2,False
HWY_BOX_2851_ACCITF,0,2,2,False
HWY_BOX_2851_ALPHA,0,2,2,False
HWY_BOX_2851_BRAVO,0,2,2,False
HWY_BOX_2851_CHARLIE,0,2,2,False
HWY_BOX_2851_CPRF,0,2,2,False
HWY_BOX_2851_FACCIF,0,2,2,False
HWY_BOX_2851_FDACCF,0,2,2,False
HWY_BOX_2851_FDACCIF,0,2,2,False
HWY_BOX_2851_FDACCIMF,0,2,2,False
HWY_BOX_2851_FDACCITF,0,2,2,False
HWY_BOX_2851_FTANKF,0,2,2,False
HWY_BOX_2851_FTRKF,0,2,2,False
HWY_BOX_2851_FVEHF,0,2,2,False
HWY_BOX_2851_HAZMAT,0,2,2,False
HWY_BOX_2851_ODF,0,2,2,False
HWY_BOX_2851_OPP,0,30,20,False
HWY_BOX_2851_OPP_AFR,0,50,10,False
HWY_BOX_2851_OPP_ENG,0,10,10,False
HWY_BOX_2860_ACCIBF,0,2,2,False
HWY_BOX_2860_ACCIF,0,2,2,False
HWY_BOX_2860_ACCIHF,0,2,2,False
HWY_BOX_2860_ACCIMF,0,2,2,False
HWY_BOX_2860_ACCITF,0,2,2,False
HWY_BOX_2860_ALPHA,0,2,2,False
HWY_BOX_2860_BRAVO,0,2,2,False
HWY_BOX_2860_CHARLIE,0,2,2,False
HWY_BOX_2860_CPRF,0,2,2,False
HWY_BOX_2860_FACCIF,0,2,2,False
HWY_BOX_2860_FDACCF,0,2,2,False
HWY_BOX_2860_FDACCIF,0,2,2,False
HWY_BOX_2860_FDACCIMF,0,2,2,False
HWY_BOX_2860_FDACCITF,0,2,2,False
HWY_BOX_2860_FTANKF,0,2,2,False
HWY_BOX_2860_FTRKF,0,2,2,False
HWY_BOX_2860_FVEHF,0,2,2,False
HWY_BOX_2860_HAZMAT,0,2,2,False
HWY_BOX_2860_ODF,0,2,2,False
HWY_BOX_2860_OPP,0,30,20,False
HWY_BOX_2860_OPP_AFR,0,60,10,False
HWY_BOX_2860_OPP_ENG,0,10,10,False
HWY_BOX_2950_ACCIBF,0,2,2,False
HWY_BOX_2950_ACCIF,0,2,2,False
HWY_BOX_2950_ACCIHF,0,2,2,False
HWY_BOX_2950_ACCIMF,0,2,2,False
HWY_BOX_2950_ACCITF,0,2,2,False
HWY_BOX_2950_ALPHA,0,2,2,False
HWY_BOX_2950_BRAVO,0,2,2,False
HWY_BOX_2950_CHARLIE,0,2,2,False
HWY_BOX_2950_CPRF,0,2,2,False
HWY_BOX_2950_FACCIF,0,2,2,False
HWY_BOX_2950_FDACCF,0,2,2,False
HWY_BOX_2950_FDACCIF,0,2,2,False
HWY_BOX_2950_FDACCIMF,0,2,2,False
HWY_BOX_2950_FDACCITF,0,2,2,False
HWY_BOX_2950_FTANKF,0,2,2,False
HWY_BOX_2950_FTRKF,0,2,2,False
HWY_BOX_2950_FVEHF,0,2,2,False
HWY_BOX_2950_HAZMAT,0,2,2,False
HWY_BOX_2950_ODF,0,2,2,False
HWY_BOX_2950_OPP,0,30,20,False
HWY_BOX_2950_OPP_AFR,0,50,10,False
HWY_BOX_2950_OPP_ENG,0,10,10,False
HWY_BOX_2951_ACCIBF,0,2,2,False
HWY_BOX_2951_ACCIF,0,2,2,False
HWY_BOX_2951_ACCIHF,0,2,2,False
HWY_BOX_2951_ACCIMF,0,2,2,False
HWY_BOX_2951_ACCITF,0,2,2,False
HWY_BOX_2951_ALPHA,0,2,2,False
HWY_BOX_2951_BRAVO,0,2,2,False
HWY_BOX_2951_CHARLIE,0,2,2,False
HWY_BOX_2951_CPRF,0,2,2,False
HWY_BOX_2951_FACCIF,0,2,2,False
HWY_BOX_2951_FDACCF,0,2,2,False
HWY_BOX_2951_FDACCIF,0,2,2,False
HWY_BOX_2951_FDACCIMF,0,2,2,False
HWY_BOX_2951_FDACCITF,0,2,2,False
HWY_BOX_2951_FTANKF,0,2,2,False
HWY_BOX_2951_FTRKF,0,2,2,False
HWY_BOX_2951_FVEHF,0,2,2,False
HWY_BOX_2951_HAZMAT,0,2,2,False
HWY_BOX_2951_ODF,0,2,2,False
HWY_BOX_2951_OPP,0,30,20,False
HWY_BOX_2951_OPP_AFR,0,60,10,False
HWY_BOX_2951_OPP_ENG,0,10,10,False
HWY_BOX_2952_ACCIBF,0,2,2,False
HWY_BOX_2952_ACCIF,0,2,2,False
HWY_BOX_2952_ACCIHF,0,2,2,False
HWY_BOX_2952_ACCIMF,0,2,2,False
HWY_BOX_2952_ACCITF,0,2,2,False
HWY_BOX_2952_ALPHA,0,2,2,False
HWY_BOX_2952_BRAVO,0,2,2,False
HWY_BOX_2952_CHARLIE,0,2,2,False
HWY_BOX_2952_CPRF,0,2,2,False
HWY_BOX_2952_FACCIF,0,2,2,False
HWY_BOX_2952_FDACCF,0,2,2,False
HWY_BOX_2952_FDACCIF,0,2,2,False
HWY_BOX_2952_FDACCIMF,0,2,2,False
HWY_BOX_2952_FDACCITF,0,2,2,False
HWY_BOX_2952_FTANKF,0,2,2,False
HWY_BOX_2952_FTRKF,0,2,2,False
HWY_BOX_2952_FVEHF,0,2,2,False
HWY_BOX_2952_HAZMAT,0,2,2,False
HWY_BOX_2952_ODF,0,2,2,False
HWY_BOX_2952_OPP,0,30,20,False
HWY_BOX_2952_OPP_AFR,0,60,10,False
HWY_BOX_2952_OPP_ENG,0,10,10,False
HWY_BOX_2953_ACCIBF,0,2,2,False
HWY_BOX_2953_ACCIF,0,2,2,False
HWY_BOX_2953_ACCIHF,0,2,2,False
HWY_BOX_2953_ACCIMF,0,2,2,False
HWY_BOX_2953_ACCITF,0,2,2,False
HWY_BOX_2953_ALPHA,0,2,2,False
HWY_BOX_2953_BRAVO,0,2,2,False
HWY_BOX_2953_CHARLIE,0,2,2,False
HWY_BOX_2953_CPRF,0,2,2,False
HWY_BOX_2953_FACCIF,0,2,2,False
HWY_BOX_2953_FDACCF,0,2,2,False
HWY_BOX_2953_FDACCIF,0,2,2,False
HWY_BOX_2953_FDACCIMF,0,2,2,False
HWY_BOX_2953_FDACCITF,0,2,2,False
HWY_BOX_2953_FTANKF,0,2,2,False
HWY_BOX_2953_FTRKF,0,2,2,False
HWY_BOX_2953_FVEHF,0,2,2,False
HWY_BOX_2953_HAZMAT,0,2,2,False
HWY_BOX_2953_ODF,0,2,2,False
HWY_BOX_2953_OPP,0,30,20,False
HWY_BOX_2953_OPP_AFR,0,50,10,False
HWY_BOX_2953_OPP_ENG,0,10,10,False
HWY_BOX_2954_ACCIBF,0,2,2,False
HWY_BOX_2954_ACCIF,0,2,2,False
HWY_BOX_2954_ACCIHF,0,2,2,False
HWY_BOX_2954_ACCIMF,0,2,2,False
HWY_BOX_2954_ACCTIF,0,2,2,False
HWY_BOX_2954_ALPHA,0,2,2,False
HWY_BOX_2954_BRAVO,0,2,2,False
HWY_BOX_2954_CHARLIE,0,2,2,False
HWY_BOX_2954_CPRF,0,2,2,False
HWY_BOX_2954_FACCIF,0,2,2,False
HWY_BOX_2954_FDACCF,0,2,2,False
HWY_BOX_2954_FDACCIF,0,2,2,False
HWY_BOX_2954_FDACCIMF,0,2,2,False
HWY_BOX_2954_FDACCITF,0,2,2,False
HWY_BOX_2954_FTANKF,0,2,2,False
HWY_BOX_2954_FTRKF,0,2,2,False
HWY_BOX_2954_FVEHF,0,2,2,False
HWY_BOX_2954_HAZMAT,0,2,2,False
HWY_BOX_2954_ODF,0,2,2,False
HWY_BOX_2954_OPP,0,30,20,False
HWY_BOX_2954_OPP_AFR,0,60,10,False
HWY_BOX_2954_OPP_ENG,0,10,10,False
HWY_BOX_2956_ACCIBF,0,2,2,False
HWY_BOX_2956_ACCIF,0,2,2,False
HWY_BOX_2956_ACCIHF,0,2,2,False
HWY_BOX_2956_ACCIMF,0,2,2,False
HWY_BOX_2956_ACCITF,0,2,2,False
HWY_BOX_2956_ALPHA,0,2,2,False
HWY_BOX_2956_BRAVO,0,2,2,False
HWY_BOX_2956_CHARLIE,0,2,2,False
HWY_BOX_2956_CPRF,0,2,2,False
HWY_BOX_2956_FACCIF,0,2,2,False
HWY_BOX_2956_FDACCF,0,2,2,False
HWY_BOX_2956_FDACCIF,0,2,2,False
HWY_BOX_2956_FDACCIMF,0,2,2,False
HWY_BOX_2956_FDACCITF,0,2,2,False
HWY_BOX_2956_FTANKF,0,2,2,False
HWY_BOX_2956_FTRKF,0,2,2,False
HWY_BOX_2956_FVEHF,0,2,2,False
HWY_BOX_2956_HAZMAT,0,2,2,False
HWY_BOX_2956_ODF,0,2,2,False
HWY_BOX_2956_OPP,0,30,20,False
HWY_BOX_2956_OPP_AFR,0,54,10,False
HWY_BOX_2956_OPP_ENG,0,10,10,False
HWY_BOX_2958_ACCIBF,0,2,2,False
HWY_BOX_2958_ACCIF,0,2,2,False
HWY_BOX_2958_ACCIHF,0,2,2,False
HWY_BOX_2958_ACCIMF,0,2,2,False
HWY_BOX_2958_ACCITF,0,2,2,False
HWY_BOX_2958_ALPHA,0,2,2,False
HWY_BOX_2958_BRAVO,0,2,2,False
HWY_BOX_2958_CHARLIE,0,2,2,False
HWY_BOX_2958_CPRF,0,2,2,False
HWY_BOX_2958_FACCIF,0,2,2,False
HWY_BOX_2958_FDACCF,0,2,2,False
HWY_BOX_2958_FDACCIF,0,2,2,False
HWY_BOX_2958_FDACCIMF,0,2,2,False
HWY_BOX_2958_FDACCITF,0,2,2,False
HWY_BOX_2958_FTANKF,0,2,2,False
HWY_BOX_2958_FTRKF,0,2,2,False
HWY_BOX_2958_FVEHF,0,2,2,False
HWY_BOX_2958_HAZMAT,0,2,2,False
HWY_BOX_2958_ODF,0,2,2,False
HWY_BOX_2958_OPP,0,30,20,False
HWY_BOX_2958_OPP_AFR,0,54,10,False
HWY_BOX_2958_OPP_ENG,0,10,10,False
HWY_BOX_2960_ACCIBF,0,2,2,False
HWY_BOX_2960_ACCIF,0,2,2,False
HWY_BOX_2960_ACCIHF,0,2,2,False
HWY_BOX_2960_ACCIMF,0,2,2,False
HWY_BOX_2960_ACCITF,0,2,2,False
HWY_BOX_2960_ALPHA,0,2,2,False
HWY_BOX_2960_BRAVO,0,2,2,False
HWY_BOX_2960_CHARLIE,0,2,2,False
HWY_BOX_2960_CPRF,0,2,2,False
HWY_BOX_2960_FACCIF,0,2,2,False
HWY_BOX_2960_FDACCF,0,2,2,False
HWY_BOX_2960_FDACCIF,0,2,2,False
HWY_BOX_2960_FDACCIMF,0,2,2,False
HWY_BOX_2960_FDACCITF,0,2,2,False
HWY_BOX_2960_FTANKF,0,2,2,False
HWY_BOX_2960_FTRKF,0,2,2,False
HWY_BOX_2960_FVEHF,0,2,2,False
HWY_BOX_2960_HAZMAT,0,2,2,False
HWY_BOX_2960_ODF,0,2,2,False
HWY_BOX_2960_OPP,0,30,20,False
HWY_BOX_2960_OPP_AFR,0,50,10,False
HWY_BOX_2960_OPP_ENG,0,10,10,False
HWY_BOX_2965_ACCIBF,0,2,2,False
HWY_BOX_2965_ACCIF,0,2,2,False
HWY_BOX_2965_ACCIHF,0,2,2,False
HWY_BOX_2965_ACCIMF,0,2,2,False
HWY_BOX_2965_ACCITF,0,2,2,False
HWY_BOX_2965_ALPHA,0,2,2,False
HWY_BOX_2965_BRAVO,0,2,2,False
HWY_BOX_2965_CHARLIE,0,2,2,False
HWY_BOX_2965_CPRF,0,2,2,False
HWY_BOX_2965_FACCIF,0,2,2,False
HWY_BOX_2965_FDACCF,0,2,2,False
HWY_BOX_2965_FDACCIF,0,2,2,False
HWY_BOX_2965_FDACCIMF,0,2,2,False
HWY_BOX_2965_FDACCITF,0,2,2,False
HWY_BOX_2965_FTANKF,0,2,2,False
HWY_BOX_2965_FTRKF,0,2,2,False
HWY_BOX_2965_FVEHF,0,2,2,False
HWY_BOX_2965_HAZMAT,0,2,2,False
HWY_BOX_2965_ODF,0,2,2,False
HWY_BOX_2965_OPP_2,0,42,28,False
HWY_BOX_2965_OPP_AFR,0,84,14,False
HWY_BOX_2965_OPP_ENG,0,14,14,False
HWY_BOX_2967_ACCIBF,0,2,2,False
HWY_BOX_2967_ACCIF,0,2,2,False
HWY_BOX_2967_ACCIHF,0,2,2,False
HWY_BOX_2967_ACCIMF,0,2,2,False
HWY_BOX_2967_ACCITF,0,2,2,False
HWY_BOX_2967_ALPHA,0,2,2,False
HWY_BOX_2967_BRAVO,0,2,2,False
HWY_BOX_2967_CHARLIE,0,2,2,False
HWY_BOX_2967_CPRF,0,2,2,False
HWY_BOX_2967_FACCIF,0,2,2,False
HWY_BOX_2967_FDACCF,0,2,2,False
HWY_BOX_2967_FDACCIF,0,2,2,False
HWY_BOX_2967_FDACCIMF,0,2,2,False
HWY_BOX_2967_FDACCITF,0,2,2,False
HWY_BOX_2967_FTANKF,0,2,2,False
HWY_BOX_2967_FTRKF,0,2,2,False
HWY_BOX_2967_FVEHF,0,2,2,False
HWY_BOX_2967_HAZMAT,0,2,2,False
HWY_BOX_2967_ODF,0,2,2,False
HWY_BOX_2967_OPP,0,42,28,False
HWY_BOX_2967_OPP_AFR,0,84,14,False
HWY_BOX_2967_OPP_ENG,0,14,14,False
HWY_BOX_3050_ACCIBF,0,2,2,False
HWY_BOX_3050_ACCIF,0,2,2,False
HWY_BOX_3050_ACCIHF,0,2,2,False
HWY_BOX_3050_ACCIMF,0,2,2,False
HWY_BOX_3050_ACCITF,0,2,2,False
HWY_BOX_3050_ALPHA,0,2,2,False
HWY_BOX_3050_BRAVO,0,2,2,False
HWY_BOX_3050_CHARLIE,0,2,2,False
HWY_BOX_3050_CPRF,0,2,2,False
HWY_BOX_3050_FACCIF,0,2,2,False
HWY_BOX_3050_FDACCF,0,2,2,False
HWY_BOX_3050_FDACCIF,0,2,2,False
HWY_BOX_3050_FDACCIMF,0,2,2,False
HWY_BOX_3050_FDACCITF,0,2,2,False
HWY_BOX_3050_FTANKF,0,2,2,False
HWY_BOX_3050_FTRKF,0,2,2,False
HWY_BOX_3050_FVEHF,0,2,2,False
HWY_BOX_3050_HAZMAT,0,2,2,False
HWY_BOX_3050_ODF,0,2,2,False
HWY_BOX_3050_OPP,0,30,20,False
HWY_BOX_3050_OPP_AFR,0,60,10,False
HWY_BOX_3050_OPP_ENG,0,10,10,False
HWY_BOX_3051_ACCIBF,0,2,2,False
HWY_BOX_3051_ACCIF,0,2,2,False
HWY_BOX_3051_ACCIHF,0,2,2,False
HWY_BOX_3051_ACCIMF,0,2,2,False
HWY_BOX_3051_ACCITF,0,2,2,False
HWY_BOX_3051_ALPHA,0,2,2,False
HWY_BOX_3051_BRAVO,0,2,2,False
HWY_BOX_3051_CHARLIE,0,2,2,False
HWY_BOX_3051_CPRF,0,2,2,False
HWY_BOX_3051_FACCIF,0,2,2,False
HWY_BOX_3051_FDACCF,0,2,2,False
HWY_BOX_3051_FDACCIF,0,2,2,False
HWY_BOX_3051_FDACCIMF,0,2,2,False
HWY_BOX_3051_FDACCITF,0,2,2,False
HWY_BOX_3051_FTANKF,0,2,2,False
HWY_BOX_3051_FTRKF,0,2,2,False
HWY_BOX_3051_FVEHF,0,2,2,False
HWY_BOX_3051_HAZMAT,0,2,2,False
HWY_BOX_3051_ODF,0,2,2,False
HWY_BOX_3051_OPP,0,30,20,False
HWY_BOX_3051_OPP_AFR,0,60,10,False
HWY_BOX_3051_OPP_ENG,0,10,10,False
HWY_BOX_3053_ACCIBF,0,2,2,False
HWY_BOX_3053_ACCIF,0,2,2,False
HWY_BOX_3053_ACCIHF,0,2,2,False
HWY_BOX_3053_ACCIMF,0,2,2,False
HWY_BOX_3053_ACCITF,0,2,2,False
HWY_BOX_3053_ALPHA,0,2,2,False
HWY_BOX_3053_BRAVO,0,2,2,False
HWY_BOX_3053_CHARLIE,0,2,2,False
HWY_BOX_3053_CPRF,0,2,2,False
HWY_BOX_3053_FACCIF,0,2,2,False
HWY_BOX_3053_FDACCF,0,2,2,False
HWY_BOX_3053_FDACCIF,0,2,2,False
HWY_BOX_3053_FDACCIMF,0,2,2,False
HWY_BOX_3053_FDACCITF,0,2,2,False
HWY_BOX_3053_FTANKF,0,2,2,False
HWY_BOX_3053_FTRKF,0,2,2,False
HWY_BOX_3053_FVEHF,0,2,2,False
HWY_BOX_3053_HAZMAT,0,2,2,False
HWY_BOX_3053_ODF,0,2,2,False
HWY_BOX_3053_OPP,0,30,20,False
HWY_BOX_3053_OPP_AFR,0,60,10,False
HWY_BOX_3053_OPP_ENG,0,10,10,False
HWY_BOX_3055_ACCIBF,0,2,2,False
HWY_BOX_3055_ACCIF,0,2,2,False
HWY_BOX_3055_ACCIHF,0,2,2,False
HWY_BOX_3055_ACCIMF,0,2,2,False
HWY_BOX_3055_ACCITF,0,2,2,False
HWY_BOX_3055_ALPHA,0,2,2,False
HWY_BOX_3055_BRAVO,0,2,2,False
HWY_BOX_3055_CHARLIE,0,2,2,False
HWY_BOX_3055_CPRF,0,2,2,False
HWY_BOX_3055_FACCIF,0,2,2,False
HWY_BOX_3055_FDACCF,0,2,2,False
HWY_BOX_3055_FDACCIF,0,2,2,False
HWY_BOX_3055_FDACCIMF,0,2,2,False
HWY_BOX_3055_FDACCITF,0,2,2,False
HWY_BOX_3055_FTANKF,0,2,2,False
HWY_BOX_3055_FTRKF,0,2,2,False
HWY_BOX_3055_FVEHF,0,2,2,False
HWY_BOX_3055_HAZMAT,0,2,2,False
HWY_BOX_3055_ODF,0,2,2,False
HWY_BOX_3055_OPP,0,30,20,False
HWY_BOX_3055_OPP_AFR,0,60,10,False
HWY_BOX_3055_OPP_ENG,0,10,10,False
HWY_BOX_3061_ACCIBF,0,2,2,False
HWY_BOX_3061_ACCIF,0,2,2,False
HWY_BOX_3061_ACCIHF,0,2,2,False
HWY_BOX_3061_ACCIMF,0,2,2,False
HWY_BOX_3061_ACCITF,0,2,2,False
HWY_BOX_3061_ALPHA,0,2,2,False
HWY_BOX_3061_BRAVO,0,2,2,False
HWY_BOX_3061_CHARLIE,0,2,2,False
HWY_BOX_3061_CPRF,0,2,2,False
HWY_BOX_3061_FACCIF,0,2,2,False
HWY_BOX_3061_FDACCF,0,2,2,False
HWY_BOX_3061_FDACCIF,0,2,2,False
HWY_BOX_3061_FDACCIMF,0,2,2,False
HWY_BOX_3061_FDACCITF,0,2,2,False
HWY_BOX_3061_FTANKF,0,2,2,False
HWY_BOX_3061_FTRKF,0,2,2,False
HWY_BOX_3061_FVEHF,0,2,2,False
HWY_BOX_3061_HAZMAT,0,2,2,False
HWY_BOX_3061_ODF,0,2,2,False
HWY_BOX_3061_OPP,0,30,20,False
HWY_BOX_3061_OPP_AFR,0,50,10,False
HWY_BOX_3061_OPP_ENG,0,10,10,False
HWY_BOX_3063_ACCIBF,0,2,2,False
HWY_BOX_3063_ACCIF,0,2,2,False
HWY_BOX_3063_ACCIHF,0,2,2,False
HWY_BOX_3063_ACCIMF,0,2,2,False
HWY_BOX_3063_ACCITF,0,2,2,False
HWY_BOX_3063_ALPHA,0,2,2,False
HWY_BOX_3063_BRAVO,0,2,2,False
HWY_BOX_3063_CHARLIE,0,2,2,False
HWY_BOX_3063_CPRF,0,2,2,False
HWY_BOX_3063_FACCIF,0,2,2,False
HWY_BOX_3063_FDACCF,0,2,2,False
HWY_BOX_3063_FDACCIF,0,2,2,False
HWY_BOX_3063_FDACCIMF,0,2,2,False
HWY_BOX_3063_FDACCITF,0,2,2,False
HWY_BOX_3063_FTANKF,0,2,2,False
HWY_BOX_3063_FTRKF,0,2,2,False
HWY_BOX_3063_FVEHF,0,2,2,False
HWY_BOX_3063_HAZMAT,0,2,2,False
HWY_BOX_3063_ODF,0,2,2,False
HWY_BOX_3063_OPP,0,30,20,False
HWY_BOX_3063_OPP_AFR,0,50,10,False
HWY_BOX_3063_OPP_ENG,0,10,10,False
HWY_BOX_3070_ACCIBF,0,2,2,False
HWY_BOX_3070_ACCIF,0,2,2,False
HWY_BOX_3070_ACCIHF,0,2,2,False
HWY_BOX_3070_ACCIMF,0,2,2,False
HWY_BOX_3070_ACCITF,0,2,2,False
HWY_BOX_3070_ALPHA,0,2,2,False
HWY_BOX_3070_BRAVO,0,2,2,False
HWY_BOX_3070_CHARLIE,0,2,2,False
HWY_BOX_3070_CPRF,0,2,2,False
HWY_BOX_3070_FACCIF,0,2,2,False
HWY_BOX_3070_FDACCF,0,2,2,False
HWY_BOX_3070_FDACCIF,0,2,2,False
HWY_BOX_3070_FDACCIMF,0,2,2,False
HWY_BOX_3070_FDACCITF,0,2,2,False
HWY_BOX_3070_FTANKF,0,2,2,False
HWY_BOX_3070_FTRKF,0,2,2,False
HWY_BOX_3070_FVEHF,0,2,2,False
HWY_BOX_3070_HAZMAT,0,2,2,False
HWY_BOX_3070_ODF,0,2,2,False
HWY_BOX_3070_OPP,0,30,20,False
HWY_BOX_3070_OPP_AFR,0,60,10,False
HWY_BOX_3070_OPP_ENG,0,10,10,False
HWY_BOX_3071_ACCIBF,0,2,2,False
HWY_BOX_3071_ACCIF,0,2,2,False
HWY_BOX_3071_ACCIHF,0,2,2,False
HWY_BOX_3071_ACCIMF,0,2,2,False
HWY_BOX_3071_ACCITF,0,2,2,False
HWY_BOX_3071_ALPHA,0,2,2,False
HWY_BOX_3071_BRAVO,0,2,2,False
HWY_BOX_3071_CHARLIE,0,2,2,False
HWY_BOX_3071_CPRF,0,2,2,False
HWY_BOX_3071_FACCIF,0,2,2,False
HWY_BOX_3071_FDACCF,0,2,2,False
HWY_BOX_3071_FDACCIF,0,2,2,False
HWY_BOX_3071_FDACCIMF,0,2,2,False
HWY_BOX_3071_FDACCITF,0,2,2,False
HWY_BOX_3071_FTANKF,0,2,2,False
HWY_BOX_3071_FTRKF,0,2,2,False
HWY_BOX_3071_FVEHF,0,2,2,False
HWY_BOX_3071_HAZMAT,0,2,2,False
HWY_BOX_3071_ODF,0,2,2,False
HWY_BOX_3071_OPP,0,30,20,False
HWY_BOX_3071_OPP_AFR,0,60,10,False
HWY_BOX_3071_OPP_ENG,0,10,10,False
HWY_BOX_3073_ACCIBF,0,2,2,False
HWY_BOX_3073_ACCIF,0,2,2,False
HWY_BOX_3073_ACCIHF,0,2,2,False
HWY_BOX_3073_ACCIMF,0,2,2,False
HWY_BOX_3073_ACCITF,0,2,2,False
HWY_BOX_3073_ALPHA,0,2,2,False
HWY_BOX_3073_BRAVO,0,2,2,False
HWY_BOX_3073_CHARLIE,0,2,2,False
HWY_BOX_3073_CPRF,0,2,2,False
HWY_BOX_3073_FACCIF,0,2,2,False
HWY_BOX_3073_FDACCF,0,2,2,False
HWY_BOX_3073_FDACCIF,0,2,2,False
HWY_BOX_3073_FDACCIMF,0,2,2,False
HWY_BOX_3073_FDACCITF,0,2,2,False
HWY_BOX_3073_FTANKF,0,2,2,False
HWY_BOX_3073_FTRKF,0,2,2,False
HWY_BOX_3073_FVEHF,0,2,2,False
HWY_BOX_3073_HAZMAT,0,2,2,False
HWY_BOX_3073_ODF,0,2,2,False
HWY_BOX_3073_OPP,0,30,20,False
HWY_BOX_3073_OPP_AFR,0,48,8,False
HWY_BOX_3073_OPP_ENG,0,10,10,False
HWY_BOX_3150_ACCIBF,0,2,2,False
HWY_BOX_3150_ACCIF,0,2,2,False
HWY_BOX_3150_ACCIHF,0,2,2,False
HWY_BOX_3150_ACCIMF,0,2,2,False
HWY_BOX_3150_ACCITF,0,2,2,False
HWY_BOX_3150_ALPHA,0,2,2,False
HWY_BOX_3150_BRAVO,0,2,2,False
HWY_BOX_3150_CHARLIE,0,2,2,False
HWY_BOX_3150_CPRF,0,2,2,False
HWY_BOX_3150_FACCIF,0,2,2,False
HWY_BOX_3150_FDACCF,0,2,2,False
HWY_BOX_3150_FDACCIF,0,2,2,False
HWY_BOX_3150_FDACCIMF,0,2,2,False
HWY_BOX_3150_FDACCITF,0,2,2,False
HWY_BOX_3150_FTANKF,0,2,2,False
HWY_BOX_3150_FTRKF,0,2,2,False
HWY_BOX_3150_FVEHF,0,2,2,False
HWY_BOX_3150_HAZMAT,0,2,2,False
HWY_BOX_3150_ODF,0,2,2,False
HWY_BOX_3150_OPP,0,30,20,False
HWY_BOX_3150_OPP_AFR,0,60,10,False
HWY_BOX_3150_OPP_ENG,0,10,10,False
HWY_BOX_3152_ACCIBF,0,2,2,False
HWY_BOX_3152_ACCIF,0,2,2,False
HWY_BOX_3152_ACCIHF,0,2,2,False
HWY_BOX_3152_ACCIMF,0,2,2,False
HWY_BOX_3152_ACCITF,0,2,2,False
HWY_BOX_3152_ALPHA,0,2,2,False
HWY_BOX_3152_BRAVO,0,2,2,False
HWY_BOX_3152_CHARLIE,0,2,2,False
HWY_BOX_3152_CPRF,0,2,2,False
HWY_BOX_3152_FACCIF,0,2,2,False
HWY_BOX_3152_FDACCF,0,2,2,False
HWY_BOX_3152_FDACCIF,0,2,2,False
HWY_BOX_3152_FDACCIMF,0,2,2,False
HWY_BOX_3152_FDACCITF,0,2,2,False
HWY_BOX_3152_FTANKF,0,2,2,False
HWY_BOX_3152_FTRKF,0,2,2,False
HWY_BOX_3152_FVEHF,0,2,2,False
HWY_BOX_3152_HAZMAT,0,2,2,False
HWY_BOX_3152_ODF,0,2,2,False
HWY_BOX_3152_OPP,0,30,20,False
HWY_BOX_3152_OPP_AFR,0,50,10,False
HWY_BOX_3152_OPP_ENG,0,10,10,False
HWY_BOX_3279_ACCIBF,0,2,2,False
HWY_BOX_3279_ACCIF,0,2,2,False
HWY_BOX_3279_ACCIHF,0,2,2,False
HWY_BOX_3279_ACCIMF,0,2,2,False
HWY_BOX_3279_ACCITF,0,2,2,False
HWY_BOX_3279_ALPHA,0,2,2,False
HWY_BOX_3279_BRAVO,0,2,2,False
HWY_BOX_3279_CHARLIE,0,2,2,False
HWY_BOX_3279_CPRF,0,2,2,False
HWY_BOX_3279_FACCIF,0,2,2,False
HWY_BOX_3279_FDACCF,0,2,2,False
HWY_BOX_3279_FDACCIF,0,2,2,False
HWY_BOX_3279_FDACCIMF,0,2,2,False
HWY_BOX_3279_FDACCITF,0,2,2,False
HWY_BOX_3279_FTANKF,0,2,2,False
HWY_BOX_3279_FTRKF,0,2,2,False
HWY_BOX_3279_FVEHF,0,2,2,False
HWY_BOX_3279_HAZMAT,0,2,2,False
HWY_BOX_3279_ODF,0,2,2,False
HWY_BOX_3279_OPP,0,30,20,False
HWY_BOX_3279_OPP_AFR,0,60,10,False
HWY_BOX_3279_OPP_ENG,0,10,10,False
HWY_BOX_3450_ACCIBF,0,2,2,False
HWY_BOX_3450_ACCIF,0,2,2,False
HWY_BOX_3450_ACCIHF,0,2,2,False
HWY_BOX_3450_ACCIMF,0,2,2,False
HWY_BOX_3450_ACCITF,0,2,2,False
HWY_BOX_3450_ALPHA,0,2,2,False
HWY_BOX_3450_BRAVO,0,2,2,False
HWY_BOX_3450_CHARLIE,0,2,2,False
HWY_BOX_3450_CPRF,0,2,2,False
HWY_BOX_3450_FACCIF,0,2,2,False
HWY_BOX_3450_FDACCF,0,2,2,False
HWY_BOX_3450_FDACCIF,0,2,2,False
HWY_BOX_3450_FDACCIMF,0,2,2,False
HWY_BOX_3450_FDACCITF,0,2,2,False
HWY_BOX_3450_FTANKF,0,2,2,False
HWY_BOX_3450_FTRKF,0,2,2,False
HWY_BOX_3450_FVEHF,0,2,2,False
HWY_BOX_3450_HAZMAT,0,2,2,False
HWY_BOX_3450_ODF,0,2,2,False
HWY_BOX_3450_OPP,0,30,20,False
HWY_BOX_3450_OPP_AFR,0,60,10,False
HWY_BOX_3450_OPP_ENG,0,10,10,False
HWY_BOX_3451_ACCIBF,0,2,2,False
HWY_BOX_3451_ACCIF,0,2,2,False
HWY_BOX_3451_ACCIHF,0,2,2,False
HWY_BOX_3451_ACCIMF,0,2,2,False
HWY_BOX_3451_ACCITF,0,2,2,False
HWY_BOX_3451_ALPHA,0,2,2,False
HWY_BOX_3451_ALS,0,2,2,False
HWY_BOX_3451_BRAVO,0,2,2,False
HWY_BOX_3451_CHARLIE,0,2,2,False
HWY_BOX_3451_CPRF,0,2,2,False
HWY_BOX_3451_FACCIF,0,2,2,False
HWY_BOX_3451_FDACCF,0,2,2,False
HWY_BOX_3451_FDACCIF,0,2,2,False
HWY_BOX_3451_FDACCIMF,0,2,2,False
HWY_BOX_3451_FDACCITF,0,2,2,False
HWY_BOX_3451_FTANKF,0,2,2,False
HWY_BOX_3451_FTRKF,0,2,2,False
HWY_BOX_3451_FVEHF,0,2,2,False
HWY_BOX_3451_HAZMAT,0,2,2,False
HWY_BOX_3451_ODF,0,2,2,False
HWY_BOX_3451_OPP,0,30,20,False
HWY_BOX_3451_OPP_AFR,0,60,10,False
HWY_BOX_3451_OPP_ENG,0,10,10,False
HWY_BOX_3452_ACCIBF,0,2,2,False
HWY_BOX_3452_ACCIF,0,2,2,False
HWY_BOX_3452_ACCIHF,0,2,2,False
HWY_BOX_3452_ACCIMF,0,2,2,False
HWY_BOX_3452_ACCITF,0,2,2,False
HWY_BOX_3452_ALPHA,0,2,2,False
HWY_BOX_3452_BRAVO,0,2,2,False
HWY_BOX_3452_CHARLIE,0,2,2,False
HWY_BOX_3452_CPRF,0,2,2,False
HWY_BOX_3452_FACCIF,0,2,2,False
HWY_BOX_3452_FDACCF,0,2,2,False
HWY_BOX_3452_FDACCIF,0,2,2,False
HWY_BOX_3452_FDACCIMF,0,2,2,False
HWY_BOX_3452_FDACCITF,0,2,2,False
HWY_BOX_3452_FTANKF,0,2,2,False
HWY_BOX_3452_FTRKF,0,2,2,False
HWY_BOX_3452_FVEHF,0,2,2,False
HWY_BOX_3452_HAZMAT,0,2,2,False
HWY_BOX_3452_ODF,0,2,2,False
HWY_BOX_3452_OPP,0,30,20,False
HWY_BOX_3452_OPP_AFR,0,60,10,False
HWY_BOX_3452_OPP_ENG,0,10,10,False
HWY_BOX_3453_ACCIBF,0,2,2,False
HWY_BOX_3453_ACCIF,0,2,2,False
HWY_BOX_3453_ACCIHF,0,2,2,False
HWY_BOX_3453_ACCIMF,0,2,2,False
HWY_BOX_3453_ACCITF,0,2,2,False
HWY_BOX_3453_ALPHA,0,2,2,False
HWY_BOX_3453_BRAVO,0,2,2,False
HWY_BOX_3453_CHARLIE,0,2,2,False
HWY_BOX_3453_CPRF,0,2,2,False
HWY_BOX_3453_FACCIF,0,2,2,False
HWY_BOX_3453_FDACCF,0,2,2,False
HWY_BOX_3453_FDACCIF,0,2,2,False
HWY_BOX_3453_FDACCIMF,0,2,2,False
HWY_BOX_3453_FDACCITF,0,2,2,False
HWY_BOX_3453_FTANKF,0,2,2,False
HWY_BOX_3453_FTRKF,0,2,2,False
HWY_BOX_3453_FVEHF,0,2,2,False
HWY_BOX_3453_HAZMAT,0,2,2,False
HWY_BOX_3453_ODF,0,2,2,False
HWY_BOX_3453_OPP,0,30,20,False
HWY_BOX_3453_OPP_AFR,0,60,10,False
HWY_BOX_3453_OPP_ENG,0,10,10,False
HWY_BOX_3455_ACCIBF,0,2,2,False
HWY_BOX_3455_ACCIF,0,2,2,False
HWY_BOX_3455_ACCIHF,0,2,2,False
HWY_BOX_3455_ACCIMF,0,2,2,False
HWY_BOX_3455_ACCITF,0,2,2,False
HWY_BOX_3455_ALPHA,0,2,2,False
HWY_BOX_3455_BRAVO,0,2,2,False
HWY_BOX_3455_CHARLIE,0,2,2,False
HWY_BOX_3455_CPRF,0,2,2,False
HWY_BOX_3455_FACCIF,0,2,2,False
HWY_BOX_3455_FDACCF,0,2,2,False
HWY_BOX_3455_FDACCIF,0,2,2,False
HWY_BOX_3455_FDACCIMF,0,2,2,False
HWY_BOX_3455_FDACCITF,0,2,2,False
HWY_BOX_3455_FTANKF,0,2,2,False
HWY_BOX_3455_FTRKF,0,2,2,False
HWY_BOX_3455_FVEHF,0,2,2,False
HWY_BOX_3455_HAZMAT,0,2,2,False
HWY_BOX_3455_ODF,0,2,2,False
HWY_BOX_3455_OPP,0,30,20,False
HWY_BOX_3455_OPP_AFR,0,60,10,False
HWY_BOX_3455_OPP_ENG,0,10,10,False
HWY_BOX_3650_ACCIBF,0,2,2,False
HWY_BOX_3650_ACCIF,0,2,2,False
HWY_BOX_3650_ACCIHF,0,2,2,False
HWY_BOX_3650_ACCIMF,0,2,2,False
HWY_BOX_3650_ACCITF,0,2,2,False
HWY_BOX_3650_ALPHA,0,2,2,False
HWY_BOX_3650_BRAVO,0,2,2,False
HWY_BOX_3650_CHARLIE,0,2,2,False
HWY_BOX_3650_CPRF,0,2,2,False
HWY_BOX_3650_FACCIF,0,2,2,False
HWY_BOX_3650_FDACCF,0,2,2,False
HWY_BOX_3650_FDACCIF,0,2,2,False
HWY_BOX_3650_FDACCIMF,0,2,2,False
HWY_BOX_3650_FDACCITF,0,2,2,False
HWY_BOX_3650_FTANKF,0,2,2,False
HWY_BOX_3650_FTRKF,0,2,2,False
HWY_BOX_3650_FVEHF,0,2,2,False
HWY_BOX_3650_HAZMAT,0,2,2,False
HWY_BOX_3650_ODF,0,2,2,False
HWY_BOX_3650_OPP,0,30,20,False
HWY_BOX_3650_OPP_AFR,0,59,10,False
HWY_BOX_3650_OPP_ENG,0,10,10,False
HWY_BOX_3652_ACCIBF,0,2,2,False
HWY_BOX_3652_ACCIF,0,2,2,False
HWY_BOX_3652_ACCIHF,0,2,2,False
HWY_BOX_3652_ACCIMF,0,2,2,False
HWY_BOX_3652_ACCITF,0,2,2,False
HWY_BOX_3652_ALPHA,0,2,2,False
HWY_BOX_3652_BRAVO,0,2,2,False
HWY_BOX_3652_CHARLIE,0,2,2,False
HWY_BOX_3652_CPRF,0,2,2,False
HWY_BOX_3652_FACCIF,0,2,2,False
HWY_BOX_3652_FDACCF,0,2,2,False
HWY_BOX_3652_FDACCIF,0,2,2,False
HWY_BOX_3652_FDACCIMF,0,2,2,False
HWY_BOX_3652_FDACCITF,0,2,2,False
HWY_BOX_3652_FTANKF,0,2,2,False
HWY_BOX_3652_FTRKF,0,2,2,False
HWY_BOX_3652_FVEHF,0,2,2,False
HWY_BOX_3652_HAZMAT,0,2,2,False
HWY_BOX_3652_ODF,0,2,2,False
HWY_BOX_3652_OPP,0,30,20,False
HWY_BOX_3652_OPP_AFR,0,53,10,False
HWY_BOX_3652_OPP_ENG,0,10,10,False
HWY_BOX_3654_ACCIBF,0,2,2,False
HWY_BOX_3654_ACCIF,0,2,2,False
HWY_BOX_3654_ACCIHF,0,2,2,False
HWY_BOX_3654_ACCIMF,0,2,2,False
HWY_BOX_3654_ACCITF,0,2,2,False
HWY_BOX_3654_ALPHA,0,2,2,False
HWY_BOX_3654_BRAVO,0,2,2,False
HWY_BOX_3654_CHARLIE,0,2,2,False
HWY_BOX_3654_CPRF,0,2,2,False
HWY_BOX_3654_FACCIF,0,2,2,False
HWY_BOX_3654_FDACCF,0,2,2,False
HWY_BOX_3654_FDACCIF,0,2,2,False
HWY_BOX_3654_FDACCIMF,0,2,2,False
HWY_BOX_3654_FDACCITF,0,2,2,False
HWY_BOX_3654_FTANKF,0,2,2,False
HWY_BOX_3654_FTRKF,0,2,2,False
HWY_BOX_3654_FVEHF,0,2,2,False
HWY_BOX_3654_HAZMAT,0,2,2,False
HWY_BOX_3654_ODF,0,2,2,False
HWY_BOX_3654_OPP,0,30,20,False
HWY_BOX_3654_OPP_AFR,0,50,10,False
HWY_BOX_3654_OPP_ENG,0,10,10,False
HWY_BOX_3656_ACCIBF,0,2,2,False
HWY_BOX_3656_ACCIF,0,2,2,False
HWY_BOX_3656_ACCIHF,0,2,2,False
HWY_BOX_3656_ACCIMF,0,2,2,False
HWY_BOX_3656_ACCITF,0,2,2,False
HWY_BOX_3656_ALPHA,0,2,2,False
HWY_BOX_3656_BRAVO,0,2,2,False
HWY_BOX_3656_CHARLIE,0,2,2,False
HWY_BOX_3656_CPRF,0,2,2,False
HWY_BOX_3656_FACCIF,0,2,2,False
HWY_BOX_3656_FDACCF,0,2,2,False
HWY_BOX_3656_FDACCIF,0,2,2,False
HWY_BOX_3656_FDACCIMF,0,2,2,False
HWY_BOX_3656_FDACCITF,0,2,2,False
HWY_BOX_3656_FTANKF,0,2,2,False
HWY_BOX_3656_FTRKF,0,2,2,False
HWY_BOX_3656_FVEHF,0,2,2,False
HWY_BOX_3656_HAZMAT,0,2,2,False
HWY_BOX_3656_ODF,0,2,2,False
HWY_BOX_3656_OPP,0,30,20,False
HWY_BOX_3656_OPP_AFR,0,50,10,False
HWY_BOX_3656_OPP_ENG,0,10,10,False
HWY_BOX_3660_ACCIBF,0,2,2,False
HWY_BOX_3660_ACCIF,0,2,2,False
HWY_BOX_3660_ACCIHF,0,2,2,False
HWY_BOX_3660_ACCIMF,0,2,2,False
HWY_BOX_3660_ACCITF,0,2,2,False
HWY_BOX_3660_ALPHA,0,2,2,False
HWY_BOX_3660_BRAVO,0,2,2,False
HWY_BOX_3660_CHARLIE,0,2,2,False
HWY_BOX_3660_CPRF,0,2,2,False
HWY_BOX_3660_FACCIF,0,2,2,False
HWY_BOX_3660_FDACCF,0,2,2,False
HWY_BOX_3660_FDACCIF,0,2,2,False
HWY_BOX_3660_FDACCIMF,0,2,2,False
HWY_BOX_3660_FDACCITF,0,2,2,False
HWY_BOX_3660_FTANKF,0,2,2,False
HWY_BOX_3660_FTRKF,0,2,2,False
HWY_BOX_3660_FVEHF,0,2,2,False
HWY_BOX_3660_HAZMAT,0,2,2,False
HWY_BOX_3660_ODF,0,2,2,False
HWY_BOX_3660_OPP,0,30,20,False
HWY_BOX_3660_OPP_AFR,0,60,10,False
HWY_BOX_3660_OPP_ENG,0,10,10,False
HWY_BOX_3661_ACCIBF,0,2,2,False
HWY_BOX_3661_ACCIF,0,2,2,False
HWY_BOX_3661_ACCIHF,0,2,2,False
HWY_BOX_3661_ACCIMF,0,2,2,False
HWY_BOX_3661_ACCITF,0,2,2,False
HWY_BOX_3661_ALPHA,0,2,2,False
HWY_BOX_3661_BRAVO,0,2,2,False
HWY_BOX_3661_CHARLIE,0,2,2,False
HWY_BOX_3661_CPRF,0,2,2,False
HWY_BOX_3661_FACCIF,0,2,2,False
HWY_BOX_3661_FDACCF,0,2,2,False
HWY_BOX_3661_FDACCIF,0,2,2,False
HWY_BOX_3661_FDACCIMF,0,2,2,False
HWY_BOX_3661_FDACCITF,0,2,2,False
HWY_BOX_3661_FTANKF,0,2,2,False
HWY_BOX_3661_FTRKF,0,2,2,False
HWY_BOX_3661_FVEHF,0,2,2,False
HWY_BOX_3661_HAZMAT,0,2,2,False
HWY_BOX_3661_ODF,0,2,2,False
HWY_BOX_3661_OPP,0,30,20,False
HWY_BOX_3661_OPP_AFR,0,53,10,False
HWY_BOX_3661_OPP_ENG,0,10,10,False
HWY_BOX_3662_ACCIBF,0,2,2,False
HWY_BOX_3662_ACCIF,0,2,2,False
HWY_BOX_3662_ACCIHF,0,2,2,False
HWY_BOX_3662_ACCIMF,0,2,2,False
HWY_BOX_3662_ACCITF,0,2,2,False
HWY_BOX_3662_ALPHA,0,2,2,False
HWY_BOX_3662_BRAVO,0,2,2,False
HWY_BOX_3662_CHARLIE,0,2,2,False
HWY_BOX_3662_CPRF,0,2,2,False
HWY_BOX_3662_FACCIF,0,2,2,False
HWY_BOX_3662_FDACCF,0,2,2,False
HWY_BOX_3662_FDACCIF,0,2,2,False
HWY_BOX_3662_FDACCIMF,0,2,2,False
HWY_BOX_3662_FDACCITF,0,2,2,False
HWY_BOX_3662_FTANKF,0,2,2,False
HWY_BOX_3662_FTRKF,0,2,2,False
HWY_BOX_3662_FVEHF,0,2,2,False
HWY_BOX_3662_HAZMAT,0,2,2,False
HWY_BOX_3662_ODF,0,2,2,False
HWY_BOX_3662_OPP,0,30,20,False
HWY_BOX_3662_OPP_AFR,0,60,10,False
HWY_BOX_3662_OPP_ENG,0,10,10,False
HWY_BOX_3750_ACCIBF,0,2,2,False
HWY_BOX_3750_ACCIF,0,2,2,False
HWY_BOX_3750_ACCIHF,0,2,2,False
HWY_BOX_3750_ACCIMF,0,2,2,False
HWY_BOX_3750_ACCITF,0,2,2,False
HWY_BOX_3750_ALPHA,0,2,2,False
HWY_BOX_3750_BRAVO,0,2,2,False
HWY_BOX_3750_CHARLIE,0,2,2,False
HWY_BOX_3750_CPRF,0,2,2,False
HWY_BOX_3750_FACCIF,0,2,2,False
HWY_BOX_3750_FDACCF,0,2,2,False
HWY_BOX_3750_FDACCIF,0,2,2,False
HWY_BOX_3750_FDACCIMF,0,2,2,False
HWY_BOX_3750_FDACCITF,0,2,2,False
HWY_BOX_3750_FTANKF,0,2,2,False
HWY_BOX_3750_FTRKF,0,2,2,False
HWY_BOX_3750_FVEHF,0,2,2,False
HWY_BOX_3750_HAZMAT,0,2,2,False
HWY_BOX_3750_ODF,0,2,2,False
HWY_BOX_3750_OPP,0,30,20,False
HWY_BOX_3750_OPP_AFR,0,50,10,False
HWY_BOX_3750_OPP_ENG,0,10,10,False
HWY_BOX_3751_ACCIBF,0,2,2,False
HWY_BOX_3751_ACCIF,0,2,2,False
HWY_BOX_3751_ACCIHF,0,2,2,False
HWY_BOX_3751_ACCIMF,0,2,2,False
HWY_BOX_3751_ACCITF,0,2,2,False
HWY_BOX_3751_ALPHA,0,2,2,False
HWY_BOX_3751_BRAVO,0,2,2,False
HWY_BOX_3751_CHARLIE,0,2,2,False
HWY_BOX_3751_CPRF,0,2,2,False
HWY_BOX_3751_FACCIF,0,2,2,False
HWY_BOX_3751_FDACCF,0,2,2,False
HWY_BOX_3751_FDACCIF,0,2,2,False
HWY_BOX_3751_FDACCIMF,0,2,2,False
HWY_BOX_3751_FDACCITF,0,2,2,False
HWY_BOX_3751_FTANKF,0,2,2,False
HWY_BOX_3751_FTRKF,0,2,2,False
HWY_BOX_3751_FVEHF,0,2,2,False
HWY_BOX_3751_HAZMAT,0,2,2,False
HWY_BOX_3751_ODF,0,2,2,False
HWY_BOX_3751_OPP,0,30,20,False
HWY_BOX_3751_OPP_AFR,0,60,10,False
HWY_BOX_3751_OPP_ENG,0,10,10,False
HWY_BOX_3753_ACCIBF,0,2,2,False
HWY_BOX_3753_ACCIF,0,2,2,False
HWY_BOX_3753_ACCIHF,0,2,2,False
HWY_BOX_3753_ACCIMF,0,2,2,False
HWY_BOX_3753_ACCITF,0,2,2,False
HWY_BOX_3753_ALPHA,0,2,2,False
HWY_BOX_3753_BRAVO,0,2,2,False
HWY_BOX_3753_CHARLIE,0,2,2,False
HWY_BOX_3753_CPRF,0,2,2,False
HWY_BOX_3753_FACCIF,0,2,2,False
HWY_BOX_3753_FDACCF,0,2,2,False
HWY_BOX_3753_FDACCIF,0,2,2,False
HWY_BOX_3753_FDACCIMF,0,2,2,False
HWY_BOX_3753_FDACCITF,0,2,2,False
HWY_BOX_3753_FTANKF,0,2,2,False
HWY_BOX_3753_FTRKF,0,2,2,False
HWY_BOX_3753_FVEHF,0,2,2,False
HWY_BOX_3753_HAZMAT,0,2,2,False
HWY_BOX_3753_ODF,0,2,2,False
HWY_BOX_3753_OPP,0,30,20,False
HWY_BOX_3753_OPP_AFR,0,50,10,False
HWY_BOX_3753_OPP_ENG,0,10,10,False
HWY_BOX_3850_ACCIBF,0,2,2,False
HWY_BOX_3850_ACCIF,0,2,2,False
HWY_BOX_3850_ACCIHF,0,2,2,False
HWY_BOX_3850_ACCIMF,0,2,2,False
HWY_BOX_3850_ACCITF,0,2,2,False
HWY_BOX_3850_ALPHA,0,2,2,False
HWY_BOX_3850_BRAVO,0,2,2,False
HWY_BOX_3850_CHARLIE,0,2,2,False
HWY_BOX_3850_CPRF,0,2,2,False
HWY_BOX_3850_FACCIF,0,2,2,False
HWY_BOX_3850_FDACCF,0,2,2,False
HWY_BOX_3850_FDACCIF,0,2,2,False
HWY_BOX_3850_FDACCIMF,0,2,2,False
HWY_BOX_3850_FDACCITF,0,2,2,False
HWY_BOX_3850_FTANKF,0,2,2,False
HWY_BOX_3850_FTRKF,0,2,2,False
HWY_BOX_3850_FVEHF,0,2,2,False
HWY_BOX_3850_HAZMAT,0,2,2,False
HWY_BOX_3850_ODF,0,2,2,False
HWY_BOX_3850_OPP,0,30,20,False
HWY_BOX_3850_OPP_AFR,0,50,10,False
HWY_BOX_3850_OPP_ENG,0,10,10,False
HWY_BOX_3851_ACCIBF,0,2,2,False
HWY_BOX_3851_ACCIF,0,2,2,False
HWY_BOX_3851_ACCIHF,0,2,2,False
HWY_BOX_3851_ACCIMF,0,2,2,False
HWY_BOX_3851_ACCITF,0,2,2,False
HWY_BOX_3851_ALPHA,0,2,2,False
HWY_BOX_3851_BRAVO,0,2,2,False
HWY_BOX_3851_CHARLIE,0,2,2,False
HWY_BOX_3851_CPRF,0,2,2,False
HWY_BOX_3851_FACCIF,0,2,2,False
HWY_BOX_3851_FDACCF,0,2,2,False
HWY_BOX_3851_FDACCIF,0,2,2,False
HWY_BOX_3851_FDACCIMF,0,2,2,False
HWY_BOX_3851_FDACCITF,0,2,2,False
HWY_BOX_3851_FTANKF,0,2,2,False
HWY_BOX_3851_FTRKF,0,2,2,False
HWY_BOX_3851_FVEHF,0,2,2,False
HWY_BOX_3851_HAZMAT,0,2,2,False
HWY_BOX_3851_ODF,0,2,2,False
HWY_BOX_3851_OPP,0,30,20,False
HWY_BOX_3851_OPP_AFR,0,59,10,False
HWY_BOX_3851_OPP_ENG,0,10,10,False
HWY_BOX_3853_ACCIBF,0,2,2,False
HWY_BOX_3853_ACCIF,0,2,2,False
HWY_BOX_3853_ACCIHF,0,2,2,False
HWY_BOX_3853_ACCIMF,0,2,2,False
HWY_BOX_3853_ACCITF,0,2,2,False
HWY_BOX_3853_ALPHA,0,2,2,False
HWY_BOX_3853_BRAVO,0,2,2,False
HWY_BOX_3853_CHARLIE,0,2,2,False
HWY_BOX_3853_CPRF,0,2,2,False
HWY_BOX_3853_FACCIF,0,2,2,False
HWY_BOX_3853_FDACCF,0,2,2,False
HWY_BOX_3853_FDACCIF,0,2,2,False
HWY_BOX_3853_FDACCIMF,0,2,2,False
HWY_BOX_3853_FDACCITF,0,2,2,False
HWY_BOX_3853_FTANKF,0,2,2,False
HWY_BOX_3853_FTRKF,0,2,2,False
HWY_BOX_3853_FVEHF,0,2,2,False
HWY_BOX_3853_HAZMAT,0,2,2,False
HWY_BOX_3853_ODF,0,2,2,False
HWY_BOX_3853_OPP,0,30,20,False
HWY_BOX_3853_OPP_AFR,0,59,10,False
HWY_BOX_3853_OPP_ENG,0,10,10,False
HWY_BOX_4050_ACCIBF,0,2,2,False
HWY_BOX_4050_ACCIF,0,2,2,False
HWY_BOX_4050_ACCIHF,0,2,2,False
HWY_BOX_4050_ACCIMF,0,2,2,False
HWY_BOX_4050_ACCITF,0,2,2,False
HWY_BOX_4050_ALPHA,0,2,2,False
HWY_BOX_4050_BRAVO,0,2,2,False
HWY_BOX_4050_CHARLIE,0,2,2,False
HWY_BOX_4050_CPRF,0,2,2,False
HWY_BOX_4050_FACCIF,0,2,2,False
HWY_BOX_4050_FDACCF,0,2,2,False
HWY_BOX_4050_FDACCIF,0,2,2,False
HWY_BOX_4050_FDACCIMF,0,2,2,False
HWY_BOX_4050_FDACCITF,0,2,2,False
HWY_BOX_4050_FTANKF,0,2,2,False
HWY_BOX_4050_FTRKF,0,2,2,False
HWY_BOX_4050_FVEHF,0,2,2,False
HWY_BOX_4050_HAZMAT,0,2,2,False
HWY_BOX_4050_ODF,0,2,2,False
HWY_BOX_4050_OPP,0,30,20,False
HWY_BOX_4050_OPP_AFR,0,60,10,False
HWY_BOX_4050_OPP_ENG,0,10,10,False
HWY_BOX_4051_ACCIBF,0,2,2,False
HWY_BOX_4051_ACCIF,0,2,2,False
HWY_BOX_4051_ACCIHF,0,2,2,False
HWY_BOX_4051_ACCIMF,0,2,2,False
HWY_BOX_4051_ACCITF,0,2,2,False
HWY_BOX_4051_ALPHA,0,2,2,False
HWY_BOX_4051_BRAVO,0,2,2,False
HWY_BOX_4051_CAHRLIE,0,2,2,False
HWY_BOX_4051_CPRF,0,2,2,False
HWY_BOX_4051_FACCIF,0,2,2,False
HWY_BOX_4051_FDACCF,0,2,2,False
HWY_BOX_4051_FDACCIF,0,2,2,False
HWY_BOX_4051_FDACCIMF,0,2,2,False
HWY_BOX_4051_FDACCITF,0,2,2,False
HWY_BOX_4051_FTANKF,0,2,2,False
HWY_BOX_4051_FTRKF,0,2,2,False
HWY_BOX_4051_FVEHF,0,2,2,False
HWY_BOX_4051_HAZMAT,0,2,2,False
HWY_BOX_4051_ODF,0,2,2,False
HWY_BOX_4051_OPP,0,30,20,False
HWY_BOX_4051_OPP_AFR,0,60,10,False
HWY_BOX_4051_OPP_ENG,0,10,10,False
HWY_BOX_4052_ACCIBF,0,2,2,False
HWY_BOX_4052_ACCIF,0,2,2,False
HWY_BOX_4052_ACCIHF,0,2,2,False
HWY_BOX_4052_ACCIMF,0,2,2,False
HWY_BOX_4052_ACCITF,0,2,2,False
HWY_BOX_4052_ALPHA,0,2,2,False
HWY_BOX_4052_BRAVO,0,2,2,False
HWY_BOX_4052_CHARLIE,0,2,2,False
HWY_BOX_4052_CPRF,0,2,2,False
HWY_BOX_4052_FACCIF,0,2,2,False
HWY_BOX_4052_FDACCF,0,2,2,False
HWY_BOX_4052_FDACCIF,0,2,2,False
HWY_BOX_4052_FDACCIMF,0,2,2,False
HWY_BOX_4052_FDACCITF,0,2,2,False
HWY_BOX_4052_FTANKF,0,2,2,False
HWY_BOX_4052_FTRKF,0,2,2,False
HWY_BOX_4052_FVEHF,0,2,2,False
HWY_BOX_4052_HAZMAT,0,2,2,False
HWY_BOX_4052_ODF,0,2,2,False
HWY_BOX_4052_OPP,0,30,20,False
HWY_BOX_4052_OPP_AFR,0,60,10,False
HWY_BOX_4052_OPP_ENG,0,10,10,False
HWY_BOX_4053_ACCIBF,0,2,2,False
HWY_BOX_4053_ACCIF,0,2,2,False
HWY_BOX_4053_ACCIHF,0,2,2,False
HWY_BOX_4053_ACCIMF,0,2,2,False
HWY_BOX_4053_ACCITF,0,2,2,False
HWY_BOX_4053_ALPHA,0,2,2,False
HWY_BOX_4053_BRAVO,0,2,2,False
HWY_BOX_4053_CHARLIE,0,2,2,False
HWY_BOX_4053_CPRF,0,2,2,False
HWY_BOX_4053_FACCIF,0,2,2,False
HWY_BOX_4053_FDACCF,0,2,2,False
HWY_BOX_4053_FDACCIF,0,2,2,False
HWY_BOX_4053_FDACCIMF,0,2,2,False
HWY_BOX_4053_FDACCITF,0,2,2,False
HWY_BOX_4053_FTANKF,0,2,2,False
HWY_BOX_4053_FTRKF,0,2,2,False
HWY_BOX_4053_FVEHF,0,2,2,False
HWY_BOX_4053_HAZMAT,0,2,2,False
HWY_BOX_4053_ODF,0,2,2,False
HWY_BOX_4053_OPP,0,30,20,False
HWY_BOX_4053_OPP_AFR,0,60,10,False
HWY_BOX_4053_OPP_ENG,0,10,10,False
HWY_BOX_4054_ACCIBF,0,2,2,False
HWY_BOX_4054_ACCIF,0,2,2,False
HWY_BOX_4054_ACCIHF,0,2,2,False
HWY_BOX_4054_ACCIMF,0,2,2,False
HWY_BOX_4054_ACCITF,0,2,2,False
HWY_BOX_4054_ALPHA,0,2,2,False
HWY_BOX_4054_BRAVO,0,2,2,False
HWY_BOX_4054_CHARLIE,0,2,2,False
HWY_BOX_4054_CPRF,0,2,2,False
HWY_BOX_4054_FACCIF,0,2,2,False
HWY_BOX_4054_FDACCF,0,2,2,False
HWY_BOX_4054_FDACCIF,0,2,2,False
HWY_BOX_4054_FDACCIMF,0,2,2,False
HWY_BOX_4054_FDACCITF,0,2,2,False
HWY_BOX_4054_FTANKF,0,2,2,False
HWY_BOX_4054_FTRKF,0,2,2,False
HWY_BOX_4054_FVEHF,0,2,2,False
HWY_BOX_4054_HAZMAT,0,2,2,False
HWY_BOX_4054_ODF,0,2,2,False
HWY_BOX_4054_OPP,0,33,22,False
HWY_BOX_4054_OPP_AFR,0,60,10,False
HWY_BOX_4054_OPP_ENG,0,10,10,False
HWY_BOX_4055_ACCIBF,0,2,2,False
HWY_BOX_4055_ACCIF,0,2,2,False
HWY_BOX_4055_ACCIHF,0,2,2,False
HWY_BOX_4055_ACCIMF,0,2,2,False
HWY_BOX_4055_ACCITF,0,2,2,False
HWY_BOX_4055_ALPHA,0,2,2,False
HWY_BOX_4055_BRAVO,0,2,2,False
HWY_BOX_4055_CHARLIE,0,2,2,False
HWY_BOX_4055_CPRF,0,2,2,False
HWY_BOX_4055_FACCIF,0,2,2,False
HWY_BOX_4055_FDACCF,0,2,2,False
HWY_BOX_4055_FDACCIMF,0,2,2,False
HWY_BOX_4055_FDACCITF,0,2,2,False
HWY_BOX_4055_FTANKF,0,2,2,False
HWY_BOX_4055_FTRKF,0,2,2,False
HWY_BOX_4055_FVEHF,0,2,2,False
HWY_BOX_4055_HAZMAT,0,2,2,False
HWY_BOX_4055_ODF,0,2,2,False
HWY_BOX_4055_OPP,0,30,20,False
HWY_BOX_4055_OPP_AFR,0,60,10,False
HWY_BOX_4055_OPP_ENG,0,10,10,False
HWY_BOX_4070_ACCIBF,0,2,2,False
HWY_BOX_4070_ACCIF,0,2,2,False
HWY_BOX_4070_ACCIHF,0,2,2,False
HWY_BOX_4070_ACCIMF,0,2,2,False
HWY_BOX_4070_ACCITF,0,2,2,False
HWY_BOX_4070_ALPHA,0,2,2,False
HWY_BOX_4070_BRAVO,0,2,2,False
HWY_BOX_4070_CHARLIE,0,2,2,False
HWY_BOX_4070_CPRF,0,2,2,False
HWY_BOX_4070_FACCIF,0,2,2,False
HWY_BOX_4070_FDACCF,0,2,2,False
HWY_BOX_4070_FDACCIF,0,2,2,False
HWY_BOX_4070_FDACCIMF,0,2,2,False
HWY_BOX_4070_FDACCITF,0,2,2,False
HWY_BOX_4070_FTANKF,0,2,2,False
HWY_BOX_4070_FTRKF,0,2,2,False
HWY_BOX_4070_FVEHF,0,2,2,False
HWY_BOX_4070_HAZMAT,0,2,2,False
HWY_BOX_4070_ODF,0,2,2,False
HWY_BOX_4070_OPP,0,30,20,False
HWY_BOX_4070_OPP_AFR,0,60,10,False
HWY_BOX_4070_OPP_ENG,0,10,10,False
HWY_BOX_4071_ACCIBF,0,2,2,False
HWY_BOX_4071_ACCIF,0,2,2,False
HWY_BOX_4071_ACCIHF,0,2,2,False
HWY_BOX_4071_ACCIMF,0,2,2,False
HWY_BOX_4071_ACCITF,0,2,2,False
HWY_BOX_4071_ALPHA,0,2,2,False
HWY_BOX_4071_BRAVO,0,2,2,False
HWY_BOX_4071_CHARLIE,0,2,2,False
HWY_BOX_4071_CPRF,0,2,2,False
HWY_BOX_4071_FACCIF,0,2,2,False
HWY_BOX_4071_FDACCF,0,2,2,False
HWY_BOX_4071_FDACCIF,0,2,2,False
HWY_BOX_4071_FDACCIMF,0,2,2,False
HWY_BOX_4071_FDACCITF,0,2,2,False
HWY_BOX_4071_FTANKF,0,2,2,False
HWY_BOX_4071_FTRKF,0,2,2,False
HWY_BOX_4071_FVEHF,0,2,2,False
HWY_BOX_4071_HAZMAT,0,2,2,False
HWY_BOX_4071_ODF,0,2,2,False
HWY_BOX_4071_OPP,0,30,20,False
HWY_BOX_4071_OPP_AFR,0,60,10,False
HWY_BOX_4071_OPP_ENG,0,10,10,False
HWY_BOX_4072_ACCIBF,0,2,2,False
HWY_BOX_4072_ACCIF,0,2,2,False
HWY_BOX_4072_ACCIHF,0,2,2,False
HWY_BOX_4072_ACCIMF,0,2,2,False
HWY_BOX_4072_ACCITF,0,2,2,False
HWY_BOX_4072_ALPHA,0,2,2,False
HWY_BOX_4072_BRAVO,0,2,2,False
HWY_BOX_4072_CHARLIE,0,2,2,False
HWY_BOX_4072_CPRF,0,2,2,False
HWY_BOX_4072_FACCIF,0,2,2,False
HWY_BOX_4072_FDACCF,0,2,2,False
HWY_BOX_4072_FDACCIF,0,2,2,False
HWY_BOX_4072_FDACCIMF,0,2,2,False
HWY_BOX_4072_FDACCITF,0,2,2,False
HWY_BOX_4072_FTANKF,0,2,2,False
HWY_BOX_4072_FTRKF,0,2,2,False
HWY_BOX_4072_FVEHF,0,2,2,False
HWY_BOX_4072_HAZMAT,0,2,2,False
HWY_BOX_4072_ODF,0,2,2,False
HWY_BOX_4072_OPP,0,30,20,False
HWY_BOX_4072_OPP_AFR,0,60,10,False
HWY_BOX_4072_OPP_ENG,0,10,10,False
HWY_BOX_4073_ACCIBF,0,2,2,False
HWY_BOX_4073_ACCIF,0,2,2,False
HWY_BOX_4073_ACCIHF,0,2,2,False
HWY_BOX_4073_ACCIMF,0,2,2,False
HWY_BOX_4073_ACCITF,0,2,2,False
HWY_BOX_4073_ALPHA,0,2,2,False
HWY_BOX_4073_BRAVO,0,2,2,False
HWY_BOX_4073_CHARLIE,0,2,2,False
HWY_BOX_4073_CPRF,0,2,2,False
HWY_BOX_4073_FACCIF,0,2,2,False
HWY_BOX_4073_FDACCF,0,2,2,False
HWY_BOX_4073_FDACCIF,0,2,2,False
HWY_BOX_4073_FDACCIMF,0,2,2,False
HWY_BOX_4073_FDACCITF,0,2,2,False
HWY_BOX_4073_FTANKF,0,2,2,False
HWY_BOX_4073_FTRKF,0,2,2,False
HWY_BOX_4073_FVEHF,0,2,2,False
HWY_BOX_4073_HAZMAT,0,2,2,False
HWY_BOX_4073_ODF,0,2,2,False
HWY_BOX_4073_OPP,0,30,20,False
HWY_BOX_4073_OPP_AFR,0,60,10,False
HWY_BOX_4073_OPP_ENG,0,10,10,False
HWY_BOX_4075_ACCIBF,0,2,2,False
HWY_BOX_4075_ACCIF,0,2,2,False
HWY_BOX_4075_ACCIHF,0,2,2,False
HWY_BOX_4075_ACCIMF,0,2,2,False
HWY_BOX_4075_ACCITF,0,2,2,False
HWY_BOX_4075_ALPHA,0,2,2,False
HWY_BOX_4075_BRAVO,0,2,2,False
HWY_BOX_4075_CHARLIE,0,2,2,False
HWY_BOX_4075_CPRF,0,2,2,False
HWY_BOX_4075_FACCIF,0,2,2,False
HWY_BOX_4075_FDACCF,0,2,2,False
HWY_BOX_4075_FDACCIF,0,2,2,False
HWY_BOX_4075_FDACCIMF,0,2,2,False
HWY_BOX_4075_FDACCITF,0,2,2,False
HWY_BOX_4075_FTANKF,0,2,2,False
HWY_BOX_4075_FTRKF,0,2,2,False
HWY_BOX_4075_FVEHF,0,2,2,False
HWY_BOX_4075_HAZMAT,0,2,2,False
HWY_BOX_4075_ODF,0,2,2,False
HWY_BOX_4075_OPP,0,30,20,False
HWY_BOX_4075_OPP_AFR,0,60,10,False
HWY_BOX_4075_OPP_ENG,0,10,10,False
HWY_BOX_4077_ACCIBF,0,2,2,False
HWY_BOX_4077_ACCIF,0,2,2,False
HWY_BOX_4077_ACCIHF,0,2,2,False
HWY_BOX_4077_ACCIMF,0,2,2,False
HWY_BOX_4077_ACCITF,0,2,2,False
HWY_BOX_4077_ALPHA,0,2,2,False
HWY_BOX_4077_BRAVO,0,2,2,False
HWY_BOX_4077_CHARLIE,0,2,2,False
HWY_BOX_4077_CPRF,0,2,2,False
HWY_BOX_4077_FACCIF,0,2,2,False
HWY_BOX_4077_FDACCF,0,2,2,False
HWY_BOX_4077_FDACCIF,0,2,2,False
HWY_BOX_4077_FDACCIMF,0,2,2,False
HWY_BOX_4077_FDACCITF,0,2,2,False
HWY_BOX_4077_FTANKF,0,2,2,False
HWY_BOX_4077_FTRKF,0,2,2,False
HWY_BOX_4077_FVEHF,0,2,2,False
HWY_BOX_4077_HAZMAT,0,2,2,False
HWY_BOX_4077_ODF,0,2,2,False
HWY_BOX_4077_OPP,0,30,20,False
HWY_BOX_4077_OPP_AFR,0,60,10,False
HWY_BOX_4077_OPP_ENG,0,10,10,False
HWY_BOX_4151_ACCIBF,0,2,2,False
HWY_BOX_4151_ACCIF,0,2,2,False
HWY_BOX_4151_ACCIHF,0,2,2,False
HWY_BOX_4151_ACCIMF,0,2,2,False
HWY_BOX_4151_ACCITF,0,2,2,False
HWY_BOX_4151_ALPHA,0,2,2,False
HWY_BOX_4151_BRAVO,0,2,2,False
HWY_BOX_4151_CHARLIE,0,2,2,False
HWY_BOX_4151_CPRF,0,2,2,False
HWY_BOX_4151_FACCIF,0,2,2,False
HWY_BOX_4151_FDACCF,0,2,2,False
HWY_BOX_4151_FDACCIF,0,2,2,False
HWY_BOX_4151_FDACCIMF,0,2,2,False
HWY_BOX_4151_FDACCITF,0,2,2,False
HWY_BOX_4151_FTANKF,0,2,2,False
HWY_BOX_4151_FTRKF,0,2,2,False
HWY_BOX_4151_FVEHF,0,2,2,False
HWY_BOX_4151_HAZMAT,0,2,2,False
HWY_BOX_4151_ODF,0,2,2,False
HWY_BOX_4151_OPP,0,30,20,False
HWY_BOX_4151_OPP_AFR,0,60,10,False
HWY_BOX_4151_OPP_ENG,0,10,10,False
HWY_BOX_4171_ACCIBF,0,2,2,False
HWY_BOX_4171_ACCIF,0,2,2,False
HWY_BOX_4171_ACCIHF,0,2,2,False
HWY_BOX_4171_ACCIMF,0,2,2,False
HWY_BOX_4171_ACCITF,0,2,2,False
HWY_BOX_4171_ALPHA,0,2,2,False
HWY_BOX_4171_BRAVO,0,2,2,False
HWY_BOX_4171_CHARLIE,0,2,2,False
HWY_BOX_4171_CPRF,0,2,2,False
HWY_BOX_4171_FACCIF,0,2,2,False
HWY_BOX_4171_FDACCF,0,2,2,False
HWY_BOX_4171_FDACCIF,0,2,2,False
HWY_BOX_4171_FDACCIMF,0,2,2,False
HWY_BOX_4171_FDACCITF,0,2,2,False
HWY_BOX_4171_FTANKF,0,2,2,False
HWY_BOX_4171_FTRKF,0,2,2,False
HWY_BOX_4171_FVEHF,0,2,2,False
HWY_BOX_4171_HAZMAT,0,2,2,False
HWY_BOX_4171_ODF,0,2,2,False
HWY_BOX_4171_OPP,0,30,20,False
HWY_BOX_4171_OPP_AFR,0,60,10,False
HWY_BOX_4171_OPP_ENG,0,10,10,False
HWY_BOX_4250_ACCIBF,0,2,2,False
HWY_BOX_4250_ACCIF,0,2,2,False
HWY_BOX_4250_ACCIHF,0,2,2,False
HWY_BOX_4250_ACCIMF,0,2,2,False
HWY_BOX_4250_ACCITF,0,2,2,False
HWY_BOX_4250_ALPHA,0,2,2,False
HWY_BOX_4250_BRAVO,0,2,2,False
HWY_BOX_4250_CHARLIE,0,2,2,False
HWY_BOX_4250_CPRF,0,2,2,False
HWY_BOX_4250_FACCIF,0,2,2,False
HWY_BOX_4250_FDACCF,0,2,2,False
HWY_BOX_4250_FDACCIF,0,2,2,False
HWY_BOX_4250_FDACCIMF,0,2,2,False
HWY_BOX_4250_FDACCITF,0,2,2,False
HWY_BOX_4250_FTANKF,0,2,2,False
HWY_BOX_4250_FTRKF,0,2,2,False
HWY_BOX_4250_FVEHF,0,2,2,False
HWY_BOX_4250_HAZMAT,0,2,2,False
HWY_BOX_4250_ODF,0,2,2,False
HWY_BOX_4250_OPP,0,30,20,False
HWY_BOX_4250_OPP_AFR,0,50,10,False
HWY_BOX_4250_OPP_ENG,0,10,10,False
HWY_BOX_4450_ACCIBF,0,2,2,False
HWY_BOX_4450_ACCIF,0,2,2,False
HWY_BOX_4450_ACCIHF,0,2,2,False
HWY_BOX_4450_ACCIMF,0,2,2,False
HWY_BOX_4450_ACCITF,0,2,2,False
HWY_BOX_4450_ALPHA,0,2,2,False
HWY_BOX_4450_BRAVO,0,2,2,False
HWY_BOX_4450_CHARLIE,0,2,2,False
HWY_BOX_4450_CPRF,0,2,2,False
HWY_BOX_4450_FACCIF,0,2,2,False
HWY_BOX_4450_FDACCF,0,2,2,False
HWY_BOX_4450_FDACCIF,0,2,2,False
HWY_BOX_4450_FDACCIMF,0,2,2,False
HWY_BOX_4450_FDACCITF,0,2,2,False
HWY_BOX_4450_FTANKF,0,2,2,False
HWY_BOX_4450_FTRKF,0,2,2,False
HWY_BOX_4450_FVEHF,0,2,2,False
HWY_BOX_4450_HAZMAT,0,2,2,False
HWY_BOX_4450_ODF,0,2,2,False
HWY_BOX_4450_OPP,0,30,20,False
HWY_BOX_4450_OPP_AFR,0,54,10,False
HWY_BOX_4450_OPP_ENG,0,10,10,False
HWY_BOX_4451_ACCIBF,0,2,2,False
HWY_BOX_4451_ACCIF,0,2,2,False
HWY_BOX_4451_ACCIHF,0,2,2,False
HWY_BOX_4451_ACCIMF,0,2,2,False
HWY_BOX_4451_ACCITF,0,2,2,False
HWY_BOX_4451_ALPHA,0,2,2,False
HWY_BOX_4451_BRAVO,0,2,2,False
HWY_BOX_4451_CHARLIE,0,2,2,False
HWY_BOX_4451_CPRF,0,2,2,False
HWY_BOX_4451_FACCIF,0,2,2,False
HWY_BOX_4451_FDACCF,0,2,2,False
HWY_BOX_4451_FDACCIF,0,2,2,False
HWY_BOX_4451_FDACCIMF,0,2,2,False
HWY_BOX_4451_FDACCITF,0,2,2,False
HWY_BOX_4451_FTANKF,0,2,2,False
HWY_BOX_4451_FTRKF,0,2,2,False
HWY_BOX_4451_FVEHF,0,2,2,False
HWY_BOX_4451_HAZMAT,0,2,2,False
HWY_BOX_4451_ODF,0,2,2,False
HWY_BOX_4451_OPP,0,30,20,False
HWY_BOX_4451_OPP_AFR,0,60,10,False
HWY_BOX_4451_OPP_ENG,0,10,10,False
HWY_BOX_4452_ACCIBF,0,2,2,False
HWY_BOX_4452_ACCIF,0,2,2,False
HWY_BOX_4452_ACCIHF,0,2,2,False
HWY_BOX_4452_ACCIMF,0,2,2,False
HWY_BOX_4452_ACCITF,0,2,2,False
HWY_BOX_4452_ALPHA,0,2,2,False
HWY_BOX_4452_BRAVO,0,2,2,False
HWY_BOX_4452_CHARLIE,0,2,2,False
HWY_BOX_4452_CPRF,0,2,2,False
HWY_BOX_4452_FACCIF,0,2,2,False
HWY_BOX_4452_FDACCF,0,2,2,False
HWY_BOX_4452_FDACCIF,0,2,2,False
HWY_BOX_4452_FDACCIMF,0,2,2,False
HWY_BOX_4452_FDACCITF,0,2,2,False
HWY_BOX_4452_FTANKF,0,2,2,False
HWY_BOX_4452_FTRKF,0,2,2,False
HWY_BOX_4452_FVEHF,0,2,2,False
HWY_BOX_4452_HAZMAT,0,2,2,False
HWY_BOX_4452_ODF,0,2,2,False
HWY_BOX_4452_OPP,0,30,20,False
HWY_BOX_4452_OPP_AFR,0,50,10,False
HWY_BOX_4452_OPP_ENG,0,10,10,False
HWY_BOX_4453_ACCIBF,0,2,2,False
HWY_BOX_4453_ACCIF,0,2,2,False
HWY_BOX_4453_ACCIHF,0,2,2,False
HWY_BOX_4453_ACCIMF,0,2,2,False
HWY_BOX_4453_ACCITF,0,2,2,False
HWY_BOX_4453_ALPHA,0,2,2,False
HWY_BOX_4453_BRAVO,0,2,2,False
HWY_BOX_4453_CHARLIE,0,2,2,False
HWY_BOX_4453_CPRF,0,2,2,False
HWY_BOX_4453_FACCIF,0,2,2,False
HWY_BOX_4453_FDACCF,0,2,2,False
HWY_BOX_4453_FDACCIF,0,2,2,False
HWY_BOX_4453_FDACCIMF,0,2,2,False
HWY_BOX_4453_FDACCITF,0,2,2,False
HWY_BOX_4453_FTANKF,0,2,2,False
HWY_BOX_4453_FTRKF,0,2,2,False
HWY_BOX_4453_FVEHF,0,2,2,False
HWY_BOX_4453_HAZMAT,0,2,2,False
HWY_BOX_4453_ODF,0,2,2,False
HWY_BOX_4453_OPP,0,30,20,False
HWY_BOX_4453_OPP_AFR,0,60,10,False
HWY_BOX_4453_OPP_ENG1,0,10,10,False
HWY_BOX_4454_ACCIBF,0,2,2,False
HWY_BOX_4454_ACCIF,0,2,2,False
HWY_BOX_4454_ACCIHF,0,2,2,False
HWY_BOX_4454_ACCIMF,0,2,2,False
HWY_BOX_4454_ACCITF,0,2,2,False
HWY_BOX_4454_ALPHA,0,2,2,False
HWY_BOX_4454_BRAVO,0,2,2,False
HWY_BOX_4454_CHARLIE,0,2,2,False
HWY_BOX_4454_CPRF,0,2,2,False
HWY_BOX_4454_FACCIF,0,2,2,False
HWY_BOX_4454_FDACCF,0,2,2,False
HWY_BOX_4454_FDACCIF,0,2,2,False
HWY_BOX_4454_FDACCIMF,0,2,2,False
HWY_BOX_4454_FDACCITF,0,2,2,False
HWY_BOX_4454_FTANKF,0,2,2,False
HWY_BOX_4454_FTRKF,0,2,2,False
HWY_BOX_4454_FVEHF,0,2,2,False
HWY_BOX_4454_HAZMAT,0,2,2,False
HWY_BOX_4454_ODF,0,2,2,False
HWY_BOX_4454_OPP,0,30,20,False
HWY_BOX_4454_OPP_AFR,0,60,10,False
HWY_BOX_4454_OPP_ENG,0,10,10,False
HWY_BOX_4455_ACCIBF,0,2,2,False
HWY_BOX_4455_ACCIF,0,2,2,False
HWY_BOX_4455_ACCIHF,0,2,2,False
HWY_BOX_4455_ACCIMF,0,2,2,False
HWY_BOX_4455_ACCITF,0,2,2,False
HWY_BOX_4455_ALPHA,0,2,2,False
HWY_BOX_4455_BRAVO,0,2,2,False
HWY_BOX_4455_CHARLIE,0,2,2,False
HWY_BOX_4455_CPRF,0,2,2,False
HWY_BOX_4455_FACCIF,0,2,2,False
HWY_BOX_4455_FDACCF,0,2,2,False
HWY_BOX_4455_FDACCIF,0,2,2,False
HWY_BOX_4455_FDACCIMF,0,2,2,False
HWY_BOX_4455_FDACCITF,0,2,2,False
HWY_BOX_4455_FTANKF,0,2,2,False
HWY_BOX_4455_FTRKF,0,2,2,False
HWY_BOX_4455_FVEHF,0,2,2,False
HWY_BOX_4455_HAZMAT,0,2,2,False
HWY_BOX_4455_ODF,0,2,2,False
HWY_BOX_4455_OPP,0,30,20,False
HWY_BOX_4455_OPP_AFR,0,60,10,False
HWY_BOX_4455_OPP_ENG,0,10,10,False
HWY_BOX_4457_ACCIBF,0,2,2,False
HWY_BOX_4457_ACCIF,0,2,2,False
HWY_BOX_4457_ACCIHF,0,2,2,False
HWY_BOX_4457_ACCIMF,0,2,2,False
HWY_BOX_4457_ACCITF,0,2,2,False
HWY_BOX_4457_ALPHA,0,2,2,False
HWY_BOX_4457_BRAVO,0,2,2,False
HWY_BOX_4457_CHARLIE,0,2,2,False
HWY_BOX_4457_CPRF,0,2,2,False
HWY_BOX_4457_FACCIF,0,2,2,False
HWY_BOX_4457_FDACCF,0,2,2,False
HWY_BOX_4457_FDACCIF,0,2,2,False
HWY_BOX_4457_FDACCIMF,0,2,2,False
HWY_BOX_4457_FDACCITF,0,2,2,False
HWY_BOX_4457_FTANKF,0,2,2,False
HWY_BOX_4457_FTRKF,0,2,2,False
HWY_BOX_4457_FVEHF,0,2,2,False
HWY_BOX_4457_HAZMAT,0,2,2,False
HWY_BOX_4457_ODF,0,2,2,False
HWY_BOX_4457_OPP,0,30,20,False
HWY_BOX_4457_OPP_AFR,0,60,10,False
HWY_BOX_4457_OPP_ENG,0,10,10,False
HWY_BOX_4460_ACCIBF,0,2,2,False
HWY_BOX_4460_ACCIF,0,2,2,False
HWY_BOX_4460_ACCIHF,0,2,2,False
HWY_BOX_4460_ACCIMF,0,2,2,False
HWY_BOX_4460_ACCITF,0,2,2,False
HWY_BOX_4460_ALPHA,0,2,2,False
HWY_BOX_4460_BRAVO,0,2,2,False
HWY_BOX_4460_CHARLIE,0,2,2,False
HWY_BOX_4460_CPRF,0,2,2,False
HWY_BOX_4460_FACCIF,0,2,2,False
HWY_BOX_4460_FDACCF,0,2,2,False
HWY_BOX_4460_FDACCIF,0,2,2,False
HWY_BOX_4460_FDACCIMF,0,2,2,False
HWY_BOX_4460_FDACCITF,0,2,2,False
HWY_BOX_4460_FTANKF,0,2,2,False
HWY_BOX_4460_FTRKF,0,2,2,False
HWY_BOX_4460_FVEHF,0,2,2,False
HWY_BOX_4460_HAZMAT,0,2,2,False
HWY_BOX_4460_ODF,0,2,2,False
HWY_BOX_4460_OPP,0,30,20,False
HWY_BOX_4460_OPP_AFR,0,60,10,False
HWY_BOX_4460_OPP_ENG,0,10,10,False
HWY_BOX_4461_ACCIBF,0,2,2,False
HWY_BOX_4461_ACCIF,0,2,2,False
HWY_BOX_4461_ACCIHF,0,2,2,False
HWY_BOX_4461_ACCIMF,0,2,2,False
HWY_BOX_4461_ACCITF,0,2,2,False
HWY_BOX_4461_ALPHA,0,2,2,False
HWY_BOX_4461_BRAVO,0,2,2,False
HWY_BOX_4461_CHARLIE,0,2,2,False
HWY_BOX_4461_CPRF,0,2,2,False
HWY_BOX_4461_FACCIF,0,2,2,False
HWY_BOX_4461_FDACCF,0,2,2,False
HWY_BOX_4461_FDACCIF,0,2,2,False
HWY_BOX_4461_FDACCIMF,0,2,2,False
HWY_BOX_4461_FDACCITF,0,2,2,False
HWY_BOX_4461_FTANKF,0,2,2,False
HWY_BOX_4461_FTRKF,0,2,2,False
HWY_BOX_4461_FVEHF,0,2,2,False
HWY_BOX_4461_HAZMAT,0,2,2,False
HWY_BOX_4461_ODF,0,2,2,False
HWY_BOX_4461_OPP,0,30,20,False
HWY_BOX_4461_OPP_AFR,0,60,10,False
HWY_BOX_4461_OPP_ENG,0,10,10,False
HWY_BOX_4462_ACCIBF,0,2,2,False
HWY_BOX_4462_ACCIF,0,2,2,False
HWY_BOX_4462_ACCIHF,0,2,2,False
HWY_BOX_4462_ACCIMF,0,2,2,False
HWY_BOX_4462_ACCITF,0,2,2,False
HWY_BOX_4462_ALPHA,0,2,2,False
HWY_BOX_4462_BRAVO,0,2,2,False
HWY_BOX_4462_CHARLIE,0,2,2,False
HWY_BOX_4462_CPRF,0,2,2,False
HWY_BOX_4462_FACCIF,0,2,2,False
HWY_BOX_4462_FDACCF,0,2,2,False
HWY_BOX_4462_FDACCIF,0,2,2,False
HWY_BOX_4462_FDACCIMF,0,2,2,False
HWY_BOX_4462_FDACCITF,0,2,2,False
HWY_BOX_4462_FTANKF,0,2,2,False
HWY_BOX_4462_FTRKF,0,2,2,False
HWY_BOX_4462_FVEHF,0,2,2,False
HWY_BOX_4462_HAZMAT,0,2,2,False
HWY_BOX_4462_ODF,0,2,2,False
HWY_BOX_4462_OPP,0,27,18,False
HWY_BOX_4462_OPP_AFR,0,54,9,False
HWY_BOX_4462_OPP_ENG,0,9,9,False
HWY_BOX_4463_ACCIBF,0,2,2,False
HWY_BOX_4463_ACCIF,0,2,2,False
HWY_BOX_4463_ACCIHF,0,2,2,False
HWY_BOX_4463_ACCIMF,0,2,2,False
HWY_BOX_4463_ACCITF,0,2,2,False
HWY_BOX_4463_ALPHA,0,2,2,False
HWY_BOX_4463_BRAVO,0,2,2,False
HWY_BOX_4463_CHARLIE,0,2,2,False
HWY_BOX_4463_CPRF,0,2,2,False
HWY_BOX_4463_FACCIF,0,2,2,False
HWY_BOX_4463_FDACCF,0,2,2,False
HWY_BOX_4463_FDACCIF,0,2,2,False
HWY_BOX_4463_FDACCIMF,0,2,2,False
HWY_BOX_4463_FDACCITF,0,2,2,False
HWY_BOX_4463_FTANKF,0,2,2,False
HWY_BOX_4463_FTRKF,0,2,2,False
HWY_BOX_4463_FVEHF,0,2,2,False
HWY_BOX_4463_HAZMAT,0,2,2,False
HWY_BOX_4463_ODF,0,2,2,False
HWY_BOX_4463_OPP,0,30,20,False
HWY_BOX_4463_OPP_AFR,0,60,10,False
HWY_BOX_4463_OPP_ENG,0,10,10,False
HWY_BOX_4464_ACCIBF,0,2,2,False
HWY_BOX_4464_ACCIF,0,2,2,False
HWY_BOX_4464_ACCIHF,0,2,2,False
HWY_BOX_4464_ACCIMF,0,2,2,False
HWY_BOX_4464_ACCITF,0,2,2,False
HWY_BOX_4464_ALPHA,0,2,2,False
HWY_BOX_4464_BRAVO,0,2,2,False
HWY_BOX_4464_CHARLIE,0,2,2,False
HWY_BOX_4464_CPRF,0,2,2,False
HWY_BOX_4464_FACCIF,0,2,2,False
HWY_BOX_4464_FDACCF,0,2,2,False
HWY_BOX_4464_FDACCIF,0,2,2,False
HWY_BOX_4464_FDACCIMF,0,2,2,False
HWY_BOX_4464_FDACCITF,0,2,2,False
HWY_BOX_4464_FTANKF,0,2,2,False
HWY_BOX_4464_FTRKF,0,2,2,False
HWY_BOX_4464_FVEHF,0,2,2,False
HWY_BOX_4464_HAZMAT,0,2,2,False
HWY_BOX_4464_ODF,0,2,2,False
HWY_BOX_4464_OPP,0,30,20,False
HWY_BOX_4464_OPP_AFR,0,60,10,False
HWY_BOX_4464_OPP_ENG,0,10,10,False
HWY_BOX_4465_ACCIBF,0,2,2,False
HWY_BOX_4465_ACCIF,0,2,2,False
HWY_BOX_4465_ACCIHF,0,2,2,False
HWY_BOX_4465_ACCIMF,0,2,2,False
HWY_BOX_4465_ACCITF,0,2,2,False
HWY_BOX_4465_ALPHA,0,2,2,False
HWY_BOX_4465_BRAVO,0,2,2,False
HWY_BOX_4465_CHARLIE,0,2,2,False
HWY_BOX_4465_CPRF,0,2,2,False
HWY_BOX_4465_FACCIF,0,2,2,False
HWY_BOX_4465_FDACCF,0,2,2,False
HWY_BOX_4465_FDACCIF,0,2,2,False
HWY_BOX_4465_FDACCIMF,0,2,2,False
HWY_BOX_4465_FDACCITF,0,2,2,False
HWY_BOX_4465_FTANKF,0,2,2,False
HWY_BOX_4465_FTRKF,0,2,2,False
HWY_BOX_4465_FVEHF,0,2,2,False
HWY_BOX_4465_HAZMAT,0,2,2,False
HWY_BOX_4465_ODF,0,2,2,False
HWY_BOX_4465_OPP,0,30,20,False
HWY_BOX_4465_OPP_AFR,0,60,10,False
HWY_BOX_4465_OPP_ENG,0,10,10,False
HWY_BOX_4466_ACCIBF,0,2,2,False
HWY_BOX_4466_ACCIF,0,2,2,False
HWY_BOX_4466_ACCIHF,0,2,2,False
HWY_BOX_4466_ACCIMF,0,2,2,False
HWY_BOX_4466_ACCITF,0,2,2,False
HWY_BOX_4466_ALPHA,0,2,2,False
HWY_BOX_4466_BRAVO,0,2,2,False
HWY_BOX_4466_CHARLIE,0,2,2,False
HWY_BOX_4466_CPRF,0,2,2,False
HWY_BOX_4466_FACCIF,0,2,2,False
HWY_BOX_4466_FDACCF,0,2,2,False
HWY_BOX_4466_FDACCIF,0,2,2,False
HWY_BOX_4466_FDACCIMF,0,2,2,False
HWY_BOX_4466_FDACCITF,0,2,2,False
HWY_BOX_4466_FTANKF,0,2,2,False
HWY_BOX_4466_FTRKF,0,2,2,False
HWY_BOX_4466_FVEHF,0,2,2,False
HWY_BOX_4466_HAZMAT,0,2,2,False
HWY_BOX_4466_ODF,0,2,2,False
HWY_BOX_4466_OPP,0,30,20,False
HWY_BOX_4466_OPP_AFR,0,52,10,False
HWY_BOX_4466_OPP_ENG,0,10,10,False
HWY_BOX_4467_ACCIBF,0,2,2,False
HWY_BOX_4467_ACCIF,0,2,2,False
HWY_BOX_4467_ACCIHF,0,2,2,False
HWY_BOX_4467_ACCIMF,0,2,2,False
HWY_BOX_4467_ACCITF,0,2,2,False
HWY_BOX_4467_ALPHA,0,2,2,False
HWY_BOX_4467_BRAVO,0,2,2,False
HWY_BOX_4467_CHARLIE,0,2,2,False
HWY_BOX_4467_CPRF,0,2,2,False
HWY_BOX_4467_FACCIF,0,2,2,False
HWY_BOX_4467_FDACCF,0,2,2,False
HWY_BOX_4467_FDACCIF,0,2,2,False
HWY_BOX_4467_FDACCIMF,0,2,2,False
HWY_BOX_4467_FDACCITF,0,2,2,False
HWY_BOX_4467_FTANKF,0,2,2,False
HWY_BOX_4467_FTRKF,0,2,2,False
HWY_BOX_4467_FVEHF,0,2,2,False
HWY_BOX_4467_HAZMAT,0,2,2,False
HWY_BOX_4467_ODF,0,2,2,False
HWY_BOX_4467_OPP,0,30,20,False
HWY_BOX_4467_OPP_AFR,0,60,10,False
HWY_BOX_4467_OPP_ENG,0,10,10,False
HWY_BOX_4468_ACCIBF,0,2,2,False
HWY_BOX_4468_ACCIF,0,2,2,False
HWY_BOX_4468_ACCIHF,0,2,2,False
HWY_BOX_4468_ACCIMF,0,2,2,False
HWY_BOX_4468_ACCITF,0,2,2,False
HWY_BOX_4468_ALPHA,0,2,2,False
HWY_BOX_4468_BRAVO,0,2,2,False
HWY_BOX_4468_CHARLIE,0,2,2,False
HWY_BOX_4468_CPRF,0,2,2,False
HWY_BOX_4468_FACCIF,0,2,2,False
HWY_BOX_4468_FDACCF,0,2,2,False
HWY_BOX_4468_FDACCIF,0,2,2,False
HWY_BOX_4468_FDACCIMF,0,2,2,False
HWY_BOX_4468_FDACCITF,0,2,2,False
HWY_BOX_4468_FTANKF,0,2,2,False
HWY_BOX_4468_FTRKF,0,2,2,False
HWY_BOX_4468_FVEHF,0,2,2,False
HWY_BOX_4468_HAZMAT,0,2,2,False
HWY_BOX_4468_ODF,0,2,2,False
HWY_BOX_4468_OPP,0,30,20,False
HWY_BOX_4468_OPP_AFR,0,50,10,False
HWY_BOX_4468_OPP_ENG,0,10,10,False
HWY_BOX_4469_ACCIBF,0,2,2,False
HWY_BOX_4469_ACCIF,0,2,2,False
HWY_BOX_4469_ACCIHF,0,2,2,False
HWY_BOX_4469_ACCIMF,0,2,2,False
HWY_BOX_4469_ACCITF,0,2,2,False
HWY_BOX_4469_ALPHA,0,2,2,False
HWY_BOX_4469_BRAVO,0,2,2,False
HWY_BOX_4469_CHARLIE,0,2,2,False
HWY_BOX_4469_CPRF,0,2,2,False
HWY_BOX_4469_FACCIF,0,2,2,False
HWY_BOX_4469_FDACCF,0,2,2,False
HWY_BOX_4469_FDACCIF,0,2,2,False
HWY_BOX_4469_FDACCIMF,0,2,2,False
HWY_BOX_4469_FDACCITF,0,2,2,False
HWY_BOX_4469_FTANKF,0,2,2,False
HWY_BOX_4469_FTRKF,0,2,2,False
HWY_BOX_4469_FVEHF,0,2,2,False
HWY_BOX_4469_HAZMAT,0,2,2,False
HWY_BOX_4469_ODF,0,2,2,False
HWY_BOX_4469_OPP,0,30,20,False
HWY_BOX_4469_OPP_AFR,0,50,10,False
HWY_BOX_4469_OPP_ENG,0,10,10,False
HWY_BOX_4470_ACCIBF,0,2,2,False
HWY_BOX_4470_ACCIF,0,2,2,False
HWY_BOX_4470_ACCIHF,0,2,2,False
HWY_BOX_4470_ACCIMF,0,2,2,False
HWY_BOX_4470_ACCITF,0,2,2,False
HWY_BOX_4470_ALPHA,0,2,2,False
HWY_BOX_4470_BRAVO,0,2,2,False
HWY_BOX_4470_CHARLIE,0,2,2,False
HWY_BOX_4470_CPRF,0,2,2,False
HWY_BOX_4470_FACCIF,0,2,2,False
HWY_BOX_4470_FDACCF,0,2,2,False
HWY_BOX_4470_FDACCIF,0,2,2,False
HWY_BOX_4470_FDACCIMF,0,2,2,False
HWY_BOX_4470_FDACCITF,0,2,2,False
HWY_BOX_4470_FTANKF,0,2,2,False
HWY_BOX_4470_FTRKF,0,2,2,False
HWY_BOX_4470_FVEHF,0,2,2,False
HWY_BOX_4470_HAZMAT,0,2,2,False
HWY_BOX_4470_ODF,0,2,2,False
HWY_BOX_4470_OPP,0,30,20,False
HWY_BOX_4470_OPP_AFR,0,60,10,False
HWY_BOX_4470_OPP_ENG,0,10,10,False
HWY_BOX_4471_ACCIBF,0,2,2,False
HWY_BOX_4471_ACCIF,0,2,2,False
HWY_BOX_4471_ACCIHF,0,2,2,False
HWY_BOX_4471_ACCIMF,0,2,2,False
HWY_BOX_4471_ACCITF,0,2,2,False
HWY_BOX_4471_ALPHA,0,2,2,False
HWY_BOX_4471_BRAVO,0,2,2,False
HWY_BOX_4471_CHARLIE,0,2,2,False
HWY_BOX_4471_CPRF,0,2,2,False
HWY_BOX_4471_FACCIF,0,2,2,False
HWY_BOX_4471_FDACCF,0,2,2,False
HWY_BOX_4471_FDACCIF,0,2,2,False
HWY_BOX_4471_FDACCIMF,0,2,2,False
HWY_BOX_4471_FDACCITF,0,2,2,False
HWY_BOX_4471_FTANKF,0,2,2,False
HWY_BOX_4471_FTRKF,0,2,2,False
HWY_BOX_4471_FVEHF,0,2,2,False
HWY_BOX_4471_HAZMAT,0,2,2,False
HWY_BOX_4471_ODF,0,2,2,False
HWY_BOX_4471_OPP,0,30,20,False
HWY_BOX_4471_OPP_AFR,0,60,10,False
HWY_BOX_4471_OPP_ENG,0,10,10,False
HWY_BOX_4472_ACCIBF,0,2,2,False
HWY_BOX_4472_ACCIF,0,2,2,False
HWY_BOX_4472_ACCIHF,0,2,2,False
HWY_BOX_4472_ACCIMF,0,2,2,False
HWY_BOX_4472_ACCITF,0,2,2,False
HWY_BOX_4472_ALPHA,0,2,2,False
HWY_BOX_4472_BRAVO,0,2,2,False
HWY_BOX_4472_CHARLIE,0,2,2,False
HWY_BOX_4472_CPRF,0,2,2,False
HWY_BOX_4472_FACCIF,0,2,2,False
HWY_BOX_4472_FDACCF,0,2,2,False
HWY_BOX_4472_FDACCIF,0,2,2,False
HWY_BOX_4472_FDACCIMF,0,2,2,False
HWY_BOX_4472_FDACCITF,0,2,2,False
HWY_BOX_4472_FTANKF,0,2,2,False
HWY_BOX_4472_FTRKF,0,2,2,False
HWY_BOX_4472_FVEHF,0,2,2,False
HWY_BOX_4472_HAZMAT,0,2,2,False
HWY_BOX_4472_ODF,0,2,2,False
HWY_BOX_4472_OPP,0,30,20,False
HWY_BOX_4472_OPP_AFR,0,52,10,False
HWY_BOX_4472_OPP_ENG,0,10,10,False
HWY_BOX_4473_ACCIBF,0,2,2,False
HWY_BOX_4473_ACCIF,0,2,2,False
HWY_BOX_4473_ACCIHF,0,2,2,False
HWY_BOX_4473_ACCIMF,0,2,2,False
HWY_BOX_4473_ACCITF,0,2,2,False
HWY_BOX_4473_ALPHA,0,2,2,False
HWY_BOX_4473_BRAVO,0,2,2,False
HWY_BOX_4473_CHARLIE,0,2,2,False
HWY_BOX_4473_CPRF,0,2,2,False
HWY_BOX_4473_FACCIF,0,2,2,False
HWY_BOX_4473_FDACCF,0,2,2,False
HWY_BOX_4473_FDACCIF,0,2,2,False
HWY_BOX_4473_FDACCIMF,0,2,2,False
HWY_BOX_4473_FDACCITF,0,2,2,False
HWY_BOX_4473_FTANKF,0,2,2,False
HWY_BOX_4473_FTRKF,0,2,2,False
HWY_BOX_4473_FVEHF,0,2,2,False
HWY_BOX_4473_HAZMAT,0,2,2,False
HWY_BOX_4473_ODF,0,2,2,False
HWY_BOX_4473_OPP,0,30,20,False
HWY_BOX_4473_OPP_AFR,0,51,10,False
HWY_BOX_4473_OPP_ENG,0,10,10,False
HWY_BOX_4475_ACCIBF,0,2,2,False
HWY_BOX_4475_ACCIF,0,2,2,False
HWY_BOX_4475_ACCIHF,0,2,2,False
HWY_BOX_4475_ACCIMF,0,2,2,False
HWY_BOX_4475_ACCITF,0,2,2,False
HWY_BOX_4475_ALPHA,0,2,2,False
HWY_BOX_4475_BRAVO,0,2,2,False
HWY_BOX_4475_CHARLIE,0,2,2,False
HWY_BOX_4475_CPRF,0,2,2,False
HWY_BOX_4475_FACCIF,0,2,2,False
HWY_BOX_4475_FDACCF,0,2,2,False
HWY_BOX_4475_FDACCIF,0,2,2,False
HWY_BOX_4475_FDACCIMF,0,2,2,False
HWY_BOX_4475_FDACCITF,0,2,2,False
HWY_BOX_4475_FTANKF,0,2,2,False
HWY_BOX_4475_FTRKF,0,2,2,False
HWY_BOX_4475_FVEHF,0,2,2,False
HWY_BOX_4475_HAZMAT,0,2,2,False
HWY_BOX_4475_ODF,0,2,2,False
HWY_BOX_4475_OPP,0,42,28,False
HWY_BOX_4475_OPP_AFR,0,84,14,False
HWY_BOX_4475_OPP_ENG,0,14,14,False
INVF,0,4,1,False
INVF_JULY_2025,0,4,1,False
LIFT,0,4,1,False
LOCKF,0,4,1,False
METROF,0,59,35,False
MISCF,0,1,1,False
PD_1 Supv,1,1,1,True
PD_1CRS,0,1,1,False
PD_1PATROL,1,2,1,True
PD_1PATROL AND K9 REQ,0,2,1,False
PD_1PATROL AND MARINE PATROL,0,2,2,False
PD_1PATROL OR AUX,0,2,1,False
PD_1PSA,0,1,1,False
PD_2PATROL,1,2,1,True
PD_2PATROL AND K9 REQ,1,3,2,True
PD_2PATROL AND SUPV REQ,1,3,2,True
PD_2PATROL_HP,0,3,2,False
PD_3PATROL_HP,0,4,3,False
PD_ACO AND PATROL,1,2,2,True
PD_ACO ONLY,1,1,1,True
PD_ACO OR PATROL,0,2,1,False
PD_CIT,1,1,1,True
PD_COR,1,1,1,True
PD_Helo,0,1,1,False
PD_K9,1,1,1,True
PD_K9DRUG,0,1,1,False
PD_K9PATROL,0,1,1,False
PD_MARINE PATROL,0,1,1,False
PD_PARK ENFORCE ONLY,0,1,1,False
PD_PATROL AND K9 REQ,0,3,2,False
PD_ROAD,1,1,1,True
PD_TRAF OR AUX OR PATROL,0,3,1,False
PD_TRAFF ENFORCE ONLY,0,1,1,False
PSERVF,0,6,1,False
RESCUE_COND1,0,37,21,False
RESCUE_COND2/3,0,13,6,False
RICE,0,48,22,False
RIVERF_COND1/2,0,37,19,False
RIVERF_COND3,0,8,4,False
RSWIFT,0,40,20,False
RSWIFT_COND2,0,23,12,False
RSWIFT_COND3,0,22,11,False
RTRAP_COND1/2,0,33,16,False
RTRAP_COND3,0,15,6,False
RWATER_COND1,0,45,21,False
RWATER_COND2,0,30,14,False
RWATER_COND3,0,27,12,False
SIGNAL1F,0,32,15,False
SO-1SHERIFF,1,1,1,True
SO-1SHERIFF_1SHERSUPV,1,2,2,True
SO-1SHERIFF_SUPERVISOR,1,1,1,True
SO-2SHERIFF,1,1,1,True
SO-2SHERIFF_1SHERSUPV,1,2,2,True
STANDBYF,0,12,8,False
STANDBYF_FFXCITY,0,8,6,False
STILALRM,0,23,11,False
STILALRM_COND2,0,5,3,False
STILALRM_COND2_TANKER,0,6,4,False
STILALRM_COND3,0,4,2,False
STILALRM_COND3_TANKER,0,5,3,False
STILALRM_TANKER,0,24,12,False
TESTF,0,4,4,False
TRAINF,0,56,35,False
TRAINF_RURAL,0,57,36,False
WIRES_COND1,0,4,1,False
WMDINF_COND1/2,0,7,6,False
WMDINF_COND3,0,6,5,False
