unit_id,unit_type,agency,dispatch_group,beat,station_id,pair_unit_id,default_attributes,default_m_skill,typical_als_equipment,attribute_source
0-COND2-0,COND,FIRE,F1,400,PSTOC,,,0,,Unknown / not modeled
0-COND3-0,COND,FIRE,F1,400,PSTOC,,,0,,Unknown / not modeled
2ALARM,ADM,FIRE,F1,800,800,,,0,,Unknown / not modeled
3ALARM,ADM,FIRE,F1,800,800,,,0,,Unknown / not modeled
4ALARM,ADM,FIRE,F1,800,800,,,0,,Unknown / not modeled
5ALARM,ADM,FIRE,F1,800,800,,,0,,Unknown / not modeled
6ALARM,ADM,FIRE,F1,800,800,,,0,,Unknown / not modeled
A101,A,FIRE,F1,101,101,,,0,,Unknown / not modeled
A101B,A,FIRE,F1,101,101,,,0,,Unknown / not modeled
A102,A,FIRE,F1,102,102,,,0,,Unknown / not modeled
A103,A,FIRE,F1,103,103,,,0,,Unknown / not modeled
A104,A,FIRE,F1,104,104,,,0,,Unknown / not modeled
A105,A,FIRE,F1,105,105,,,0,,Unknown / not modeled
A106,A,FIRE,F1,106,106,,,0,,Unknown / not modeled
A106B,A,FIRE,F1,106,106,,,0,,Unknown / not modeled
A106E,A,FIRE,F1,106,106,,,0,,Unknown / not modeled
A107,A,FIRE,F1,104,104,,,0,,Unknown / not modeled
A108,A,FIRE,F1,108,108,,,0,,Unknown / not modeled
A109,A,FIRE,F1,109,109,,,0,,Unknown / not modeled
A110,A,FIRE,F1,110,110,,,0,,Unknown / not modeled
A201,A,FIRE,F1,201,201,,,0,,Unknown / not modeled
A202,A,FIRE,F1,202,202,,,0,,Unknown / not modeled
A203,A,FIRE,F1,203,203,,,0,,Unknown / not modeled
A204,A,FIRE,F1,204,204,,,0,,Unknown / not modeled
A205,A,FIRE,F1,209,209,,,0,,Unknown / not modeled
A206,A,FIRE,F1,206,206,,,0,,Unknown / not modeled
A207,A,FIRE,F1,207,207,,,0,,Unknown / not modeled
A208,A,FIRE,F1,208,208,,,0,,Unknown / not modeled
A209,A,FIRE,F1,209,209,,,0,,Unknown / not modeled
A210,A,FIRE,F1,210,210,,,0,,Unknown / not modeled
A301,A,FIRE,F1,301,301,,,0,,Unknown / not modeled
A301B,A,FIRE,F1,301,301,,,0,,Unknown / not modeled
A302,A,FIRE,F1,302,302,,,0,,Unknown / not modeled
A302B,A,FIRE,F1,302,302,,,0,,Unknown / not modeled
A303,A,FIRE,F1,303,303,,,0,,Unknown / not modeled
A304,A,FIRE,F1,304,304,,,0,,Unknown / not modeled
A401,A,FIRE,F1,401,401,,COUNTY; TRANSPORT; AMBULANCE,0,,User-provided Fairfax/City ambulance family rule
A401B,A,FIRE,F1,401,401,,COUNTY; TRANSPORT; AMBULANCE,0,,User-provided Fairfax/City ambulance family rule
A401C,A,FIRE,F1,401,401,,COUNTY; TRANSPORT; AMBULANCE,0,,User-provided Fairfax/City ambulance family rule
A401E,A,FIRE,F1,401,401,,COUNTY; TRANSPORT; AMBULANCE,0,,User-provided Fairfax/City ambulance family rule
A401F,A,FIRE,F1,401,401,,COUNTY; TRANSPORT; AMBULANCE,0,,User-provided Fairfax/City ambulance family rule
A402,A,FIRE,F1,402,402,,COUNTY; TRANSPORT; AMBULANCE,0,,User-provided Fairfax/City ambulance family rule
A402B,A,FIRE,F1,402,402,,COUNTY; TRANSPORT; AMBULANCE,0,,User-provided Fairfax/City ambulance family rule
A402E,A,FIRE,F1,402,402,,COUNTY; TRANSPORT; AMBULANCE,0,,User-provided Fairfax/City ambulance family rule
A403,A,FIRE,F1,403,403,,COUNTY; TRANSPORT; AMBULANCE,0,,User-provided Fairfax/City ambulance family rule
A403B,A,FIRE,F1,403,403,,COUNTY; TRANSPORT; AMBULANCE,0,,User-provided Fairfax/City ambulance family rule
A403E,A,FIRE,F1,403,403,,COUNTY; TRANSPORT; AMBULANCE,0,,User-provided Fairfax/City ambulance family rule
A404,A,FIRE,F1,404,404,,COUNTY; TRANSPORT; AMBULANCE,0,,User-provided Fairfax/City ambulance family rule
A404B,A,FIRE,F1,404,404,,COUNTY; TRANSPORT; AMBULANCE,0,,User-provided Fairfax/City ambulance family rule
A404E,A,FIRE,F1,404,404,,COUNTY; TRANSPORT; AMBULANCE,0,,User-provided Fairfax/City ambulance family rule
A405,A,FIRE,F1,405,405,,COUNTY; TRANSPORT; AMBULANCE,0,,User-provided Fairfax/City ambulance family rule
A405B,A,FIRE,F1,405,405,,COUNTY; TRANSPORT; AMBULANCE,0,,User-provided Fairfax/City ambulance family rule
A405E,A,FIRE,F1,405,405,,COUNTY; TRANSPORT; AMBULANCE,0,,User-provided Fairfax/City ambulance family rule
A407,A,FIRE,F1,407,407,,COUNTY; TRANSPORT; AMBULANCE,0,,User-provided Fairfax/City ambulance family rule
A407B,A,FIRE,F1,407,407,,COUNTY; TRANSPORT; AMBULANCE,0,,User-provided Fairfax/City ambulance family rule
A407E,A,FIRE,F1,407,407,,COUNTY; TRANSPORT; AMBULANCE,0,,User-provided Fairfax/City ambulance family rule
A408,A,FIRE,F1,408,408,,COUNTY; TRANSPORT; AMBULANCE,0,,User-provided Fairfax/City ambulance family rule
A408B,A,FIRE,F1,408,408,,COUNTY; TRANSPORT; AMBULANCE,0,,User-provided Fairfax/City ambulance family rule
A408E,A,FIRE,F1,408,408,,COUNTY; TRANSPORT; AMBULANCE,0,,User-provided Fairfax/City ambulance family rule
A409,A,FIRE,F1,409,409,,COUNTY; TRANSPORT; AMBULANCE,0,,User-provided Fairfax/City ambulance family rule
A409B,A,FIRE,F1,409,409,,COUNTY; TRANSPORT; AMBULANCE,0,,User-provided Fairfax/City ambulance family rule
A409E,A,FIRE,F1,409,409,,COUNTY; TRANSPORT; AMBULANCE,0,,User-provided Fairfax/City ambulance family rule
A410,A,FIRE,F1,410,410,,COUNTY; TRANSPORT; AMBULANCE,0,,User-provided Fairfax/City ambulance family rule
A410B,A,FIRE,F1,410,410,,COUNTY; TRANSPORT; AMBULANCE,0,,User-provided Fairfax/City ambulance family rule
A410E,A,FIRE,F1,410,410,,COUNTY; TRANSPORT; AMBULANCE,0,,User-provided Fairfax/City ambulance family rule
A411,A,FIRE,F1,411,411,,COUNTY; TRANSPORT; AMBULANCE,0,,User-provided Fairfax/City ambulance family rule
A411B,A,FIRE,F1,411,411,,COUNTY; TRANSPORT; AMBULANCE,0,,User-provided Fairfax/City ambulance family rule
A411E,A,FIRE,F1,411,411,,COUNTY; TRANSPORT; AMBULANCE,0,,User-provided Fairfax/City ambulance family rule
A412,A,FIRE,F1,412,412,,COUNTY; TRANSPORT; AMBULANCE,0,,User-provided Fairfax/City ambulance family rule
A412B,A,FIRE,F1,412,412,,COUNTY; TRANSPORT; AMBULANCE,0,,User-provided Fairfax/City ambulance family rule
A412E,A,FIRE,F1,412,412,,COUNTY; TRANSPORT; AMBULANCE,0,,User-provided Fairfax/City ambulance family rule
A413,A,FIRE,F1,413,413,,COUNTY; TRANSPORT; AMBULANCE,0,,User-provided Fairfax/City ambulance family rule
A413B,A,FIRE,F1,413,413,,COUNTY; TRANSPORT; AMBULANCE,0,,User-provided Fairfax/City ambulance family rule
A413E,A,FIRE,F1,413,413,,COUNTY; TRANSPORT; AMBULANCE,0,,User-provided Fairfax/City ambulance family rule
A414,A,FIRE,F1,414,414,,COUNTY; TRANSPORT; AMBULANCE,0,,User-provided Fairfax/City ambulance family rule
A414B,A,FIRE,F1,414,414,,COUNTY; TRANSPORT; AMBULANCE,0,,User-provided Fairfax/City ambulance family rule
A414E,A,FIRE,F1,414,414,,COUNTY; TRANSPORT; AMBULANCE,0,,User-provided Fairfax/City ambulance family rule
A414F,A,FIRE,F1,414,414,,COUNTY; TRANSPORT; AMBULANCE,0,,User-provided Fairfax/City ambulance family rule
A415,A,FIRE,F1,415,415,,COUNTY; TRANSPORT; AMBULANCE,0,,User-provided Fairfax/City ambulance family rule
A415B,A,FIRE,F1,415,415,,COUNTY; TRANSPORT; AMBULANCE,0,,User-provided Fairfax/City ambulance family rule
A415E,A,FIRE,F1,415,415,,COUNTY; TRANSPORT; AMBULANCE,0,,User-provided Fairfax/City ambulance family rule
A416,A,FIRE,F1,416,416,,COUNTY; TRANSPORT; AMBULANCE,0,,User-provided Fairfax/City ambulance family rule
A416B,A,FIRE,F1,416,416,,COUNTY; TRANSPORT; AMBULANCE,0,,User-provided Fairfax/City ambulance family rule
A416E,A,FIRE,F1,416,416,,COUNTY; TRANSPORT; AMBULANCE,0,,User-provided Fairfax/City ambulance family rule
A417,A,FIRE,F1,417,417,,COUNTY; TRANSPORT; AMBULANCE,0,,User-provided Fairfax/City ambulance family rule
A417B,A,FIRE,F1,417,417,,COUNTY; TRANSPORT; AMBULANCE,0,,User-provided Fairfax/City ambulance family rule
A417E,A,FIRE,F1,417,417,,COUNTY; TRANSPORT; AMBULANCE,0,,User-provided Fairfax/City ambulance family rule
A418,A,FIRE,F1,418,418,,COUNTY; TRANSPORT; AMBULANCE,0,,User-provided Fairfax/City ambulance family rule
A418B,A,FIRE,F1,418,418,,COUNTY; TRANSPORT; AMBULANCE,0,,User-provided Fairfax/City ambulance family rule
A418E,A,FIRE,F1,418,418,,COUNTY; TRANSPORT; AMBULANCE,0,,User-provided Fairfax/City ambulance family rule
A419,A,FIRE,F1,419,419,,COUNTY; TRANSPORT; AMBULANCE,0,,User-provided Fairfax/City ambulance family rule
A419B,A,FIRE,F1,419,419,,COUNTY; TRANSPORT; AMBULANCE,0,,User-provided Fairfax/City ambulance family rule
A419E,A,FIRE,F1,419,419,,COUNTY; TRANSPORT; AMBULANCE,0,,User-provided Fairfax/City ambulance family rule
A420,A,FIRE,F1,420,420,,COUNTY; TRANSPORT; AMBULANCE,0,,User-provided Fairfax/City ambulance family rule
A420B,A,FIRE,F1,420,420,,COUNTY; TRANSPORT; AMBULANCE,0,,User-provided Fairfax/City ambulance family rule
A420E,A,FIRE,F1,420,420,,COUNTY; TRANSPORT; AMBULANCE,0,,User-provided Fairfax/City ambulance family rule
A421,A,FIRE,F1,421,421,,COUNTY; TRANSPORT; AMBULANCE,0,,User-provided Fairfax/City ambulance family rule
A421B,A,FIRE,F1,421,421,,COUNTY; TRANSPORT; AMBULANCE,0,,User-provided Fairfax/City ambulance family rule
A421E,A,FIRE,F1,421,421,,COUNTY; TRANSPORT; AMBULANCE,0,,User-provided Fairfax/City ambulance family rule
A422,A,FIRE,F1,422,422,,COUNTY; TRANSPORT; AMBULANCE,0,,User-provided Fairfax/City ambulance family rule
A422B,A,FIRE,F1,422,422,,COUNTY; TRANSPORT; AMBULANCE,0,,User-provided Fairfax/City ambulance family rule
A422E,A,FIRE,F1,422,422,,COUNTY; TRANSPORT; AMBULANCE,0,,User-provided Fairfax/City ambulance family rule
A422F,A,FIRE,F1,422,422,,COUNTY; TRANSPORT; AMBULANCE,0,,User-provided Fairfax/City ambulance family rule
A423,A,FIRE,F1,423,423,,COUNTY; TRANSPORT; AMBULANCE,0,,User-provided Fairfax/City ambulance family rule
A423B,A,FIRE,F1,423,423,,COUNTY; TRANSPORT; AMBULANCE,0,,User-provided Fairfax/City ambulance family rule
A423E,A,FIRE,F1,423,423,,COUNTY; TRANSPORT; AMBULANCE,0,,User-provided Fairfax/City ambulance family rule
A424,A,FIRE,F1,424,424,,COUNTY; TRANSPORT; AMBULANCE,0,,User-provided Fairfax/City ambulance family rule
A424B,A,FIRE,F1,424,424,,COUNTY; TRANSPORT; AMBULANCE,0,,User-provided Fairfax/City ambulance family rule
A424E,A,FIRE,F1,424,424,,COUNTY; TRANSPORT; AMBULANCE,0,,User-provided Fairfax/City ambulance family rule
A425,A,FIRE,F1,425,425,,COUNTY; TRANSPORT; AMBULANCE,0,,User-provided Fairfax/City ambulance family rule
A425B,A,FIRE,F1,425,425,,COUNTY; TRANSPORT; AMBULANCE,0,,User-provided Fairfax/City ambulance family rule
A425E,A,FIRE,F1,425,425,,COUNTY; TRANSPORT; AMBULANCE,0,,User-provided Fairfax/City ambulance family rule
A426,A,FIRE,F1,426,426,,COUNTY; TRANSPORT; AMBULANCE,0,,User-provided Fairfax/City ambulance family rule
A426B,A,FIRE,F1,426,426,,COUNTY; TRANSPORT; AMBULANCE,0,,User-provided Fairfax/City ambulance family rule
A426E,A,FIRE,F1,426,426,,COUNTY; TRANSPORT; AMBULANCE,0,,User-provided Fairfax/City ambulance family rule
A427,A,FIRE,F1,427,427,,COUNTY; TRANSPORT; AMBULANCE,0,,User-provided Fairfax/City ambulance family rule
A427B,A,FIRE,F1,427,427,,COUNTY; TRANSPORT; AMBULANCE,0,,User-provided Fairfax/City ambulance family rule
A427E,A,FIRE,F1,427,427,,COUNTY; TRANSPORT; AMBULANCE,0,,User-provided Fairfax/City ambulance family rule
A428,A,FIRE,F1,428,428,,COUNTY; TRANSPORT; AMBULANCE,0,,User-provided Fairfax/City ambulance family rule
A428B,A,FIRE,F1,428,428,,COUNTY; TRANSPORT; AMBULANCE,0,,User-provided Fairfax/City ambulance family rule
A428E,A,FIRE,F1,428,428,,COUNTY; TRANSPORT; AMBULANCE,0,,User-provided Fairfax/City ambulance family rule
A429,A,FIRE,F1,429,429,,COUNTY; TRANSPORT; AMBULANCE,0,,User-provided Fairfax/City ambulance family rule
A429B,A,FIRE,F1,429,429,,COUNTY; TRANSPORT; AMBULANCE,0,,User-provided Fairfax/City ambulance family rule
A429E,A,FIRE,F1,429,429,,COUNTY; TRANSPORT; AMBULANCE,0,,User-provided Fairfax/City ambulance family rule
A430,A,FIRE,F1,430,430,,COUNTY; TRANSPORT; AMBULANCE,0,,User-provided Fairfax/City ambulance family rule
A430B,A,FIRE,F1,430,430,,COUNTY; TRANSPORT; AMBULANCE,0,,User-provided Fairfax/City ambulance family rule
A430E,A,FIRE,F1,430,430,,COUNTY; TRANSPORT; AMBULANCE,0,,User-provided Fairfax/City ambulance family rule
A431,A,FIRE,F1,431,431,,COUNTY; TRANSPORT; AMBULANCE,0,,User-provided Fairfax/City ambulance family rule
A431B,A,FIRE,F1,431,431,,COUNTY; TRANSPORT; AMBULANCE,0,,User-provided Fairfax/City ambulance family rule
A431E,A,FIRE,F1,431,431,,COUNTY; TRANSPORT; AMBULANCE,0,,User-provided Fairfax/City ambulance family rule
A432,A,FIRE,F1,432,432,,COUNTY; TRANSPORT; AMBULANCE,0,,User-provided Fairfax/City ambulance family rule
A432B,A,FIRE,F1,432,432,,COUNTY; TRANSPORT; AMBULANCE,0,,User-provided Fairfax/City ambulance family rule
A432E,A,FIRE,F1,432,432,,COUNTY; TRANSPORT; AMBULANCE,0,,User-provided Fairfax/City ambulance family rule
A433,A,FIRE,F1,433,433,,COUNTY; TRANSPORT; AMBULANCE,0,,User-provided Fairfax/City ambulance family rule
A433B,A,FIRE,F1,433,433,,COUNTY; TRANSPORT; AMBULANCE,0,,User-provided Fairfax/City ambulance family rule
A433E,A,FIRE,F1,433,433,,COUNTY; TRANSPORT; AMBULANCE,0,,User-provided Fairfax/City ambulance family rule
A434,A,FIRE,F1,434,434,,COUNTY; TRANSPORT; AMBULANCE,0,,User-provided Fairfax/City ambulance family rule
A434B,A,FIRE,F1,434,434,,COUNTY; TRANSPORT; AMBULANCE,0,,User-provided Fairfax/City ambulance family rule
A434E,A,FIRE,F1,434,434,,COUNTY; TRANSPORT; AMBULANCE,0,,User-provided Fairfax/City ambulance family rule
A435,A,FIRE,F1,435,435,,COUNTY; TRANSPORT; AMBULANCE,0,,User-provided Fairfax/City ambulance family rule
A435B,A,FIRE,F1,435,435,,COUNTY; TRANSPORT; AMBULANCE,0,,User-provided Fairfax/City ambulance family rule
A435E,A,FIRE,F1,435,435,,COUNTY; TRANSPORT; AMBULANCE,0,,User-provided Fairfax/City ambulance family rule
A436,A,FIRE,F1,436,436,,COUNTY; TRANSPORT; AMBULANCE,0,,User-provided Fairfax/City ambulance family rule
A436B,A,FIRE,F1,436,436,,COUNTY; TRANSPORT; AMBULANCE,0,,User-provided Fairfax/City ambulance family rule
A436E,A,FIRE,F1,436,436,,COUNTY; TRANSPORT; AMBULANCE,0,,User-provided Fairfax/City ambulance family rule
A437,A,FIRE,F1,437,437,,COUNTY; TRANSPORT; AMBULANCE,0,,User-provided Fairfax/City ambulance family rule
A437B,A,FIRE,F1,437,437,,COUNTY; TRANSPORT; AMBULANCE,0,,User-provided Fairfax/City ambulance family rule
A437E,A,FIRE,F1,437,437,,COUNTY; TRANSPORT; AMBULANCE,0,,User-provided Fairfax/City ambulance family rule
A438,A,FIRE,F1,438,438,,COUNTY; TRANSPORT; AMBULANCE,0,,User-provided Fairfax/City ambulance family rule
A438B,A,FIRE,F1,438,438,,COUNTY; TRANSPORT; AMBULANCE,0,,User-provided Fairfax/City ambulance family rule
A438E,A,FIRE,F1,438,438,,COUNTY; TRANSPORT; AMBULANCE,0,,User-provided Fairfax/City ambulance family rule
A439,A,FIRE,F1,439,439,,COUNTY; TRANSPORT; AMBULANCE,0,,User-provided Fairfax/City ambulance family rule
A439B,A,FIRE,F1,439,439,,COUNTY; TRANSPORT; AMBULANCE,0,,User-provided Fairfax/City ambulance family rule
A439E,A,FIRE,F1,439,439,,COUNTY; TRANSPORT; AMBULANCE,0,,User-provided Fairfax/City ambulance family rule
A440,A,FIRE,F1,440,440,,COUNTY; TRANSPORT; AMBULANCE,0,,User-provided Fairfax/City ambulance family rule
A440B,A,FIRE,F1,440,440,,COUNTY; TRANSPORT; AMBULANCE,0,,User-provided Fairfax/City ambulance family rule
A440E,A,FIRE,F1,440,440,,COUNTY; TRANSPORT; AMBULANCE,0,,User-provided Fairfax/City ambulance family rule
A441,A,FIRE,F1,441,441,,COUNTY; TRANSPORT; AMBULANCE,0,,User-provided Fairfax/City ambulance family rule
A441B,A,FIRE,F1,441,441,,COUNTY; TRANSPORT; AMBULANCE,0,,User-provided Fairfax/City ambulance family rule
A441E,A,FIRE,F1,441,441,,COUNTY; TRANSPORT; AMBULANCE,0,,User-provided Fairfax/City ambulance family rule
A442,A,FIRE,F1,442,442,,COUNTY; TRANSPORT; AMBULANCE,0,,User-provided Fairfax/City ambulance family rule
A442B,A,FIRE,F1,442,442,,COUNTY; TRANSPORT; AMBULANCE,0,,User-provided Fairfax/City ambulance family rule
A442E,A,FIRE,F1,442,442,,COUNTY; TRANSPORT; AMBULANCE,0,,User-provided Fairfax/City ambulance family rule
A444,A,FIRE,F1,444,444,,COUNTY; TRANSPORT; AMBULANCE,0,,User-provided Fairfax/City ambulance family rule
A444B,A,FIRE,F1,444,444,,COUNTY; TRANSPORT; AMBULANCE,0,,User-provided Fairfax/City ambulance family rule
A444E,A,FIRE,F1,444,444,,COUNTY; TRANSPORT; AMBULANCE,0,,User-provided Fairfax/City ambulance family rule
A463,ANR,FIRE,F1,467,467,,,0,,Unknown / not modeled
A463E,ANR,FIRE,F1,463,463,,,0,,Unknown / not modeled
A465,ANR,FIRE,F1,467,467,,,0,,Unknown / not modeled
A465E,ANR,FIRE,F1,467,467,,,0,,Unknown / not modeled
A491,TRNGA,FIRE,F1,445,445,,,0,,Unknown / not modeled
A501,A,FIRE,F1,501,501,,,0,,Unknown / not modeled
A501B,A,FIRE,F1,501,501,,,0,,Unknown / not modeled
A501C,A,FIRE,F1,501,501,,,0,,Unknown / not modeled
A501D,A,FIRE,F1,501,501,,,0,,Unknown / not modeled
A502,A,FIRE,F1,502,502,,,0,,Unknown / not modeled
A502B,A,FIRE,F1,502,502,,,0,,Unknown / not modeled
A502BF,A,FIRE,F1,502,502,,,0,,Unknown / not modeled
A502C,A,FIRE,F1,502,502,,,0,,Unknown / not modeled
A502F,A,FIRE,F1,502,502,,,0,,Unknown / not modeled
A503,A,FIRE,F1,503,503,,,0,,Unknown / not modeled
A503B,A,FIRE,F1,503,503,,,0,,Unknown / not modeled
A503BF,A,FIRE,F1,503,503,,,0,,Unknown / not modeled
A503C,A,FIRE,F1,503,503,,,0,,Unknown / not modeled
A503F,A,FIRE,F1,503,503,,,0,,Unknown / not modeled
A504,A,FIRE,F1,504,504,,,0,,Unknown / not modeled
A504B,A,FIRE,F1,504,504,,,0,,Unknown / not modeled
A504F,A,FIRE,F1,504,504,,,0,,Unknown / not modeled
A505,A,FIRE,F1,505,505,,,0,,Unknown / not modeled
A505B,A,FIRE,F1,505,505,,,0,,Unknown / not modeled
A505BF,A,FIRE,F1,505,505,,,0,,Unknown / not modeled
A505F,A,FIRE,F1,505,505,,,0,,Unknown / not modeled
A506,A,FIRE,F1,506,506,,,0,,Unknown / not modeled
A506B,A,FIRE,F1,506,506,,,0,,Unknown / not modeled
A507,A,FIRE,F1,507,507,,,0,,Unknown / not modeled
A507B,A,FIRE,F1,507,507,,,0,,Unknown / not modeled
A507BF,A,FIRE,F1,507,507,,,0,,Unknown / not modeled
A507C,A,FIRE,F1,507,507,,,0,,Unknown / not modeled
A507D,A,FIRE,F1,507,507,,,0,,Unknown / not modeled
A507F,A,FIRE,F1,507,507,,,0,,Unknown / not modeled
A508,A,FIRE,F1,508,508,,,0,,Unknown / not modeled
A508B,A,FIRE,F1,508,508,,,0,,Unknown / not modeled
A508BF,A,FIRE,F1,508,508,,,0,,Unknown / not modeled
A508F,A,FIRE,F1,508,508,,,0,,Unknown / not modeled
A509,A,FIRE,F1,509,509,,,0,,Unknown / not modeled
A509B,A,FIRE,F1,509,509,,,0,,Unknown / not modeled
A509C,A,FIRE,F1,509,509,,,0,,Unknown / not modeled
A510,A,FIRE,F1,510,510,,,0,,Unknown / not modeled
A510B,A,FIRE,F1,510,510,,,0,,Unknown / not modeled
A510BF,A,FIRE,F1,510,510,,,0,,Unknown / not modeled
A510F,A,FIRE,F1,510,510,,,0,,Unknown / not modeled
A511,A,FIRE,F1,511,511,,,0,,Unknown / not modeled
A511B,A,FIRE,F1,511,511,,,0,,Unknown / not modeled
A511BF,A,FIRE,F1,511,511,,,0,,Unknown / not modeled
A511F,A,FIRE,F1,511,511,,,0,,Unknown / not modeled
A512,A,FIRE,F1,512,512,,,0,,Unknown / not modeled
A512B,A,FIRE,F1,512,512,,,0,,Unknown / not modeled
A512BF,A,FIRE,F1,512,512,,,0,,Unknown / not modeled
A512C,A,FIRE,F1,512,512,,,0,,Unknown / not modeled
A512F,A,FIRE,F1,512,512,,,0,,Unknown / not modeled
A513,A,FIRE,F1,513,513,,,0,,Unknown / not modeled
A513B,A,FIRE,F1,513,513,,,0,,Unknown / not modeled
A513BF,A,FIRE,F1,513,513,,,0,,Unknown / not modeled
A513C,A,FIRE,F1,513,513,,,0,,Unknown / not modeled
A513F,A,FIRE,F1,513,513,,,0,,Unknown / not modeled
A514,A,FIRE,F1,514,514,,,0,,Unknown / not modeled
A514B,A,FIRE,F1,514,514,,,0,,Unknown / not modeled
A514BF,A,FIRE,F1,514,514,,,0,,Unknown / not modeled
A514C,A,FIRE,F1,514,514,,,0,,Unknown / not modeled
A514F,A,FIRE,F1,514,514,,,0,,Unknown / not modeled
A515,A,FIRE,F1,515,515,,,0,,Unknown / not modeled
A515B,A,FIRE,F1,515,515,,,0,,Unknown / not modeled
A516,A,FIRE,F1,516,516,,,0,,Unknown / not modeled
A516B,A,FIRE,F1,516,516,,,0,,Unknown / not modeled
A516BF,A,FIRE,F1,516,516,,,0,,Unknown / not modeled
A516F,A,FIRE,F1,516,516,,,0,,Unknown / not modeled
A517,A,FIRE,F1,517,517,,,0,,Unknown / not modeled
A517B,A,FIRE,F1,517,517,,,0,,Unknown / not modeled
A517BF,A,FIRE,F1,517,517,,,0,,Unknown / not modeled
A517C,A,FIRE,F1,517,517,,,0,,Unknown / not modeled
A517F,A,FIRE,F1,517,517,,,0,,Unknown / not modeled
A518,A,FIRE,F1,518,518,,,0,,Unknown / not modeled
A518B,A,FIRE,F1,518,518,,,0,,Unknown / not modeled
A518BF,A,FIRE,F1,518,518,,,0,,Unknown / not modeled
A518F,A,FIRE,F1,518,518,,,0,,Unknown / not modeled
A519,A,FIRE,F1,519,519,,,0,,Unknown / not modeled
A519B,A,FIRE,F1,519,519,,,0,,Unknown / not modeled
A520,A,FIRE,F1,520,520,,,0,,Unknown / not modeled
A520B,A,FIRE,F1,520,520,,,0,,Unknown / not modeled
A520BF,A,FIRE,F1,520,520,,,0,,Unknown / not modeled
A520F,A,FIRE,F1,520,520,,,0,,Unknown / not modeled
A521,A,FIRE,F1,521,521,,,0,,Unknown / not modeled
A521B,A,FIRE,F1,521,521,,,0,,Unknown / not modeled
A521C,A,FIRE,F1,521,521,,,0,,Unknown / not modeled
A521D,A,FIRE,F1,521,521,,,0,,Unknown / not modeled
A523,A,FIRE,F1,524,523,,,0,,Unknown / not modeled
A523B,A,FIRE,F1,524,523,,,0,,Unknown / not modeled
A523BF,A,FIRE,F1,524,523,,,0,,Unknown / not modeled
A523C,A,FIRE,F1,524,523,,,0,,Unknown / not modeled
A523F,A,FIRE,F1,524,523,,,0,,Unknown / not modeled
A524,A,FIRE,F1,524,524,,,0,,Unknown / not modeled
A524B,A,FIRE,F1,524,524,,,0,,Unknown / not modeled
A525,A,FIRE,F1,525,525,,,0,,Unknown / not modeled
A525B,A,FIRE,F1,525,525,,,0,,Unknown / not modeled
A525BF,A,FIRE,F1,525,525,,,0,,Unknown / not modeled
A525C,A,FIRE,F1,525,525,,,0,,Unknown / not modeled
A525F,A,FIRE,F1,525,525,,,0,,Unknown / not modeled
A526,A,FIRE,F1,526,526,,,0,,Unknown / not modeled
A526B,A,FIRE,F1,526,526,,,0,,Unknown / not modeled
A603,A,FIRE,F1,603,603,,,0,,Unknown / not modeled
A603B,A,FIRE,F1,603,603,,,0,,Unknown / not modeled
A604,A,FIRE,F1,604,604,,,0,,Unknown / not modeled
A604B,A,FIRE,F1,604,604,,,0,,Unknown / not modeled
A606,A,FIRE,F1,606,606,,,0,,Unknown / not modeled
A606B,A,FIRE,F1,606,606,,,0,,Unknown / not modeled
A606C,A,FIRE,F1,606,606,,,0,,Unknown / not modeled
A607,A,FIRE,F1,607,607,,,0,,Unknown / not modeled
A607B,A,FIRE,F1,607,607,,,0,,Unknown / not modeled
A608,A,FIRE,F1,608,608,,,0,,Unknown / not modeled
A608B,A,FIRE,F1,608,608,,,0,,Unknown / not modeled
A609,A,FIRE,F1,609,609,,,0,,Unknown / not modeled
A609B,A,FIRE,F1,609,609,,,0,,Unknown / not modeled
A609C,A,FIRE,F1,609,609,,,0,,Unknown / not modeled
A610,A,FIRE,F1,610,610,,,0,,Unknown / not modeled
A611,A,FIRE,F1,611,611,,,0,,Unknown / not modeled
A612,A,FIRE,F1,612,612,,,0,,Unknown / not modeled
A612B,A,FIRE,F1,612,612,,,0,,Unknown / not modeled
A613,A,FIRE,F1,613,613,,,0,,Unknown / not modeled
A613B,A,FIRE,F1,613,613,,,0,,Unknown / not modeled
A613C,A,FIRE,F1,613,613,,,0,,Unknown / not modeled
A613D,A,FIRE,F1,613,613,,,0,,Unknown / not modeled
A613E,A,FIRE,F1,613,613,,,0,,Unknown / not modeled
A613EE,A,FIRE,F1,613,613,,,0,,Unknown / not modeled
A613F,A,FIRE,F1,613,613,,,0,,Unknown / not modeled
A613G,A,FIRE,F1,613,613,,,0,,Unknown / not modeled
A613H,A,FIRE,F1,613,613,,,0,,Unknown / not modeled
A614,A,FIRE,F1,614,614,,,0,,Unknown / not modeled
A614B,A,FIRE,F1,614,614,,,0,,Unknown / not modeled
A614C,A,FIRE,F1,614,614,,,0,,Unknown / not modeled
A615,A,FIRE,F1,615,615,,,0,,Unknown / not modeled
A615B,A,FIRE,F1,615,615,,,0,,Unknown / not modeled
A615C,A,FIRE,F1,615,615,,,0,,Unknown / not modeled
A616,A,FIRE,F1,616,616,,,0,,Unknown / not modeled
A617,A,FIRE,F1,617,617,,,0,,Unknown / not modeled
A617B,A,FIRE,F1,617,617,,,0,,Unknown / not modeled
A617C,A,FIRE,F1,617,617,,,0,,Unknown / not modeled
A619,A,FIRE,F1,619,619,,,0,,Unknown / not modeled
A619B,A,FIRE,F1,619,619,,,0,,Unknown / not modeled
A621,A,FIRE,F1,621,621,,,0,,Unknown / not modeled
A621B,A,FIRE,F1,621,621,,,0,,Unknown / not modeled
A622,A,FIRE,F1,622,622,,,0,,Unknown / not modeled
A622B,A,FIRE,F1,622,622,,,0,,Unknown / not modeled
A623,A,FIRE,F1,623,623,,,0,,Unknown / not modeled
A623B,A,FIRE,F1,623,623,,,0,,Unknown / not modeled
A625,A,FIRE,F1,625,625,,,0,,Unknown / not modeled
A625B,A,FIRE,F1,625,625,,,0,,Unknown / not modeled
A625C,A,FIRE,F1,625,625,,,0,,Unknown / not modeled
A626,A,FIRE,F1,626,626,,,0,,Unknown / not modeled
A626B,A,FIRE,F1,626,626,,,0,,Unknown / not modeled
A627,A,FIRE,F1,627,627,,,0,,Unknown / not modeled
A627B,A,FIRE,F1,627,627,,,0,,Unknown / not modeled
A635,A,FIRE,F1,635,635,,,0,,Unknown / not modeled
A635B,A,FIRE,F1,635,635,,,0,,Unknown / not modeled
A635C,A,FIRE,F1,635,635,,,0,,Unknown / not modeled
A680,A,FIRE,F1,600,600,,,0,,Unknown / not modeled
A681,A,FIRE,F1,600,600,,,0,,Unknown / not modeled
A682,A,FIRE,F1,600,600,,,0,,Unknown / not modeled
A690,A,FIRE,F1,600,600,,,0,,Unknown / not modeled
A699,A,FIRE,F1,600,600,,,0,,Unknown / not modeled
A701,A,FIRE,F1,701,701,,,0,,Unknown / not modeled
A701B,A,FIRE,F1,701,701,,,0,,Unknown / not modeled
A701C,A,FIRE,F1,701,701,,,0,,Unknown / not modeled
A702,A,FIRE,F1,702,702,,,0,,Unknown / not modeled
A702B,A,FIRE,F1,702,702,,,0,,Unknown / not modeled
A703,A,FIRE,F1,703,703,,,0,,Unknown / not modeled
A703B,A,FIRE,F1,703,703,,,0,,Unknown / not modeled
A703C,A,FIRE,F1,703,703,,,0,,Unknown / not modeled
A703D,A,FIRE,F1,703,703,,,0,,Unknown / not modeled
A703E,A,FIRE,F1,703,703,,,0,,Unknown / not modeled
A704,A,FIRE,F1,704,704,,,0,,Unknown / not modeled
A705,A,FIRE,F1,705,705,,,0,,Unknown / not modeled
A705B,A,FIRE,F1,705,705,,,0,,Unknown / not modeled
A706,A,FIRE,F1,706,706,,,0,,Unknown / not modeled
A707,A,FIRE,F1,707,707,,,0,,Unknown / not modeled
A708,A,FIRE,F1,708,708,,,0,,Unknown / not modeled
A708B,A,FIRE,F1,708,708,,,0,,Unknown / not modeled
A708C,A,FIRE,F1,708,708,,,0,,Unknown / not modeled
A708D,A,FIRE,F1,708,708,,,0,,Unknown / not modeled
A709,A,FIRE,F1,709,709,,,0,,Unknown / not modeled
A710,A,FIRE,F1,710,710,,,0,,Unknown / not modeled
A711,A,FIRE,F1,711,711,,,0,,Unknown / not modeled
A711B,A,FIRE,F1,711,711,,,0,,Unknown / not modeled
A712,A,FIRE,F1,712,712,,,0,,Unknown / not modeled
A712B,A,FIRE,F1,712,712,,,0,,Unknown / not modeled
A713,A,FIRE,F1,713,713,,,0,,Unknown / not modeled
A714,A,FIRE,F1,714,714,,,0,,Unknown / not modeled
A715,A,FIRE,F1,715,715,,,0,,Unknown / not modeled
A715B,A,FIRE,F1,715,715,,,0,,Unknown / not modeled
A716,A,FIRE,F1,716,716,,,0,,Unknown / not modeled
A717,A,FIRE,F1,717,717,,,0,,Unknown / not modeled
A719,A,FIRE,F1,719,719,,,0,,Unknown / not modeled
A721,A,FIRE,F1,721,721,,,0,,Unknown / not modeled
A722,A,FIRE,F1,722,722,,,0,,Unknown / not modeled
A723,A,FIRE,F1,723,723,,,0,,Unknown / not modeled
A723B,A,FIRE,F1,723,723,,,0,,Unknown / not modeled
A724,A,FIRE,F1,724,724,,,0,,Unknown / not modeled
A725,A,FIRE,F1,725,725,,,0,,Unknown / not modeled
A725B,A,FIRE,F1,725,725,,,0,,Unknown / not modeled
A725C,A,FIRE,F1,725,725,,,0,,Unknown / not modeled
A726,A,FIRE,F1,726,726,,,0,,Unknown / not modeled
A728,A,FIRE,F1,728,728,,,0,,Unknown / not modeled
A729,A,FIRE,F1,729,729,,,0,,Unknown / not modeled
A729B,A,FIRE,F1,729,729,,,0,,Unknown / not modeled
A730,A,FIRE,F1,730,730,,,0,,Unknown / not modeled
A731,A,FIRE,F1,731,731,,,0,,Unknown / not modeled
A732,A,FIRE,F1,732,732,,,0,,Unknown / not modeled
A733,A,FIRE,F1,733,733,,,0,,Unknown / not modeled
A734,A,FIRE,F1,734,734,,,0,,Unknown / not modeled
A735,A,FIRE,F1,735,735,,,0,,Unknown / not modeled
A740,A,FIRE,F1,740,740,,,0,,Unknown / not modeled
A741,A,FIRE,F1,741,741,,,0,,Unknown / not modeled
A741B,A,FIRE,F1,741,741,,,0,,Unknown / not modeled
A741C,A,FIRE,F1,741,741,,,0,,Unknown / not modeled
A741D,A,FIRE,F1,741,741,,,0,,Unknown / not modeled
A741E,A,FIRE,F1,741,741,,,0,,Unknown / not modeled
A741F,A,FIRE,F1,741,741,,,0,,Unknown / not modeled
A742,A,FIRE,F1,742,742,,,0,,Unknown / not modeled
A742B,A,FIRE,F1,742,742,,,0,,Unknown / not modeled
A742C,A,FIRE,F1,742,742,,,0,,Unknown / not modeled
A742D,A,FIRE,F1,742,742,,,0,,Unknown / not modeled
A742E,A,FIRE,F1,742,742,,,0,,Unknown / not modeled
A742F,A,FIRE,F1,742,742,,,0,,Unknown / not modeled
A750,A,FIRE,F1,750,750,,,0,,Unknown / not modeled
A751,A,FIRE,F1,751,751,,,0,,Unknown / not modeled
A753,A,FIRE,F1,753,753,,,0,,Unknown / not modeled
A754,A,FIRE,F1,754,754,,,0,,Unknown / not modeled
A771,ANR,FIRE,F1,700,700,,,0,,Unknown / not modeled
A772,ANR,FIRE,F1,700,700,,,0,,Unknown / not modeled
A773,ANR,FIRE,F1,700,700,,,0,,Unknown / not modeled
A774,ANR,FIRE,F1,700,700,,,0,,Unknown / not modeled
A775,ANR,FIRE,F1,700,700,,,0,,Unknown / not modeled
A801,A,FIRE,F1,801,801,,,0,,Unknown / not modeled
A801B,A,FIRE,F1,801,801,,,0,,Unknown / not modeled
A802,A,FIRE,F1,802,802,,,0,,Unknown / not modeled
A805,A,FIRE,F1,805,805,,,0,,Unknown / not modeled
A805B,A,FIRE,F1,805,805,,,0,,Unknown / not modeled
A806,A,FIRE,F1,806,806,,,0,,Unknown / not modeled
A806B,A,FIRE,F1,806,806,,,0,,Unknown / not modeled
A807,A,FIRE,F1,807,807,,,0,,Unknown / not modeled
A807B,A,FIRE,F1,807,807,,,0,,Unknown / not modeled
A808,A,FIRE,F1,808,808,,,0,,Unknown / not modeled
A808B,A,FIRE,F1,808,808,,,0,,Unknown / not modeled
A809,A,FIRE,F1,809,809,,,0,,Unknown / not modeled
A809B,A,FIRE,F1,809,809,,,0,,Unknown / not modeled
A810,A,FIRE,F1,810,810,,,0,,Unknown / not modeled
A810B,A,FIRE,F1,810,810,,,0,,Unknown / not modeled
A810C,A,FIRE,F1,810,810,,,0,,Unknown / not modeled
A811,A,FIRE,F1,811,811,,,0,,Unknown / not modeled
A811B,A,FIRE,F1,811,811,,,0,,Unknown / not modeled
A811C,A,FIRE,F1,811,811,,,0,,Unknown / not modeled
A812,A,FIRE,F1,812,812,,,0,,Unknown / not modeled
A812B,A,FIRE,F1,812,812,,,0,,Unknown / not modeled
A812C,A,FIRE,F1,812,812,,,0,,Unknown / not modeled
A813,A,FIRE,F1,813,813,,,0,,Unknown / not modeled
A813B,A,FIRE,F1,813,813,,,0,,Unknown / not modeled
A814,A,FIRE,F1,814,814,,,0,,Unknown / not modeled
A814B,A,FIRE,F1,814,814,,,0,,Unknown / not modeled
A816,A,FIRE,F1,816,816,,,0,,Unknown / not modeled
A816B,A,FIRE,F1,816,816,,,0,,Unknown / not modeled
A817,A,FIRE,F1,817,817,,,0,,Unknown / not modeled
A817B,A,FIRE,F1,817,817,,,0,,Unknown / not modeled
A818,A,FIRE,F1,818,818,,,0,,Unknown / not modeled
A818B,A,FIRE,F1,818,818,,,0,,Unknown / not modeled
A819,A,FIRE,F1,819,819,,,0,,Unknown / not modeled
A819B,A,FIRE,F1,819,819,,,0,,Unknown / not modeled
A820,A,FIRE,F1,820,820,,,0,,Unknown / not modeled
A820B,A,FIRE,F1,820,820,,,0,,Unknown / not modeled
A821,A,FIRE,F1,821,821,,,0,,Unknown / not modeled
A821B,A,FIRE,F1,821,821,,,0,,Unknown / not modeled
A823,A,FIRE,F1,823,823,,,0,,Unknown / not modeled
A823B,A,FIRE,F1,823,823,,,0,,Unknown / not modeled
A824,A,FIRE,F1,824,824,,,0,,Unknown / not modeled
A824B,A,FIRE,F1,824,824,,,0,,Unknown / not modeled
A825,A,FIRE,F1,825,825,,,0,,Unknown / not modeled
A825B,A,FIRE,F1,825,825,,,0,,Unknown / not modeled
A826,A,FIRE,F1,826,826,,,0,,Unknown / not modeled
A826B,A,FIRE,F1,826,826,,,0,,Unknown / not modeled
A827,A,FIRE,F1,827,827,,,0,,Unknown / not modeled
A827B,A,FIRE,F1,827,827,,,0,,Unknown / not modeled
A828,A,FIRE,F1,828,828,,,0,,Unknown / not modeled
A828B,A,FIRE,F1,828,828,,,0,,Unknown / not modeled
A829,A,FIRE,F1,829,829,,,0,,Unknown / not modeled
A829B,A,FIRE,F1,829,829,,,0,,Unknown / not modeled
A829C,A,FIRE,F1,829,829,,,0,,Unknown / not modeled
A830,A,FIRE,F1,830,830,,,0,,Unknown / not modeled
A830B,A,FIRE,F1,830,830,,,0,,Unknown / not modeled
A831,A,FIRE,F1,831,831,,,0,,Unknown / not modeled
A831B,A,FIRE,F1,831,831,,,0,,Unknown / not modeled
A832,A,FIRE,F1,832,832,,,0,,Unknown / not modeled
A832B,A,FIRE,F1,832,832,,,0,,Unknown / not modeled
A833,A,FIRE,F1,833,833,,,0,,Unknown / not modeled
A833B,A,FIRE,F1,833,833,,,0,,Unknown / not modeled
A834,A,FIRE,F1,834,834,,,0,,Unknown / not modeled
A834B,A,FIRE,F1,834,834,,,0,,Unknown / not modeled
A835,A,FIRE,F1,835,835,,,0,,Unknown / not modeled
A835B,A,FIRE,F1,835,835,,,0,,Unknown / not modeled
A836,A,FIRE,F1,836,836,,,0,,Unknown / not modeled
A836B,A,FIRE,F1,836,836,,,0,,Unknown / not modeled
A837,A,FIRE,F1,837,837,,,0,,Unknown / not modeled
A837B,A,FIRE,F1,837,837,,,0,,Unknown / not modeled
A838,A,FIRE,F1,838,838,,,0,,Unknown / not modeled
A838B,A,FIRE,F1,838,838,,,0,,Unknown / not modeled
A839,A,FIRE,F1,839,839,,,0,,Unknown / not modeled
A839B,A,FIRE,F1,839,839,,,0,,Unknown / not modeled
A840,A,FIRE,F1,840,840,,,0,,Unknown / not modeled
A840B,A,FIRE,F1,840,840,,,0,,Unknown / not modeled
A841,A,FIRE,F1,841,841,,,0,,Unknown / not modeled
A841B,A,FIRE,F1,841,841,,,0,,Unknown / not modeled
A842,A,FIRE,F1,842,842,,,0,,Unknown / not modeled
A842B,A,FIRE,F1,842,842,,,0,,Unknown / not modeled
A843,A,FIRE,F1,843,843,,,0,,Unknown / not modeled
A843B,A,FIRE,F1,843,843,,,0,,Unknown / not modeled
A844,A,FIRE,F1,844,844,,,0,,Unknown / not modeled
A844B,A,FIRE,F1,844,844,,,0,,Unknown / not modeled
A845,A,FIRE,F1,845,845,,,0,,Unknown / not modeled
A845B,A,FIRE,F1,845,845,,,0,,Unknown / not modeled
A846,A,FIRE,F1,846,846,,,0,,Unknown / not modeled
A846B,A,FIRE,F1,846,846,,,0,,Unknown / not modeled
A847,A,FIRE,F1,847,847,,,0,,Unknown / not modeled
A847B,A,FIRE,F1,847,847,,,0,,Unknown / not modeled
A848,A,FIRE,F1,848,848,,,0,,Unknown / not modeled
A848B,A,FIRE,F1,848,848,,,0,,Unknown / not modeled
A848C,A,FIRE,F1,848,848,,,0,,Unknown / not modeled
A849,A,FIRE,F1,849,849,,,0,,Unknown / not modeled
A849B,A,FIRE,F1,849,849,,,0,,Unknown / not modeled
A849C,A,FIRE,F1,849,849,,,0,,Unknown / not modeled
A855,A,FIRE,F1,855,855,,,0,,Unknown / not modeled
A855B,A,FIRE,F1,855,855,,,0,,Unknown / not modeled
A858,A,FIRE,F1,855,855,,,0,,Unknown / not modeled
A899,A,FIRE,F1,800,800,,,0,,Unknown / not modeled
A899B,A,FIRE,F1,800,800,,,0,,Unknown / not modeled
A899C,A,FIRE,F1,800,800,,,0,,Unknown / not modeled
A901,A,FIRE,F1,900,900,,,0,,Unknown / not modeled
A901B,A,FIRE,F1,900,900,,,0,,Unknown / not modeled
A902,A,FIRE,F1,900,900,,,0,,Unknown / not modeled
A902B,A,FIRE,F1,900,900,,,0,,Unknown / not modeled
A903,A,FIRE,F1,900,900,,,0,,Unknown / not modeled
A903B,A,FIRE,F1,900,900,,,0,,Unknown / not modeled
A903C,A,FIRE,F1,900,900,,,0,,Unknown / not modeled
A906,A,FIRE,F1,900,900,,,0,,Unknown / not modeled
A906B,A,FIRE,F1,900,900,,,0,,Unknown / not modeled
A907,A,FIRE,F1,900,900,,,0,,Unknown / not modeled
A907B,A,FIRE,F1,900,900,,,0,,Unknown / not modeled
A908,A,FIRE,F1,900,900,,,0,,Unknown / not modeled
A912,A,FIRE,F1,900,900,,,0,,Unknown / not modeled
A914,A,FIRE,F1,900,900,,,0,,Unknown / not modeled
A914B,A,FIRE,F1,900,900,,,0,,Unknown / not modeled
A915,A,FIRE,F1,900,900,,,0,,Unknown / not modeled
A915B,A,FIRE,F1,900,900,,,0,,Unknown / not modeled
A916,A,FIRE,F1,900,900,,,0,,Unknown / not modeled
A917,A,FIRE,F1,900,900,,,0,,Unknown / not modeled
A919,A,FIRE,F1,900,900,,,0,,Unknown / not modeled
A919B,A,FIRE,F1,900,900,,,0,,Unknown / not modeled
A919C,A,FIRE,F1,900,900,,,0,,Unknown / not modeled
A919D,A,FIRE,F1,900,900,,,0,,Unknown / not modeled
A920,A,FIRE,F1,900,900,,,0,,Unknown / not modeled
A922,A,FIRE,F1,900,900,,,0,,Unknown / not modeled
A923,A,FIRE,F1,900,900,,,0,,Unknown / not modeled
A923B,A,FIRE,F1,900,900,,,0,,Unknown / not modeled
A924,A,FIRE,F1,900,900,,,0,,Unknown / not modeled
A924B,A,FIRE,F1,900,900,,,0,,Unknown / not modeled
A924C,A,FIRE,F1,900,900,,,0,,Unknown / not modeled
A925,A,FIRE,F1,900,900,,,0,,Unknown / not modeled
A929,A,FIRE,F1,900,900,,,0,,Unknown / not modeled
A930,A,FIRE,F1,900,900,,,0,,Unknown / not modeled
A930B,A,FIRE,F1,900,900,,,0,,Unknown / not modeled
A930C,A,FIRE,F1,900,900,,,0,,Unknown / not modeled
A931,A,FIRE,F1,900,900,,,0,,Unknown / not modeled
A931B,A,FIRE,F1,900,900,,,0,,Unknown / not modeled
A933,A,FIRE,F1,900,900,,,0,,Unknown / not modeled
A940,A,FIRE,F1,900,900,,,0,,Unknown / not modeled
AA603,A,FIRE,F1,603,603,,,0,,Unknown / not modeled
AA603B,A,FIRE,F1,603,603,,,0,,Unknown / not modeled
AA604,A,FIRE,F1,604,604,,,0,,Unknown / not modeled
AA604B,A,FIRE,F1,604,604,,,0,,Unknown / not modeled
AA606,A,FIRE,F1,606,606,,,0,,Unknown / not modeled
AA606B,A,FIRE,F1,606,606,,,0,,Unknown / not modeled
AA606C,A,FIRE,F1,606,606,,,0,,Unknown / not modeled
AA607,A,FIRE,F1,607,607,,,0,,Unknown / not modeled
AA607B,A,FIRE,F1,607,607,,,0,,Unknown / not modeled
AA608,A,FIRE,F1,608,608,,,0,,Unknown / not modeled
AA608B,A,FIRE,F1,608,608,,,0,,Unknown / not modeled
AA609,A,FIRE,F1,609,609,,,0,,Unknown / not modeled
AA609B,A,FIRE,F1,609,609,,,0,,Unknown / not modeled
AA609C,A,FIRE,F1,609,609,,,0,,Unknown / not modeled
AA610,A,FIRE,F1,610,610,,,0,,Unknown / not modeled
AA610B,A,FIRE,F1,610,610,,,0,,Unknown / not modeled
AA612,A,FIRE,F1,612,612,,,0,,Unknown / not modeled
AA612B,A,FIRE,F1,612,612,,,0,,Unknown / not modeled
AA613,A,FIRE,F1,613,613,,,0,,Unknown / not modeled
AA613B,A,FIRE,F1,613,613,,,0,,Unknown / not modeled
AA613C,A,FIRE,F1,613,613,,,0,,Unknown / not modeled
AA613D,A,FIRE,F1,613,613,,,0,,Unknown / not modeled
AA613E,A,FIRE,F1,613,613,,,0,,Unknown / not modeled
AA613F,A,FIRE,F1,613,613,,,0,,Unknown / not modeled
AA613G,A,FIRE,F1,613,613,,,0,,Unknown / not modeled
AA614,A,FIRE,F1,614,614,,,0,,Unknown / not modeled
AA614B,A,FIRE,F1,614,614,,,0,,Unknown / not modeled
AA614C,A,FIRE,F1,614,614,,,0,,Unknown / not modeled
AA615,A,FIRE,F1,615,615,,,0,,Unknown / not modeled
AA615B,A,FIRE,F1,615,615,,,0,,Unknown / not modeled
AA615C,A,FIRE,F1,615,615,,,0,,Unknown / not modeled
AA617,A,FIRE,F1,617,617,,,0,,Unknown / not modeled
AA617B,A,FIRE,F1,617,617,,,0,,Unknown / not modeled
AA617C,A,FIRE,F1,617,617,,,0,,Unknown / not modeled
AA619,A,FIRE,F1,619,619,,,0,,Unknown / not modeled
AA619B,A,FIRE,F1,619,619,,,0,,Unknown / not modeled
AA622,A,FIRE,F1,622,622,,,0,,Unknown / not modeled
AA622B,A,FIRE,F1,622,622,,,0,,Unknown / not modeled
AA623,A,FIRE,F1,623,623,,,0,,Unknown / not modeled
AA623B,A,FIRE,F1,623,623,,,0,,Unknown / not modeled
AA625,A,FIRE,F1,625,625,,,0,,Unknown / not modeled
AA625B,A,FIRE,F1,625,625,,,0,,Unknown / not modeled
AA625C,A,FIRE,F1,625,625,,,0,,Unknown / not modeled
AA626,A,FIRE,F1,626,626,,,0,,Unknown / not modeled
AA626B,A,FIRE,F1,626,626,,,0,,Unknown / not modeled
AA627,A,FIRE,F1,627,627,,,0,,Unknown / not modeled
AA627B,A,FIRE,F1,627,627,,,0,,Unknown / not modeled
AA635,A,FIRE,F1,635,635,,,0,,Unknown / not modeled
AA635B,A,FIRE,F1,635,635,,,0,,Unknown / not modeled
AA635C,A,FIRE,F1,635,635,,,0,,Unknown / not modeled
AA680,A,FIRE,F1,600,600,,,0,,Unknown / not modeled
AA681,A,FIRE,F1,600,600,,,0,,Unknown / not modeled
AA682,A,FIRE,F1,600,600,,,0,,Unknown / not modeled
AB100,AB,FIRE,F1,106,106,,,0,,Unknown / not modeled
AB427,AB,FIRE,F1,427,427,,,0,,Unknown / not modeled
AB623,AB,FIRE,F1,627,627,,,0,,Unknown / not modeled
AB627,AB,FIRE,F1,627,627,,,0,,Unknown / not modeled
AB722,AB,FIRE,F1,722,722,,,0,,Unknown / not modeled
AB726,AB,FIRE,F1,726,726,,,0,,Unknown / not modeled
AB830,AB,FIRE,F1,830,830,,,0,,Unknown / not modeled
AB855,AB,FIRE,F1,855,855,,,0,,Unknown / not modeled
ABT1008,BTOJ,FIRE,F1,1008,1008,,,0,,Unknown / not modeled
ABT301,BTOJ,FIRE,F1,301,301,,,0,,Unknown / not modeled
ABT379,BTOJ,FIRE,F1,301,301,,,0,,Unknown / not modeled
ABT382,BTOJ,FIRE,F1,301,301,,,0,,Unknown / not modeled
ABT465,BTOJ,FIRE,F1,465,465,,,0,,Unknown / not modeled
AC100,AC,FIRE,F1,101,100,,,0,,Unknown / not modeled
AC161,AC,FIRE,F1,161,161,,,0,,Unknown / not modeled
AC401,ADM,FIRE,F1,HQF,HQF,,,0,,Unknown / not modeled
AC402,ADM,FIRE,F1,HQF,HQF,,,0,,Unknown / not modeled
AC403,ADM,FIRE,F1,HQF,HQF,,,0,,Unknown / not modeled
AC443,ADM,FIRE,F1,443,443,,,0,,Unknown / not modeled
AC463,ACOJ,FIRE,F1,463,463,,,0,,Unknown / not modeled
AC464,ACOJ,FIRE,F1,464,464,,,0,,Unknown / not modeled
AC501,ACOJ,FIRE,F1,501,501,,,0,,Unknown / not modeled
AC502,ACOJ,FIRE,F1,502,502,,,0,,Unknown / not modeled
AC503,ACOJ,FIRE,F1,503,503,,,0,,Unknown / not modeled
AC505,ACOJ,FIRE,F1,505,505,,,0,,Unknown / not modeled
AC507,ACOJ,FIRE,F1,507,507,,,0,,Unknown / not modeled
AC508,ACOJ,FIRE,F1,508,508,,,0,,Unknown / not modeled
AC508B,ACOJ,FIRE,F1,508,508,,,0,,Unknown / not modeled
AC510,ACOJ,FIRE,F1,510,510,,,0,,Unknown / not modeled
AC511,ACOJ,FIRE,F1,511,511,,,0,,Unknown / not modeled
AC512,ACOJ,FIRE,F1,512,512,,,0,,Unknown / not modeled
AC512B,ACOJ,FIRE,F1,512,512,,,0,,Unknown / not modeled
AC513,ACOJ,FIRE,F1,513,513,,,0,,Unknown / not modeled
AC514,ACOJ,FIRE,F1,514,514,,,0,,Unknown / not modeled
AC514B,ACOJ,FIRE,F1,514,514,,,0,,Unknown / not modeled
AC516,ACOJ,FIRE,F1,516,516,,,0,,Unknown / not modeled
AC517,ACOJ,FIRE,F1,517,517,,,0,,Unknown / not modeled
AC518,ACOJ,FIRE,F1,518,518,,,0,,Unknown / not modeled
AC520,ACOJ,FIRE,F1,520,520,,,0,,Unknown / not modeled
AC525,ACOJ,FIRE,F1,525,525,,,0,,Unknown / not modeled
AC581,ACOJ,FIRE,F1,501,501,,,0,,Unknown / not modeled
AC589,ACOJ,FIRE,F1,509,509,,,0,,Unknown / not modeled
AC600,ACOJ,FIRE,F1,600,600,,,0,,Unknown / not modeled
AC600B,ACOJ,FIRE,F1,600,600,,,0,,Unknown / not modeled
AC601,ACOJ,FIRE,F1,601,601,,,0,,Unknown / not modeled
AC602,ACOJ,FIRE,F1,602,602,,,0,,Unknown / not modeled
AC604,ACOJ,FIRE,F1,604,604,,,0,,Unknown / not modeled
AC605,ACOJ,FIRE,F1,605,605,,,0,,Unknown / not modeled
AC606,ACOJ,FIRE,F1,606,606,,,0,,Unknown / not modeled
AC607,ACOJ,FIRE,F1,607,607,,,0,,Unknown / not modeled
AC608,ACOJ,FIRE,F1,608,608,,,0,,Unknown / not modeled
AC609,ACOJ,FIRE,F1,609,609,,,0,,Unknown / not modeled
AC610,ACOJ,FIRE,F1,610,610,,,0,,Unknown / not modeled
AC611,ACOJ,FIRE,F1,611,611,,,0,,Unknown / not modeled
AC612,ACOJ,FIRE,F1,612,612,,,0,,Unknown / not modeled
AC613,ACOJ,FIRE,F1,613,613,,,0,,Unknown / not modeled
AC614,ACOJ,FIRE,F1,614,614,,,0,,Unknown / not modeled
AC615,ACOJ,FIRE,F1,615,615,,,0,,Unknown / not modeled
AC615B,ACOJ,FIRE,F1,615,615,,,0,,Unknown / not modeled
AC617,ACOJ,FIRE,F1,617,617,,,0,,Unknown / not modeled
AC618,ACOJ,FIRE,F1,618,618,,,0,,Unknown / not modeled
AC621,ACOJ,FIRE,F1,621,621,,,0,,Unknown / not modeled
AC624,ACOJ,FIRE,F1,624,624,,,0,,Unknown / not modeled
ACE604,ADM,FIRE,F1,604,604,,,0,,Unknown / not modeled
ACE606,ADM,FIRE,F1,606,606,,,0,,Unknown / not modeled
ACE606B,ADM,FIRE,F1,606,606,,,0,,Unknown / not modeled
ACE608,ADM,FIRE,F1,608,608,,,0,,Unknown / not modeled
ACE609,ADM,FIRE,F1,609,609,,,0,,Unknown / not modeled
ACE609B,ADM,FIRE,F1,609,609,,,0,,Unknown / not modeled
ACE612,ADM,FIRE,F1,612,612,,,0,,Unknown / not modeled
ACE613,ADM,FIRE,F1,613,613,,,0,,Unknown / not modeled
ACE613B,ADM,FIRE,F1,613,613,,,0,,Unknown / not modeled
ACE614,ADM,FIRE,F1,614,614,,,0,,Unknown / not modeled
ACE614B,ADM,FIRE,F1,614,614,,,0,,Unknown / not modeled
ACE615,ADM,FIRE,F1,615,615,,,0,,Unknown / not modeled
ACE615B,ADM,FIRE,F1,615,615,,,0,,Unknown / not modeled
ACE617,ADM,FIRE,F1,617,617,,,0,,Unknown / not modeled
ACE622,ADM,FIRE,F1,622,622,,,0,,Unknown / not modeled
ACE623,ADM,FIRE,F1,623,623,,,0,,Unknown / not modeled
ACE625,ADM,FIRE,F1,625,625,,,0,,Unknown / not modeled
ACE625B,ADM,FIRE,F1,625,625,,,0,,Unknown / not modeled
ACE635,ADM,FIRE,F1,635,635,,,0,,Unknown / not modeled
ACE635B,ADM,FIRE,F1,635,635,,,0,,Unknown / not modeled
ACFX,AC,FIRE,F1,403,403,,,0,,Unknown / not modeled
AD100,ADM,FIRE,F1,100,100,,,0,,Unknown / not modeled
AD500,ADM,FIRE,F1,500,500,,,0,,Unknown / not modeled
ADC900,ADM,FIRE,F1,900,900,,,0,,Unknown / not modeled
ADMIN319,ADM,FIRE,F1,301,301,,,0,,Unknown / not modeled
AE601,E,FIRE,F1,601,601,,,0,,Unknown / not modeled
AE601B,E,FIRE,F1,601,601,,,0,,Unknown / not modeled
AE602,E,FIRE,F1,602,602,,,0,,Unknown / not modeled
AE603,E,FIRE,F1,603,603,,,0,,Unknown / not modeled
AE604,E,FIRE,F1,604,604,,,0,,Unknown / not modeled
AE605,E,FIRE,F1,605,605,,,0,,Unknown / not modeled
AE605B,E,FIRE,F1,605,605,,,0,,Unknown / not modeled
AE606,E,FIRE,F1,606,606,,,0,,Unknown / not modeled
AE606B,E,FIRE,F1,606,606,,,0,,Unknown / not modeled
AE606C,E,FIRE,F1,606,606,,,0,,Unknown / not modeled
AE607,E,FIRE,F1,607,607,,,0,,Unknown / not modeled
AE608,E,FIRE,F1,608,608,,,0,,Unknown / not modeled
AE609,E,FIRE,F1,609,609,,,0,,Unknown / not modeled
AE609B,E,FIRE,F1,609,609,,,0,,Unknown / not modeled
AE609C,E,FIRE,F1,609,609,,,0,,Unknown / not modeled
AE610,E,FIRE,F1,610,610,,,0,,Unknown / not modeled
AE611,E,FIRE,F1,611,611,,,0,,Unknown / not modeled
AE611B,E,FIRE,F1,611,611,,,0,,Unknown / not modeled
AE612,E,FIRE,F1,612,612,,,0,,Unknown / not modeled
AE612B,E,FIRE,F1,612,612,,,0,,Unknown / not modeled
AE618,E,FIRE,F1,618,618,,,0,,Unknown / not modeled
AE618B,E,FIRE,F1,618,618,,,0,,Unknown / not modeled
AE619,E,FIRE,F1,619,619,,,0,,Unknown / not modeled
AE620,E,FIRE,F1,620,620,,,0,,Unknown / not modeled
AE620B,E,FIRE,F1,620,620,,,0,,Unknown / not modeled
AE622,E,FIRE,F1,622,622,,,0,,Unknown / not modeled
AE622B,E,FIRE,F1,622,622,,,0,,Unknown / not modeled
AE623,E,FIRE,F1,623,623,,,0,,Unknown / not modeled
AE624,E,FIRE,F1,624,624,,,0,,Unknown / not modeled
AE624B,E,FIRE,F1,624,624,,,0,,Unknown / not modeled
AE626,E,FIRE,F1,626,626,,,0,,Unknown / not modeled
AE627,E,FIRE,F1,627,627,,,0,,Unknown / not modeled
AE680,E,FIRE,F1,600,600,,,0,,Unknown / not modeled
AE681,E,FIRE,F1,600,600,,,0,,Unknown / not modeled
AE682,E,FIRE,F1,600,600,,,0,,Unknown / not modeled
AFC100,AC,FIRE,F1,101,100,,,0,,Unknown / not modeled
AFCA,AC,FIRE,F1,HQF,HQF,,,0,,Unknown / not modeled
AFCBSB,AC,FIRE,F1,HQF,HQF,,,0,,Unknown / not modeled
AFCO,AC,FIRE,F1,HQF,HQF,,,0,,Unknown / not modeled
AFCOAIDE,ADM,FIRE,F1,HQF,HQF,,,0,,Unknown / not modeled
AFCP,AC,FIRE,F1,HQF,HQF,,,0,,Unknown / not modeled
AFCPAIDE,ADM,FIRE,F1,HQF,HQF,,,0,,Unknown / not modeled
AIR512,MAU,FIRE,F1,512,512,,,0,,Unknown / not modeled
ALS201,EMSNR,FIRE,F1,201,201,,,0,,Unknown / not modeled
ALS202,EMSNR,FIRE,F1,202,202,,,0,,Unknown / not modeled
ALS203,EMSNR,FIRE,F1,203,203,,,0,,Unknown / not modeled
ALS301,EMSNR,FIRE,F1,301,301,,,0,,Unknown / not modeled
ALS302,EMSNR,FIRE,F1,302,302,,,0,,Unknown / not modeled
ALS303,EMSNR,FIRE,F1,303,303,,,0,,Unknown / not modeled
ALS401,ALS,FIRE,F1,431,431,,COUNTY; CHASE CAR,0,,Exact user-provided current ALS-unit rule
ALS402,ALS,FIRE,F1,409,409,,COUNTY; CHASE CAR,0,,Exact user-provided current ALS-unit rule
ALS403,ALS,FIRE,F1,417,417,,COUNTY; CHASE CAR,0,,Exact user-provided current ALS-unit rule
ALS404,ALS,FIRE,F1,405,405,,COUNTY; CHASE CAR,0,,Exact user-provided current ALS-unit rule
ALS405,ALS,FIRE,F1,HQF,HQF,,,0,,Unknown / not modeled
ALS406,ALS,FIRE,F1,HQF,HQF,,,0,,Unknown / not modeled
ALS407,ALS,FIRE,F1,HQF,HQF,,,0,,Unknown / not modeled
ALS408,ALS,FIRE,F1,HQF,HQF,,,0,,Unknown / not modeled
ALS424,ALS,FIRE,F1,424,424,,,0,,Unknown / not modeled
ALS427,ALS,FIRE,F1,427,427,,,0,,Unknown / not modeled
ALS438,ALS,FIRE,F1,438,438,,,0,,Unknown / not modeled
ALS441,ALS,FIRE,F1,441,441,,,0,,Unknown / not modeled
ALS603,ADM,FIRE,F1,603,603,,,0,,Unknown / not modeled
ALS604,ADM,FIRE,F1,604,604,,,0,,Unknown / not modeled
ALS606,ADM,FIRE,F1,606,606,,,0,,Unknown / not modeled
ALS606B,ADM,FIRE,F1,606,606,,,0,,Unknown / not modeled
ALS607,ADM,FIRE,F1,607,607,,,0,,Unknown / not modeled
ALS608,ADM,FIRE,F1,608,608,,,0,,Unknown / not modeled
ALS609,ADM,FIRE,F1,609,609,,,0,,Unknown / not modeled
ALS609B,ADM,FIRE,F1,609,609,,,0,,Unknown / not modeled
ALS610,ADM,FIRE,F1,610,610,,,0,,Unknown / not modeled
ALS612,ADM,FIRE,F1,612,612,,,0,,Unknown / not modeled
ALS613,ADM,FIRE,F1,613,613,,,0,,Unknown / not modeled
ALS613B,ADM,FIRE,F1,613,613,,,0,,Unknown / not modeled
ALS614,ADM,FIRE,F1,614,614,,,0,,Unknown / not modeled
ALS614B,ADM,FIRE,F1,614,614,,,0,,Unknown / not modeled
ALS615,ADM,FIRE,F1,615,615,,,0,,Unknown / not modeled
ALS615B,ADM,FIRE,F1,615,615,,,0,,Unknown / not modeled
ALS617,ADM,FIRE,F1,617,617,,,0,,Unknown / not modeled
ALS619,ADM,FIRE,F1,619,619,,,0,,Unknown / not modeled
ALS621,ADM,FIRE,F1,621,621,,,0,,Unknown / not modeled
ALS622,ADM,FIRE,F1,622,622,,,0,,Unknown / not modeled
ALS622B,ADM,FIRE,F1,622,622,,,0,,Unknown / not modeled
ALS623,ADM,FIRE,F1,623,623,,,0,,Unknown / not modeled
ALS625,ADM,FIRE,F1,625,625,,,0,,Unknown / not modeled
ALS625B,ADM,FIRE,F1,625,625,,,0,,Unknown / not modeled
ALS626,ADM,FIRE,F1,626,626,,,0,,Unknown / not modeled
ALS635,ADM,FIRE,F1,635,635,,,0,,Unknown / not modeled
ALS635B,ADM,FIRE,F1,635,635,,,0,,Unknown / not modeled
ALS701,ADM,FIRE,F1,701,701,,,0,,Unknown / not modeled
ALS703,ADM,FIRE,F1,703,703,,,0,,Unknown / not modeled
ALS703B,ADM,FIRE,F1,703,703,,,0,,Unknown / not modeled
ALS705,ADM,FIRE,F1,705,705,,,0,,Unknown / not modeled
ALS708,ADM,FIRE,F1,708,708,,,0,,Unknown / not modeled
ALS711,ADM,FIRE,F1,711,711,,,0,,Unknown / not modeled
ALS712,ADM,FIRE,F1,712,712,,,0,,Unknown / not modeled
ALS715,ADM,FIRE,F1,715,715,,,0,,Unknown / not modeled
ALS723,ADM,FIRE,F1,723,723,,,0,,Unknown / not modeled
ALS725,ADM,FIRE,F1,725,725,,,0,,Unknown / not modeled
ALS726,ADM,FIRE,F1,726,726,,,0,,Unknown / not modeled
ALS729,ADM,FIRE,F1,729,729,,,0,,Unknown / not modeled
ALS731,ADM,FIRE,F1,731,731,,,0,,Unknown / not modeled
ALS741,ADM,FIRE,F1,741,741,,,0,,Unknown / not modeled
ALS742,ADM,FIRE,F1,742,742,,,0,,Unknown / not modeled
ALS742B,ADM,FIRE,F1,742,742,,,0,,Unknown / not modeled
ALS902,ADM,FIRE,F1,900,900,,,0,,Unknown / not modeled
ALS904,ADM,FIRE,F1,900,900,,,0,,Unknown / not modeled
ALS908,ADM,FIRE,F1,900,900,,,0,,Unknown / not modeled
ALS917,ADM,FIRE,F1,900,900,,,0,,Unknown / not modeled
ALS920,ADM,FIRE,F1,900,900,,,0,,Unknown / not modeled
ALS923,ADM,FIRE,F1,900,900,,,0,,Unknown / not modeled
ALS929,ADM,FIRE,F1,900,900,,,0,,Unknown / not modeled
ALS930,ADM,FIRE,F1,900,900,,,0,,Unknown / not modeled
ALS931,ADM,FIRE,F1,900,900,,,0,,Unknown / not modeled
ALS933,ADM,FIRE,F1,900,900,,,0,,Unknown / not modeled
ALS940,ADM,FIRE,F1,900,900,,,0,,Unknown / not modeled
APO101,ADM,FIRE,F1,109,109,,,0,,Unknown / not modeled
APO102,ADM,FIRE,F1,102,102,,,0,,Unknown / not modeled
ARC512,ACOJ,FIRE,F1,512,512,,,0,,Unknown / not modeled
ARC523,ACOJ,FIRE,F1,523,523,,,0,,Unknown / not modeled
ARE602,E,FIRE,F1,602,602,,,0,,Unknown / not modeled
ATESTF,ENR,FIRE,F1,421,421,,,0,,Unknown / not modeled
ATV201,ATV,FIRE,F1,201,201,,,0,,Unknown / not modeled
ATV465,UTV,FIRE,F1,465,465,,,0,,Unknown / not modeled
ATV606,ATV,FIRE,F1,606,606,,,0,,Unknown / not modeled
ATV607,ATV,FIRE,F1,607,607,,,0,,Unknown / not modeled
ATV609,ATV,FIRE,F1,609,609,,,0,,Unknown / not modeled
ATV613,ATV,FIRE,F1,613,613,,,0,,Unknown / not modeled
ATV615,ATV,FIRE,F1,615,615,,,0,,Unknown / not modeled
ATV617,ATV,FIRE,F1,617,617,,,0,,Unknown / not modeled
ATV621,ATV,FIRE,F1,621,621,,,0,,Unknown / not modeled
ATV680,ATV,FIRE,F1,600,600,,,0,,Unknown / not modeled
ATV681,ATV,FIRE,F1,600,600,,,0,,Unknown / not modeled
ATV685,ATV,FIRE,F1,600,600,,,0,,Unknown / not modeled
ATV686,ATV,FIRE,F1,600,600,,,0,,Unknown / not modeled
ATV687,ATV,FIRE,F1,600,600,,,0,,Unknown / not modeled
ATV688,ATV,FIRE,F1,600,600,,,0,,Unknown / not modeled
ATV690,ATV,FIRE,F1,600,600,,,0,,Unknown / not modeled
ATV691,ATV,FIRE,F1,600,600,,,0,,Unknown / not modeled
ATV692,ATV,FIRE,F1,600,600,,,0,,Unknown / not modeled
AU910,LA,FIRE,F1,900,900,,,0,,Unknown / not modeled
BA212,ADM,FIRE,F1,204,204,,,0,,Unknown / not modeled
BA213,ADM,FIRE,F1,204,204,,,0,,Unknown / not modeled
BA215,ADM,FIRE,F1,204,204,,,0,,Unknown / not modeled
BARS635,ADM,FIRE,F1,635,635,,,0,,Unknown / not modeled
BC100,BCNR,FIRE,F1,101,100,,,0,,Unknown / not modeled
BC101,BC,FIRE,F1,109,109,,,0,,Unknown / not modeled
BC102,BC,FIRE,F1,103,103,,,0,,Unknown / not modeled
BC103,BCNR,FIRE,F1,100,100,,,0,,Unknown / not modeled
BC104,BCNR,FIRE,F1,100,100,,,0,,Unknown / not modeled
BC105,BCNR,FIRE,F1,100,100,,,0,,Unknown / not modeled
BC106,BCNR,FIRE,F1,100,100,,,0,,Unknown / not modeled
BC107,BCNR,FIRE,F1,100,100,,,0,,Unknown / not modeled
BC108,BCNR,FIRE,F1,100,100,,,0,,Unknown / not modeled
BC109,BCNR,FIRE,F1,100,100,,,0,,Unknown / not modeled
BC110,BCNR,FIRE,F1,100,100,,,0,,Unknown / not modeled
BC111,BCNR,FIRE,F1,101,101,,,0,,Unknown / not modeled
BC112,BCNR,FIRE,F1,103,103,,,0,,Unknown / not modeled
BC113,BCNR,FIRE,F1,161,161,,,0,,Unknown / not modeled
BC114,BCNR,FIRE,F1,161,161,,,0,,Unknown / not modeled
BC115,BCNR,FIRE,F1,161,161,,,0,,Unknown / not modeled
BC116,BCNR,FIRE,F1,161,161,,,0,,Unknown / not modeled
BC120,BCNR,FIRE,F1,161,161,,,0,,Unknown / not modeled
BC125,BCNR,FIRE,F1,161,161,,,0,,Unknown / not modeled
BC126,BCNR,FIRE,F1,161,161,,,0,,Unknown / not modeled
BC161,BCNR,FIRE,F1,161,161,,,0,,Unknown / not modeled
BC201,BCALX,FIRE,F1,204,204,,,0,,Unknown / not modeled
BC202,BCALX,FIRE,F1,206,206,,,0,,Unknown / not modeled
BC203,BCNR,FIRE,F1,200,200,,,0,,Unknown / not modeled
BC204,BCNR,FIRE,F1,200,200,,,0,,Unknown / not modeled
BC205,BCNR,FIRE,F1,200,200,,,0,,Unknown / not modeled
BC206,BCNR,FIRE,F1,200,200,,,0,,Unknown / not modeled
BC211,BCALX,FIRE,F1,204,204,,,0,,Unknown / not modeled
BC212,BCALX,FIRE,F1,206,206,,,0,,Unknown / not modeled
BC213,BCNR,FIRE,F1,200,200,,,0,,Unknown / not modeled
BC301,BCNR,FIRE,F1,301,301,,,0,,Unknown / not modeled
BC301A,BCNR,FIRE,F1,301,301,,,0,,Unknown / not modeled
BC301B,BCNR,FIRE,F1,301,301,,,0,,Unknown / not modeled
BC301C,BCNR,FIRE,F1,301,301,,,0,,Unknown / not modeled
BC302,BCNR,FIRE,F1,302,302,,,0,,Unknown / not modeled
BC302A,BCNR,FIRE,F1,302,302,,,0,,Unknown / not modeled
BC302B,BCNR,FIRE,F1,302,302,,,0,,Unknown / not modeled
BC302C,BCNR,FIRE,F1,302,302,,,0,,Unknown / not modeled
BC305,BCNR,FIRE,F1,302,302,,,0,,Unknown / not modeled
BC306,BCNR,FIRE,F1,302,302,,,0,,Unknown / not modeled
BC307,BCNR,FIRE,F1,302,302,,,0,,Unknown / not modeled
BC350,BCNR,FIRE,F1,302,302,,,0,,Unknown / not modeled
BC360,BCNR,FIRE,F1,302,302,,,0,,Unknown / not modeled
BC362,BCNR,FIRE,F1,302,302,,,0,,Unknown / not modeled
BC370,BCNR,FIRE,F1,302,302,,,0,,Unknown / not modeled
BC380,BCNR,FIRE,F1,302,302,,,0,,Unknown / not modeled
BC390,BCNR,FIRE,F1,302,302,,,0,,Unknown / not modeled
BC401,BC,FIRE,F1,404,425,,COUNTY; BALLISTIC; COMMAND BC,0,,User-provided Fairfax/City BC family rule
BC402,BC,FIRE,F1,429,429,,COUNTY; BALLISTIC; COMMAND BC,0,,User-provided Fairfax/City BC family rule
BC403,BC,FIRE,F1,415,415,,COUNTY; BALLISTIC; COMMAND BC,0,,User-provided Fairfax/City BC family rule
BC404,BC,FIRE,F1,418,418,,COUNTY; BALLISTIC; COMMAND BC,0,,User-provided Fairfax/City BC family rule
BC405,BC,FIRE,F1,419,419,,COUNTY; BALLISTIC; COMMAND BC,0,,User-provided Fairfax/City BC family rule
BC406,BC,FIRE,F1,411,411,,COUNTY; BALLISTIC; COMMAND BC,0,,User-provided Fairfax/City BC family rule
BC407,BC,FIRE,F1,440,440,,COUNTY; BALLISTIC; COMMAND BC,0,,User-provided Fairfax/City BC family rule
BC408,BC,FIRE,F1,426,426,,COUNTY; BALLISTIC; COMMAND BC,0,,User-provided Fairfax/City BC family rule
BC409,BC,FIRE,F1,HQF,HQF,,COUNTY; BALLISTIC; COMMAND BC,0,,User-provided Fairfax/City BC family rule
BC410,BC,FIRE,F1,HQF,HQF,,COUNTY; BALLISTIC; COMMAND BC,0,,User-provided Fairfax/City BC family rule
BC411,BC,FIRE,F1,HQF,HQF,,COUNTY; BALLISTIC; COMMAND BC,0,,User-provided Fairfax/City BC family rule
BC412,BC,FIRE,F1,HQF,HQF,,COUNTY; BALLISTIC; COMMAND BC,0,,User-provided Fairfax/City BC family rule
BC413,BC,FIRE,F1,HQF,HQF,,COUNTY; BALLISTIC; COMMAND BC,0,,User-provided Fairfax/City BC family rule
BC414,BC,FIRE,F1,HQF,HQF,,COUNTY; BALLISTIC; COMMAND BC,0,,User-provided Fairfax/City BC family rule
BC415,BC,FIRE,F1,HQF,HQF,,COUNTY; BALLISTIC; COMMAND BC,0,,User-provided Fairfax/City BC family rule
BC416,BC,FIRE,F1,HQF,HQF,,COUNTY; BALLISTIC; COMMAND BC,0,,User-provided Fairfax/City BC family rule
BC417,BC,FIRE,F1,HQF,HQF,,COUNTY; BALLISTIC; COMMAND BC,0,,User-provided Fairfax/City BC family rule
BC418,BC,FIRE,F1,HQF,HQF,,COUNTY; BALLISTIC; COMMAND BC,0,,User-provided Fairfax/City BC family rule
BC419,BC,FIRE,F1,HQF,HQF,,COUNTY; BALLISTIC; COMMAND BC,0,,User-provided Fairfax/City BC family rule
BC420,BC,FIRE,F1,HQF,HQF,,COUNTY; BALLISTIC; COMMAND BC,0,,User-provided Fairfax/City BC family rule
BC443,BC,FIRE,F1,403,403,,CITY; BALLISTIC; COMMAND BC,0,,User-provided Fairfax/City BC family rule
BC445,BC,FIRE,F1,433,433,,COUNTY; BALLISTIC; COMMAND BC,0,,User-provided Fairfax/City BC family rule
BC463,BCFTB,FIRE,F1,463,463,,,0,,Unknown / not modeled
BC465,BCFTB,FIRE,F1,463,463,,,0,,Unknown / not modeled
BC466,BCFTB,FIRE,F1,466,466,,,0,,Unknown / not modeled
BC470,ADM,FIRE,F1,HQF,HQF,,,0,,Unknown / not modeled
BC471,ADM,FIRE,F1,HQF,HQF,,,0,,Unknown / not modeled
BC472,ADM,FIRE,F1,HQF,HQF,,,0,,Unknown / not modeled
BC473,ADM,FIRE,F1,HQF,HQF,,,0,,Unknown / not modeled
BC474,ADM,FIRE,F1,HQF,HQF,,,0,,Unknown / not modeled
BC475,ADM,FIRE,F1,HQF,HQF,,,0,,Unknown / not modeled
BC476,ADM,FIRE,F1,HQF,HQF,,,0,,Unknown / not modeled
BC477,ADM,FIRE,F1,HQF,HQF,,,0,,Unknown / not modeled
BC478,ADM,FIRE,F1,HQF,HQF,,,0,,Unknown / not modeled
BC479,ADM,FIRE,F1,HQF,HQF,,,0,,Unknown / not modeled
BC480,ADM,FIRE,F1,HQF,HQF,,,0,,Unknown / not modeled
BC481,ADM,FIRE,F1,HQF,HQF,,,0,,Unknown / not modeled
BC482,ADM,FIRE,F1,HQF,HQF,,,0,,Unknown / not modeled
BC483,ADM,FIRE,F1,HQF,HQF,,,0,,Unknown / not modeled
BC484,ADM,FIRE,F1,HQF,HQF,,,0,,Unknown / not modeled
BC485,ADM,FIRE,F1,HQF,HQF,,,0,,Unknown / not modeled
BC486,ADM,FIRE,F1,HQF,HQF,,,0,,Unknown / not modeled
BC487,ADM,FIRE,F1,HQF,HQF,,,0,,Unknown / not modeled
BC488,ADM,FIRE,F1,HQF,HQF,,,0,,Unknown / not modeled
BC490,ADM,FIRE,F1,HQF,HQF,,,0,,Unknown / not modeled
BC491,ADM,FIRE,F1,HQF,HQF,,,0,,Unknown / not modeled
BC492,ADM,FIRE,F1,HQF,HQF,,,0,,Unknown / not modeled
BC493,TRNGBC,FIRE,F1,445,445,,,0,,Unknown / not modeled
BC494,TRNGBC,FIRE,F1,445,445,,,0,,Unknown / not modeled
BC495,TRNGBC,FIRE,F1,445,445,,,0,,Unknown / not modeled
BC496,TRNGBC,FIRE,F1,445,445,,,0,,Unknown / not modeled
BC497,TRNGBC,FIRE,F1,445,445,,,0,,Unknown / not modeled
BC498,TRNGBC,FIRE,F1,445,445,,,0,,Unknown / not modeled
BC501,BC,FIRE,F1,504,504,,,0,,Unknown / not modeled
BC501B,BCNR,FIRE,F1,504,504,,,0,,Unknown / not modeled
BC501W,BCNR,FIRE,F1,504,504,,,0,,Unknown / not modeled
BC501X,BCNR,FIRE,F1,504,504,,,0,,Unknown / not modeled
BC501Y,BCNR,FIRE,F1,504,504,,,0,,Unknown / not modeled
BC502,BC,FIRE,F1,514,514,,,0,,Unknown / not modeled
BC502B,BCNR,FIRE,F1,514,514,,,0,,Unknown / not modeled
BC503,BC,FIRE,F1,523,523,,,0,,Unknown / not modeled
BC503B,BCNR,FIRE,F1,523,523,,,0,,Unknown / not modeled
BC504,BC,FIRE,F1,511,511,,,0,,Unknown / not modeled
BC504B,BCNR,FIRE,F1,507,507,,,0,,Unknown / not modeled
BC505,BCNR,FIRE,F1,520,520,,,0,,Unknown / not modeled
BC505B,BCNR,FIRE,F1,520,520,,,0,,Unknown / not modeled
BC506,BCNR,FIRE,F1,512,512,,,0,,Unknown / not modeled
BC506B,BCNR,FIRE,F1,512,512,,,0,,Unknown / not modeled
BC507,BCNR,FIRE,F1,503,503,,,0,,Unknown / not modeled
BC507B,BCNR,FIRE,F1,503,503,,,0,,Unknown / not modeled
BC508V,BCNR,FIRE,F1,507,507,,,0,,Unknown / not modeled
BC508W,BCNR,FIRE,F1,505,505,,,0,,Unknown / not modeled
BC508X,BCNR,FIRE,F1,508,508,,,0,,Unknown / not modeled
BC508Y,BCNR,FIRE,F1,511,511,,,0,,Unknown / not modeled
BC508Z,BCNR,FIRE,F1,516,516,,,0,,Unknown / not modeled
BC581,BCNR,FIRE,F1,521,521,,,0,,Unknown / not modeled
BC581B,BCNR,FIRE,F1,521,521,,,0,,Unknown / not modeled
BC589,BCNR,FIRE,F1,509,509,,,0,,Unknown / not modeled
BC589B,BCNR,FIRE,F1,509,509,,,0,,Unknown / not modeled
BC591,BCNR,FIRE,F1,519,519,,,0,,Unknown / not modeled
BC591B,BCNR,FIRE,F1,524,524,,,0,,Unknown / not modeled
BC600,BCNR,FIRE,F1,600,600,,,0,,Unknown / not modeled
BC600B,BCNR,FIRE,F1,600,600,,,0,,Unknown / not modeled
BC601,BC,FIRE,F1,624,624,,,0,,Unknown / not modeled
BC601B,BC,FIRE,F1,624,624,,,0,,Unknown / not modeled
BC601BX,BC,FIRE,F1,624,624,,,0,,Unknown / not modeled
BC601X,BC,FIRE,F1,624,624,,,0,,Unknown / not modeled
BC602,BC,FIRE,F1,602,602,,,0,,Unknown / not modeled
BC602B,BC,FIRE,F1,602,602,,,0,,Unknown / not modeled
BC602BX,BC,FIRE,F1,602,602,,,0,,Unknown / not modeled
BC602X,BC,FIRE,F1,602,602,,,0,,Unknown / not modeled
BC603,BC,FIRE,F1,619,619,,,0,,Unknown / not modeled
BC603B,BC,FIRE,F1,619,619,,,0,,Unknown / not modeled
BC603BX,BC,FIRE,F1,619,619,,,0,,Unknown / not modeled
BC603X,BC,FIRE,F1,619,619,,,0,,Unknown / not modeled
BC604,BCNR,FIRE,F1,600,600,,,0,,Unknown / not modeled
BC604B,BCNR,FIRE,F1,600,600,,,0,,Unknown / not modeled
BC604BX,BCNR,FIRE,F1,600,600,,,0,,Unknown / not modeled
BC604X,BCNR,FIRE,F1,600,600,,,0,,Unknown / not modeled
BC610,BCNR,FIRE,F1,610,610,,,0,,Unknown / not modeled
BC611,BCNR,FIRE,F1,611,611,,,0,,Unknown / not modeled
BC612,BCNR,FIRE,F1,612,612,,,0,,Unknown / not modeled
BC613,BCNR,FIRE,F1,613,613,,,0,,Unknown / not modeled
BC614,BCNR,FIRE,F1,614,614,,,0,,Unknown / not modeled
BC615,BCNR,FIRE,F1,615,615,,,0,,Unknown / not modeled
BC616,BCNR,FIRE,F1,616,616,,,0,,Unknown / not modeled
BC617,BCNR,FIRE,F1,617,617,,,0,,Unknown / not modeled
BC618,BCNR,FIRE,F1,618,618,,,0,,Unknown / not modeled
BC619,BCNR,FIRE,F1,619,619,,,0,,Unknown / not modeled
BC620,BCNR,FIRE,F1,620,620,,,0,,Unknown / not modeled
BC621,BCNR,FIRE,F1,621,621,,,0,,Unknown / not modeled
BC622,BCNR,FIRE,F1,622,622,,,0,,Unknown / not modeled
BC623,BCNR,FIRE,F1,623,623,,,0,,Unknown / not modeled
BC624,BCNR,FIRE,F1,624,624,,,0,,Unknown / not modeled
BC625,BCNR,FIRE,F1,625,625,,,0,,Unknown / not modeled
BC626,BCNR,FIRE,F1,626,626,,,0,,Unknown / not modeled
BC627,BCNR,FIRE,F1,627,627,,,0,,Unknown / not modeled
BC628,BCNR,FIRE,F1,600,600,,,0,,Unknown / not modeled
BC629,BCNR,FIRE,F1,600,600,,,0,,Unknown / not modeled
BC630,BCNR,FIRE,F1,600,600,,,0,,Unknown / not modeled
BC640,BCNR,FIRE,F1,600,600,,,0,,Unknown / not modeled
BC641,BCNR,FIRE,F1,600,600,,,0,,Unknown / not modeled
BC642,BCNR,FIRE,F1,600,600,,,0,,Unknown / not modeled
BC643,BCNR,FIRE,F1,600,600,,,0,,Unknown / not modeled
BC644,BCNR,FIRE,F1,600,600,,,0,,Unknown / not modeled
BC645,BCNR,FIRE,F1,600,600,,,0,,Unknown / not modeled
BC646,BCNR,FIRE,F1,600,600,,,0,,Unknown / not modeled
BC647,BCNR,FIRE,F1,600,600,,,0,,Unknown / not modeled
BC648,BCNR,FIRE,F1,600,600,,,0,,Unknown / not modeled
BC649,BCNR,FIRE,F1,600,600,,,0,,Unknown / not modeled
BC650,BCNR,FIRE,F1,600,600,,,0,,Unknown / not modeled
BC651,BCNR,FIRE,F1,600,600,,,0,,Unknown / not modeled
BC652,BCNR,FIRE,F1,600,600,,,0,,Unknown / not modeled
BC660,BCNR,FIRE,F1,600,600,,,0,,Unknown / not modeled
BC670,BCNR,FIRE,F1,600,600,,,0,,Unknown / not modeled
BC671,BCNR,FIRE,F1,600,600,,,0,,Unknown / not modeled
BC672,BCNR,FIRE,F1,600,600,,,0,,Unknown / not modeled
BC690,BCNR,FIRE,F1,600,600,,,0,,Unknown / not modeled
BC701,BCNR,FIRE,F1,712,712,,,0,,Unknown / not modeled
BC702,BCNR,FIRE,F1,720,720,,,0,,Unknown / not modeled
BC703,BCNR,FIRE,F1,732,732,,,0,,Unknown / not modeled
BC704,BCNR,FIRE,F1,718,718,,,0,,Unknown / not modeled
BC705,BCNR,FIRE,F1,734,734,,,0,,Unknown / not modeled
BC750,BCNR,FIRE,F1,750,750,,,0,,Unknown / not modeled
BC754,BCNR,FIRE,F1,754,754,,,0,,Unknown / not modeled
BC881,BC,FIRE,F1,806,806,,,0,,Unknown / not modeled
BC881A,BC,FIRE,F1,806,806,,,0,,Unknown / not modeled
BC881B,BC,FIRE,F1,806,806,,,0,,Unknown / not modeled
BC881C,BC,FIRE,F1,806,806,,,0,,Unknown / not modeled
BC881D,BC,FIRE,F1,806,806,,,0,,Unknown / not modeled
BC882,BC,FIRE,F1,816,816,,,0,,Unknown / not modeled
BC882A,BC,FIRE,F1,816,816,,,0,,Unknown / not modeled
BC882B,BC,FIRE,F1,816,816,,,0,,Unknown / not modeled
BC882C,BC,FIRE,F1,816,816,,,0,,Unknown / not modeled
BC882D,BC,FIRE,F1,816,816,,,0,,Unknown / not modeled
BC883,BC,FIRE,F1,826,826,,,0,,Unknown / not modeled
BC883A,BC,FIRE,F1,826,826,,,0,,Unknown / not modeled
BC883B,BC,FIRE,F1,826,826,,,0,,Unknown / not modeled
BC883C,BC,FIRE,F1,826,826,,,0,,Unknown / not modeled
BC883D,BC,FIRE,F1,826,826,,,0,,Unknown / not modeled
BC884,BC,FIRE,F1,855,855,,,0,,Unknown / not modeled
BC884A,BC,FIRE,F1,855,855,,,0,,Unknown / not modeled
BC884B,BC,FIRE,F1,855,855,,,0,,Unknown / not modeled
BC884C,BC,FIRE,F1,855,855,,,0,,Unknown / not modeled
BC884D,BC,FIRE,F1,855,855,,,0,,Unknown / not modeled
BC884E,BC,FIRE,F1,855,855,,,0,,Unknown / not modeled
BC885,BC,FIRE,F1,832,832,,,0,,Unknown / not modeled
BC885A,BC,FIRE,F1,832,832,,,0,,Unknown / not modeled
BC885B,BC,FIRE,F1,832,832,,,0,,Unknown / not modeled
BC885C,BC,FIRE,F1,832,832,,,0,,Unknown / not modeled
BC885D,BC,FIRE,F1,832,832,,,0,,Unknown / not modeled
BC885E,BC,FIRE,F1,832,832,,,0,,Unknown / not modeled
BC886,BC,FIRE,F1,841,841,,,0,,Unknown / not modeled
BC886A,BC,FIRE,F1,841,841,,,0,,Unknown / not modeled
BC886B,BC,FIRE,F1,841,841,,,0,,Unknown / not modeled
BC886C,BC,FIRE,F1,841,841,,,0,,Unknown / not modeled
BC886D,BC,FIRE,F1,841,841,,,0,,Unknown / not modeled
BC886E,BC,FIRE,F1,841,841,,,0,,Unknown / not modeled
BC887,BC,FIRE,F1,840,840,,,0,,Unknown / not modeled
BC887A,BC,FIRE,F1,840,840,,,0,,Unknown / not modeled
BC887B,BC,FIRE,F1,840,840,,,0,,Unknown / not modeled
BC887C,BC,FIRE,F1,840,840,,,0,,Unknown / not modeled
BC887D,BC,FIRE,F1,840,840,,,0,,Unknown / not modeled
BC887E,BC,FIRE,F1,840,840,,,0,,Unknown / not modeled
BC901,BC,FIRE,F1,900,900,,,0,,Unknown / not modeled
BC902,BC,FIRE,F1,900,900,,,0,,Unknown / not modeled
BC903,BC,FIRE,F1,900,900,,,0,,Unknown / not modeled
BC950,BC,FIRE,F1,900,900,,,0,,Unknown / not modeled
BC951,BC,FIRE,F1,900,900,,,0,,Unknown / not modeled
BCAIDE600,ADM,FIRE,F1,600,600,,,0,,Unknown / not modeled
BCAIDE601,ADM,FIRE,F1,624,624,,,0,,Unknown / not modeled
BCAIDE602,ADM,FIRE,F1,602,602,,,0,,Unknown / not modeled
BCAIDE603,ADM,FIRE,F1,603,603,,,0,,Unknown / not modeled
BCBTRN,ADM,FIRE,F1,HQF,HQF,,,0,,Unknown / not modeled
BCCOM,ADM,FIRE,F1,HQ,HM,,,0,,Unknown / not modeled
BCEMS,ADM,FIRE,F1,HQF,HQF,,,0,,Unknown / not modeled
BCEMSA,ADM,FIRE,F1,HQF,HQF,,,0,,Unknown / not modeled
BCEMSB,ADM,FIRE,F1,HQF,HQF,,,0,,Unknown / not modeled
BCEMSC,ADM,FIRE,F1,HQF,HQF,,,0,,Unknown / not modeled
BCEMSO,ADM,FIRE,F1,HQF,HQF,,,0,,Unknown / not modeled
BCEP,ADM,FIRE,F1,HQ,HM,,,0,,Unknown / not modeled
BCFTRN,ADM,FIRE,F1,HQF,HQF,,,0,,Unknown / not modeled
BCHM,ADM,FIRE,F1,HQ,HM,,,0,,Unknown / not modeled
BCRM,ADM,FIRE,F1,HQ,HM,,,0,,Unknown / not modeled
BCSAF,ADM,FIRE,F1,HQ,HM,,,0,,Unknown / not modeled
BCTR,ADM,FIRE,F1,HQ,HM,,,0,,Unknown / not modeled
BCTROT,ADM,FIRE,F1,HQF,HQF,,,0,,Unknown / not modeled
BCUSAR,ADM,FIRE,F1,HQF,HQF,,,0,,Unknown / not modeled
BCUSR,ADM,FIRE,F1,HQF,HQF,,,0,,Unknown / not modeled
BD815,ADM,FIRE,F1,800,800,,,0,,Unknown / not modeled
BD815B,ADM,FIRE,F1,800,800,,,0,,Unknown / not modeled
BE709,E,FIRE,F1,709,709,,,0,,Unknown / not modeled
BE713,E,FIRE,F1,713,713,,,0,,Unknown / not modeled
BE714,E,FIRE,F1,714,714,,,0,,Unknown / not modeled
BE717,E,FIRE,F1,717,717,,,0,,Unknown / not modeled
BIC613,BIC,FIRE,F1,613,613,,,0,,Unknown / not modeled
BIC615,BIC,FIRE,F1,615,615,,,0,,Unknown / not modeled
BIC615B,BIC,FIRE,F1,615,615,,,0,,Unknown / not modeled
BIC615C,BIC,FIRE,F1,615,615,,,0,,Unknown / not modeled
BIC615D,BIC,FIRE,F1,615,615,,,0,,Unknown / not modeled
BIC615E,BIC,FIRE,F1,615,615,,,0,,Unknown / not modeled
BIC615F,BIC,FIRE,F1,615,615,,,0,,Unknown / not modeled
BIC615G,BIC,FIRE,F1,615,615,,,0,,Unknown / not modeled
BIC615H,BIC,FIRE,F1,615,615,,,0,,Unknown / not modeled
BIC615I,BIC,FIRE,F1,615,615,,,0,,Unknown / not modeled
BIC615J,BIC,FIRE,F1,615,615,,,0,,Unknown / not modeled
BIC617,BIC,FIRE,F1,617,617,,,0,,Unknown / not modeled
BIC617B,BIC,FIRE,F1,617,617,,,0,,Unknown / not modeled
BIC617C,BIC,FIRE,F1,617,617,,,0,,Unknown / not modeled
BIC617D,BIC,FIRE,F1,617,617,,,0,,Unknown / not modeled
BIC617E,BIC,FIRE,F1,617,617,,,0,,Unknown / not modeled
BIC617F,BIC,FIRE,F1,617,617,,,0,,Unknown / not modeled
BIC617G,BIC,FIRE,F1,617,617,,,0,,Unknown / not modeled
BIC617H,BIC,FIRE,F1,617,617,,,0,,Unknown / not modeled
BIC625,BIC,FIRE,F1,625,625,,,0,,Unknown / not modeled
BIC635,BIC,FIRE,F1,635,635,,,0,,Unknown / not modeled
BIC699,BIC,FIRE,F1,699,699,,,0,,Unknown / not modeled
BIKE400,BIC,FIRE,F1,400,400,,,0,,Unknown / not modeled
BIKE401,BIC,FIRE,F1,407,407,,,0,,Unknown / not modeled
BIKE402,BIC,FIRE,F1,407,407,,,0,,Unknown / not modeled
BIKE403,BIC,FIRE,F1,403,403,,,0,,Unknown / not modeled
BIKE403B,BIC,FIRE,F1,403,403,,,0,,Unknown / not modeled
BIKE404,BIC,FIRE,F1,407,407,,,0,,Unknown / not modeled
BIKE405,BIC,FIRE,F1,407,407,,,0,,Unknown / not modeled
BIKE433,BIC,FIRE,F1,433,433,,,0,,Unknown / not modeled
BIKE433B,BIC,FIRE,F1,433,433,,,0,,Unknown / not modeled
BIKE443,BIC,FIRE,F1,433,433,,,0,,Unknown / not modeled
BIKE443B,BIC,FIRE,F1,433,433,,,0,,Unknown / not modeled
BIKE445,BIC,FIRE,F1,403,403,,,0,,Unknown / not modeled
BIKE613,BIC,FIRE,F1,613,613,,,0,,Unknown / not modeled
BIKE615,BIC,FIRE,F1,615,615,,,0,,Unknown / not modeled
BIKE615B,BIC,FIRE,F1,615,615,,,0,,Unknown / not modeled
BIKE615C,BIC,FIRE,F1,615,615,,,0,,Unknown / not modeled
BIKE615D,BIC,FIRE,F1,615,615,,,0,,Unknown / not modeled
BIKE615E,BIC,FIRE,F1,615,615,,,0,,Unknown / not modeled
BIKE615F,BIC,FIRE,F1,615,615,,,0,,Unknown / not modeled
BIKE615G,BIC,FIRE,F1,615,615,,,0,,Unknown / not modeled
BIKE615H,BIC,FIRE,F1,615,615,,,0,,Unknown / not modeled
BIKE615I,BIC,FIRE,F1,615,615,,,0,,Unknown / not modeled
BIKE615J,BIC,FIRE,F1,615,615,,,0,,Unknown / not modeled
BIKE617,BIC,FIRE,F1,617,617,,,0,,Unknown / not modeled
BIKE617B,BIC,FIRE,F1,617,617,,,0,,Unknown / not modeled
BIKE617C,BIC,FIRE,F1,617,617,,,0,,Unknown / not modeled
BIKE617D,BIC,FIRE,F1,617,617,,,0,,Unknown / not modeled
BIKE617E,BIC,FIRE,F1,617,617,,,0,,Unknown / not modeled
BIKE617F,BIC,FIRE,F1,617,617,,,0,,Unknown / not modeled
BIKE617G,BIC,FIRE,F1,617,617,,,0,,Unknown / not modeled
BIKE617H,BIC,FIRE,F1,617,617,,,0,,Unknown / not modeled
BIKE625,BIC,FIRE,F1,625,625,,,0,,Unknown / not modeled
BIKE635,BIC,FIRE,F1,635,635,,,0,,Unknown / not modeled
BIKE699,BIC,FIRE,F1,699,699,,,0,,Unknown / not modeled
BK101,ADM,FIRE,F1,101,101,,,0,,Unknown / not modeled
BK102,ADM,FIRE,F1,102,102,,,0,,Unknown / not modeled
BK103,ADM,FIRE,F1,103,103,,,0,,Unknown / not modeled
BK104,ADM,FIRE,F1,104,104,,,0,,Unknown / not modeled
BK105,ADM,FIRE,F1,105,105,,,0,,Unknown / not modeled
BK106,ADM,FIRE,F1,106,106,,,0,,Unknown / not modeled
BN100,ADM,FIRE,F1,100,100,,,0,,Unknown / not modeled
BR102,BR,FIRE,F1,102,102,,,0,,Unknown / not modeled
BR373,BR,FIRE,F1,302,302,,,0,,Unknown / not modeled
BR402,BR,FIRE,F1,402,402,,,0,,Unknown / not modeled
BR405,BR,FIRE,F1,405,405,,,0,,Unknown / not modeled
BR409,BR,FIRE,F1,409,409,,,0,,Unknown / not modeled
BR411,BR,FIRE,F1,411,411,,,0,,Unknown / not modeled
BR412,BR,FIRE,F1,412,412,,,0,,Unknown / not modeled
BR414,BR,FIRE,F1,414,414,,,0,,Unknown / not modeled
BR415,BR,FIRE,F1,415,415,,,0,,Unknown / not modeled
BR416,BR,FIRE,F1,416,416,,,0,,Unknown / not modeled
BR417,BR,FIRE,F1,417,417,,,0,,Unknown / not modeled
BR419,BR,FIRE,F1,424,424,,,0,,Unknown / not modeled
BR420,BR,FIRE,F1,420,420,,,0,,Unknown / not modeled
BR422,BR,FIRE,F1,422,422,,,0,,Unknown / not modeled
BR424,BR,FIRE,F1,424,424,,,0,,Unknown / not modeled
BR425,BR,FIRE,F1,425,425,,,0,,Unknown / not modeled
BR432,BR,FIRE,F1,432,432,,,0,,Unknown / not modeled
BR435,BR,FIRE,F1,435,435,,,0,,Unknown / not modeled
BR439,BR,FIRE,F1,439,439,,,0,,Unknown / not modeled
BR441,BR,FIRE,F1,441,441,,,0,,Unknown / not modeled
BR442,BR,FIRE,F1,442,442,,,0,,Unknown / not modeled
BR463,BR,FIRE,F1,463,463,,,0,,Unknown / not modeled
BR464,BR,FIRE,F1,464,464,,,0,,Unknown / not modeled
BR502,BR,FIRE,F1,502,502,,,0,,Unknown / not modeled
BR503,BR,FIRE,F1,503,503,,,0,,Unknown / not modeled
BR504,BR,FIRE,F1,504,504,,,0,,Unknown / not modeled
BR504A,BR,FIRE,F1,504,504,,,0,,Unknown / not modeled
BR505,BR,FIRE,F1,505,505,,,0,,Unknown / not modeled
BR506,BR,FIRE,F1,506,506,,,0,,Unknown / not modeled
BR507,BR,FIRE,F1,507,507,,,0,,Unknown / not modeled
BR512,BR,FIRE,F1,512,512,,,0,,Unknown / not modeled
BR514,BR,FIRE,F1,514,514,,,0,,Unknown / not modeled
BR515,BR,FIRE,F1,515,515,,,0,,Unknown / not modeled
BR516,BR,FIRE,F1,516,516,,,0,,Unknown / not modeled
BR517,BR,FIRE,F1,517,517,,,0,,Unknown / not modeled
BR518,BR,FIRE,F1,518,518,,,0,,Unknown / not modeled
BR524,BR,FIRE,F1,524,524,,,0,,Unknown / not modeled
BR525,BR,FIRE,F1,525,525,,,0,,Unknown / not modeled
BR526,BR,FIRE,F1,526,526,,,0,,Unknown / not modeled
BR601,BR,FIRE,F1,601,601,,,0,,Unknown / not modeled
BR602,BR,FIRE,F1,602,602,,,0,,Unknown / not modeled
BR602B,BR,FIRE,F1,602,602,,,0,,Unknown / not modeled
BR603,BR,FIRE,F1,603,603,,,0,,Unknown / not modeled
BR604,BR,FIRE,F1,604,604,,,0,,Unknown / not modeled
BR604B,BR,FIRE,F1,604,604,,,0,,Unknown / not modeled
BR605,BR,FIRE,F1,605,605,,,0,,Unknown / not modeled
BR606,BR,FIRE,F1,606,606,,,0,,Unknown / not modeled
BR607,BR,FIRE,F1,607,607,,,0,,Unknown / not modeled
BR608,BR,FIRE,F1,608,608,,,0,,Unknown / not modeled
BR608B,BR,FIRE,F1,608,608,,,0,,Unknown / not modeled
BR609,BR,FIRE,F1,609,609,,,0,,Unknown / not modeled
BR609B,BR,FIRE,F1,609,609,,,0,,Unknown / not modeled
BR610,BR,FIRE,F1,610,610,,,0,,Unknown / not modeled
BR610B,BR,FIRE,F1,610,610,,,0,,Unknown / not modeled
BR611,BR,FIRE,F1,611,611,,,0,,Unknown / not modeled
BR612,BR,FIRE,F1,612,612,,,0,,Unknown / not modeled
BR620,BR,FIRE,F1,620,620,,,0,,Unknown / not modeled
BR621,BR,FIRE,F1,621,621,,,0,,Unknown / not modeled
BR626,BR,FIRE,F1,626,626,,,0,,Unknown / not modeled
BR710,BROJ,FIRE,F1,710,710,,,0,,Unknown / not modeled
BR812,BR,FIRE,F1,812,812,,,0,,Unknown / not modeled
BR818,BR,FIRE,F1,818,818,,,0,,Unknown / not modeled
BR820,BR,FIRE,F1,820,820,,,0,,Unknown / not modeled
BR823,BR,FIRE,F1,823,823,,,0,,Unknown / not modeled
BR824,BR,FIRE,F1,824,824,,,0,,Unknown / not modeled
BR831,BR,FIRE,F1,831,831,,,0,,Unknown / not modeled
BR832,BR,FIRE,F1,832,832,,,0,,Unknown / not modeled
BR836,BR,FIRE,F1,836,836,,,0,,Unknown / not modeled
BR836B,BR,FIRE,F1,836,836,,,0,,Unknown / not modeled
BR837,BR,FIRE,F1,837,837,,,0,,Unknown / not modeled
BR839,BR,FIRE,F1,839,839,,,0,,Unknown / not modeled
BR840,BR,FIRE,F1,840,840,,,0,,Unknown / not modeled
BR843,BR,FIRE,F1,843,843,,,0,,Unknown / not modeled
BR848,BR,FIRE,F1,848,848,,,0,,Unknown / not modeled
BR901,BR,FIRE,F1,900,900,,,0,,Unknown / not modeled
BR903,BR,FIRE,F1,900,900,,,0,,Unknown / not modeled
BR905,BR,FIRE,F1,900,900,,,0,,Unknown / not modeled
BR906,BR,FIRE,F1,900,900,,,0,,Unknown / not modeled
BR907,BR,FIRE,F1,900,900,,,0,,Unknown / not modeled
BR908,BR,FIRE,F1,900,900,,,0,,Unknown / not modeled
BR909,BR,FIRE,F1,900,900,,,0,,Unknown / not modeled
BR910,BR,FIRE,F1,900,900,,,0,,Unknown / not modeled
BR911,BR,FIRE,F1,900,900,,,0,,Unknown / not modeled
BR912,BR,FIRE,F1,900,900,,,0,,Unknown / not modeled
BR913,BR,FIRE,F1,900,900,,,0,,Unknown / not modeled
BR913B,BR,FIRE,F1,900,900,,,0,,Unknown / not modeled
BR914,BR,FIRE,F1,900,900,,,0,,Unknown / not modeled
BR915,BR,FIRE,F1,900,900,,,0,,Unknown / not modeled
BR917,BR,FIRE,F1,900,900,,,0,,Unknown / not modeled
BR917B,BR,FIRE,F1,900,900,,,0,,Unknown / not modeled
BR920,BR,FIRE,F1,900,900,,,0,,Unknown / not modeled
BR921,BR,FIRE,F1,900,900,,,0,,Unknown / not modeled
BR922,BR,FIRE,F1,900,900,,,0,,Unknown / not modeled
BR923,BR,FIRE,F1,900,900,,,0,,Unknown / not modeled
BR928,BR,FIRE,F1,900,900,,,0,,Unknown / not modeled
BSBAIDE,ADM,FIRE,F1,HQF,HQF,,,0,,Unknown / not modeled
BSU393,ADM,FIRE,F1,301,301,,,0,,Unknown / not modeled
BSU394,ADM,FIRE,F1,301,301,,,0,,Unknown / not modeled
BT100,BTOJ,FIRE,F1,101,100,,,0,,Unknown / not modeled
BT1004,BTOJ,FIRE,F1,1008,1008,,,0,,Unknown / not modeled
BT1007,BTOJ,FIRE,F1,1008,1008,,,0,,Unknown / not modeled
BT100B,BTOJ,FIRE,F1,101,100,,,0,,Unknown / not modeled
BT1014,BTOJ,FIRE,F1,1008,1008,,,0,,Unknown / not modeled
BT301,BTOJ,FIRE,F1,301,301,,,0,,Unknown / not modeled
BT373,BTOJ,FIRE,F1,302,302,,,0,,Unknown / not modeled
BT375,BTOJ,FIRE,F1,302,302,,,0,,Unknown / not modeled
BT376,BTOJ,FIRE,F1,301,301,,,0,,Unknown / not modeled
BT377,BTOJ,FIRE,F1,302,302,,,0,,Unknown / not modeled
BT378,BTOJ,FIRE,F1,301,301,,,0,,Unknown / not modeled
BT396,BTOJ,FIRE,F1,301,301,,,0,,Unknown / not modeled
BT410,BT,FIRE,F1,423,423,,,0,,Unknown / not modeled
BT412,BT,FIRE,F1,412,412,,,0,,Unknown / not modeled
BT414,BT,FIRE,F1,414,414,,,0,,Unknown / not modeled
BT416,BT,FIRE,F1,416,416,,,0,,Unknown / not modeled
BT418,BT,FIRE,F1,418,418,,,0,,Unknown / not modeled
BT420,BT,FIRE,F1,420,420,,,0,,Unknown / not modeled
BT421,BT,FIRE,F1,421,421,,,0,,Unknown / not modeled
BT432,BT,FIRE,F1,432,432,,,0,,Unknown / not modeled
BT433,BT,FIRE,F1,433,433,,,0,,Unknown / not modeled
BT439,BT,FIRE,F1,439,439,,,0,,Unknown / not modeled
BT441,BT,FIRE,F1,441,441,,,0,,Unknown / not modeled
BT501,BTOJ,FIRE,F1,501,501,,,0,,Unknown / not modeled
BT502,BTOJ,FIRE,F1,502,502,,,0,,Unknown / not modeled
BT502A,BTOJ,FIRE,F1,502,502,,,0,,Unknown / not modeled
BT502B,BTOJ,FIRE,F1,502,502,,,0,,Unknown / not modeled
BT503,BTOJ,FIRE,F1,503,503,,,0,,Unknown / not modeled
BT507,BTOJ,FIRE,F1,507,507,,,0,,Unknown / not modeled
BT507C,BTOJ,FIRE,F1,507,507,,,0,,Unknown / not modeled
BT512,BTOJ,FIRE,F1,512,512,,,0,,Unknown / not modeled
BT514,BTOJ,FIRE,F1,514,514,,,0,,Unknown / not modeled
BT517,BTOJ,FIRE,F1,517,517,,,0,,Unknown / not modeled
BT704,BTOJ,FIRE,F1,704,704,,,0,,Unknown / not modeled
BT710,BTOJ,FIRE,F1,710,710,,,0,,Unknown / not modeled
BT710B,BTOJ,FIRE,F1,710,710,,,0,,Unknown / not modeled
BT711,BTOJ,FIRE,F1,711,711,,,0,,Unknown / not modeled
BT714,BTOJ,FIRE,F1,714,714,,,0,,Unknown / not modeled
BT714B,BTOJ,FIRE,F1,714,714,,,0,,Unknown / not modeled
BT725,BTOJ,FIRE,F1,725,725,,,0,,Unknown / not modeled
BT729,BTOJ,FIRE,F1,729,729,,,0,,Unknown / not modeled
BT730,BTOJ,FIRE,F1,730,730,,,0,,Unknown / not modeled
BT730B,BTOJ,FIRE,F1,730,730,,,0,,Unknown / not modeled
BT731,BTOJ,FIRE,F1,731,731,,,0,,Unknown / not modeled
BT740,BTOJ,FIRE,F1,740,740,,,0,,Unknown / not modeled
BT806,BTOJ,FIRE,F1,806,806,,,0,,Unknown / not modeled
BT812,BTOJ,FIRE,F1,812,812,,,0,,Unknown / not modeled
BT820,BTOJ,FIRE,F1,820,820,,,0,,Unknown / not modeled
BT847,BTOJ,FIRE,F1,847,847,,,0,,Unknown / not modeled
BT849,BTOJ,FIRE,F1,849,849,,,0,,Unknown / not modeled
BT856,BTOJ,FIRE,F1,856,856,,,0,,Unknown / not modeled
BT857,BTOJ,FIRE,F1,857,857,,,0,,Unknown / not modeled
BT858,BTOJ,FIRE,F1,858,858,,,0,,Unknown / not modeled
BT915,BT,FIRE,F1,900,900,,,0,,Unknown / not modeled
BT915B,BT,FIRE,F1,900,900,,,0,,Unknown / not modeled
BT919,BT,FIRE,F1,900,900,,,0,,Unknown / not modeled
BT928,BT,FIRE,F1,900,900,,,0,,Unknown / not modeled
BTI410,BTI,FIRE,F1,410,410,,,0,,Unknown / not modeled
BTI412,BTI,FIRE,F1,412,412,,,0,,Unknown / not modeled
BTI414,BTI,FIRE,F1,414,414,,,0,,Unknown / not modeled
BTI416,BTI,FIRE,F1,416,416,,,0,,Unknown / not modeled
BTI418,BTI,FIRE,F1,418,418,,,0,,Unknown / not modeled
BTI420,BTI,FIRE,F1,420,420,,,0,,Unknown / not modeled
BTI421,BTI,FIRE,F1,421,421,,,0,,Unknown / not modeled
BTI432,BTI,FIRE,F1,432,432,,,0,,Unknown / not modeled
BTI439,BTI,FIRE,F1,439,439,,,0,,Unknown / not modeled
BTI441,BTI,FIRE,F1,441,441,,,0,,Unknown / not modeled
BTI502,BTIOJ,FIRE,F1,502,502,,,0,,Unknown / not modeled
BTI502B,BTIOJ,FIRE,F1,502,502,,,0,,Unknown / not modeled
BTI507,BTIOJ,FIRE,F1,507,507,,,0,,Unknown / not modeled
BTI507B,BTIOJ,FIRE,F1,507,507,,,0,,Unknown / not modeled
BTI507C,BTIOJ,FIRE,F1,507,507,,,0,,Unknown / not modeled
BTI512,BTIOJ,FIRE,F1,512,512,,,0,,Unknown / not modeled
BTI514,BTIOJ,FIRE,F1,514,514,,,0,,Unknown / not modeled
BTI517,BTIOJ,FIRE,F1,517,517,,,0,,Unknown / not modeled
BTI610,BTIOJ,FIRE,F1,610,610,,,0,,Unknown / not modeled
BTI610B,BTIOJ,FIRE,F1,610,610,,,0,,Unknown / not modeled
BTI613B,BTIOJ,FIRE,F1,613,613,,,0,,Unknown / not modeled
BTI615,BTIOJ,FIRE,F1,615,615,,,0,,Unknown / not modeled
BTI620,BTIOJ,FIRE,F1,620,620,,,0,,Unknown / not modeled
BTI623,BTIOJ,FIRE,F1,623,623,,,0,,Unknown / not modeled
BTI625,BTIOJ,FIRE,F1,625,625,,,0,,Unknown / not modeled
BTI635,BTIOJ,FIRE,F1,635,635,,,0,,Unknown / not modeled
BTI680,BTIOJ,FIRE,F1,600,600,,,0,,Unknown / not modeled
BTI681,BTIOJ,FIRE,F1,600,600,,,0,,Unknown / not modeled
BTI682,BTIOJ,FIRE,F1,600,600,,,0,,Unknown / not modeled
BTI683,BTIOJ,FIRE,F1,600,600,,,0,,Unknown / not modeled
BTI730,BTIOJ,FIRE,F1,730,730,,,0,,Unknown / not modeled
BTS412,BTS,FIRE,F1,412,412,,,0,,Unknown / not modeled
BTS507,BTSOJ,FIRE,F1,507,507,,,0,,Unknown / not modeled
BTS517,BTSOJ,FIRE,F1,517,517,,,0,,Unknown / not modeled
BTS625,BTSOJ,FIRE,F1,625,625,,,0,,Unknown / not modeled
BTS710,BTSOJ,FIRE,F1,710,710,,,0,,Unknown / not modeled
BTS710B,BTSOJ,FIRE,F1,710,710,,,0,,Unknown / not modeled
BTS725,BTSOJ,FIRE,F1,725,725,,,0,,Unknown / not modeled
BTS729,BTSOJ,FIRE,F1,729,729,,,0,,Unknown / not modeled
BTS730,BTSOJ,FIRE,F1,730,730,,,0,,Unknown / not modeled
BTS730B,BTSOJ,FIRE,F1,730,730,,,0,,Unknown / not modeled
BTS731,BTSOJ,FIRE,F1,731,731,,,0,,Unknown / not modeled
BTS740,BTSOJ,FIRE,F1,740,740,,,0,,Unknown / not modeled
BTSU915,UT,FIRE,F1,900,900,,,0,,Unknown / not modeled
BTSU919,ADM,FIRE,F1,900,900,,,0,,Unknown / not modeled
BTSU928,ADM,FIRE,F1,900,900,,,0,,Unknown / not modeled
BU100,ADM,FIRE,F1,100,100,,,0,,Unknown / not modeled
BU101,ADM,FIRE,F1,101,101,,,0,,Unknown / not modeled
BU414,BU,FIRE,F1,414,414,,,0,,Unknown / not modeled
BU421,BU,FIRE,F1,421,421,,,0,,Unknown / not modeled
BU440,BU,FIRE,F1,440,440,,,0,,Unknown / not modeled
BU441,BU,FIRE,F1,441,441,,,0,,Unknown / not modeled
BU442,BU,FIRE,F1,442,442,,,0,,Unknown / not modeled
BU507,ADM,FIRE,F1,507,507,,,0,,Unknown / not modeled
BU516,ADM,FIRE,F1,516,516,,,0,,Unknown / not modeled
BU613,ADM,FIRE,F1,613,613,,,0,,Unknown / not modeled
BU635,ADM,FIRE,F1,635,635,,,0,,Unknown / not modeled
BUS407,BUS,FIRE,F1,407,407,,,0,,Unknown / not modeled
BUS519,BUS,FIRE,F1,519,519,,,0,,Unknown / not modeled
BUS690,BUS,FIRE,F1,699,699,,,0,,Unknown / not modeled
BUS727,BUS,FIRE,F1,727,727,,,0,,Unknown / not modeled
BUTV708,UTV,FIRE,F1,708,708,,,0,,Unknown / not modeled
BUTV740,UTV,FIRE,F1,740,740,,,0,,Unknown / not modeled
C161,ADM,FIRE,F1,161,161,,,0,,Unknown / not modeled
C200,ADM,FIRE,F1,200,200,,,0,,Unknown / not modeled
C201,ADM,FIRE,F1,200,200,,,0,,Unknown / not modeled
C202,ADM,FIRE,F1,200,200,,,0,,Unknown / not modeled
C203,ADM,FIRE,F1,200,200,,,0,,Unknown / not modeled
C204,ADM,FIRE,F1,200,200,,,0,,Unknown / not modeled
C300,DCNR,FIRE,F1,301,301,,,0,,Unknown / not modeled
C301,DCNR,FIRE,F1,301,301,,,0,,Unknown / not modeled
C302,DCNR,FIRE,F1,301,301,,,0,,Unknown / not modeled
C303,DCNR,FIRE,F1,301,301,,,0,,Unknown / not modeled
C304,DCNR,FIRE,F1,301,301,,,0,,Unknown / not modeled
C305,DCNR,FIRE,F1,301,301,,,0,,Unknown / not modeled
C320,DCNR,FIRE,F1,301,301,,,0,,Unknown / not modeled
C500,ADM,FIRE,F1,500,500,,,0,,Unknown / not modeled
C501,ADM,FIRE,F1,501,501,,,0,,Unknown / not modeled
C502,ADM,FIRE,F1,502,502,,,0,,Unknown / not modeled
C503,ADM,FIRE,F1,503,503,,,0,,Unknown / not modeled
C503F,ADM,FIRE,F1,503,503,,,0,,Unknown / not modeled
C505,ADM,FIRE,F1,505,505,,,0,,Unknown / not modeled
C507,ADM,FIRE,F1,507,507,,,0,,Unknown / not modeled
C508,ADM,FIRE,F1,508,508,,,0,,Unknown / not modeled
C510,ADM,FIRE,F1,510,510,,,0,,Unknown / not modeled
C511,ADM,FIRE,F1,511,511,,,0,,Unknown / not modeled
C512,ADM,FIRE,F1,512,512,,,0,,Unknown / not modeled
C513,ADM,FIRE,F1,513,513,,,0,,Unknown / not modeled
C514,ADM,FIRE,F1,514,514,,,0,,Unknown / not modeled
C516,ADM,FIRE,F1,516,516,,,0,,Unknown / not modeled
C518,ADM,FIRE,F1,518,518,,,0,,Unknown / not modeled
C519,ADM,FIRE,F1,519,519,,,0,,Unknown / not modeled
C520,ADM,FIRE,F1,520,520,,,0,,Unknown / not modeled
C525,ADM,FIRE,F1,525,525,,,0,,Unknown / not modeled
C600,ADM,FIRE,F1,600,600,,,0,,Unknown / not modeled
C600B,ADM,FIRE,F1,600,600,,,0,,Unknown / not modeled
C600C,ADM,FIRE,F1,600,600,,,0,,Unknown / not modeled
C601,ADM,FIRE,F1,600,600,,,0,,Unknown / not modeled
C602,ADM,FIRE,F1,600,600,,,0,,Unknown / not modeled
C604,ADM,FIRE,F1,600,600,,,0,,Unknown / not modeled
C605,ADM,FIRE,F1,600,600,,,0,,Unknown / not modeled
C606,ADM,FIRE,F1,600,600,,,0,,Unknown / not modeled
C607,ADM,FIRE,F1,600,600,,,0,,Unknown / not modeled
C608,ADM,FIRE,F1,600,600,,,0,,Unknown / not modeled
C609,ADM,FIRE,F1,600,600,,,0,,Unknown / not modeled
C610,ADM,FIRE,F1,600,600,,,0,,Unknown / not modeled
C611,ADM,FIRE,F1,600,600,,,0,,Unknown / not modeled
C612,ADM,FIRE,F1,600,600,,,0,,Unknown / not modeled
C613,ADM,FIRE,F1,600,600,,,0,,Unknown / not modeled
C614,ADM,FIRE,F1,600,600,,,0,,Unknown / not modeled
C615,ADM,FIRE,F1,600,600,,,0,,Unknown / not modeled
C617,ADM,FIRE,F1,600,600,,,0,,Unknown / not modeled
C621,ADM,FIRE,F1,621,621,,,0,,Unknown / not modeled
C801,ADM,FIRE,F1,801,801,,,0,,Unknown / not modeled
C805,ADM,FIRE,F1,805,805,,,0,,Unknown / not modeled
C806,ADM,FIRE,F1,806,806,,,0,,Unknown / not modeled
C807,ADM,FIRE,F1,807,807,,,0,,Unknown / not modeled
C808,ADM,FIRE,F1,808,808,,,0,,Unknown / not modeled
C809,ADM,FIRE,F1,809,809,,,0,,Unknown / not modeled
C810,ADM,FIRE,F1,810,810,,,0,,Unknown / not modeled
C811,ADM,FIRE,F1,811,811,,,0,,Unknown / not modeled
C812,ADM,FIRE,F1,812,812,,,0,,Unknown / not modeled
C813,ADM,FIRE,F1,813,813,,,0,,Unknown / not modeled
C814,ADM,FIRE,F1,814,814,,,0,,Unknown / not modeled
C815,ADM,FIRE,F1,800,800,,,0,,Unknown / not modeled
C816,ADM,FIRE,F1,816,816,,,0,,Unknown / not modeled
C817,ADM,FIRE,F1,817,817,,,0,,Unknown / not modeled
C818,ADM,FIRE,F1,818,818,,,0,,Unknown / not modeled
C819,ADM,FIRE,F1,819,819,,,0,,Unknown / not modeled
C820,ADM,FIRE,F1,820,820,,,0,,Unknown / not modeled
C821,ADM,FIRE,F1,821,821,,,0,,Unknown / not modeled
C823,ADM,FIRE,F1,823,823,,,0,,Unknown / not modeled
C824,ADM,FIRE,F1,824,824,,,0,,Unknown / not modeled
C825,ADM,FIRE,F1,825,825,,,0,,Unknown / not modeled
C826,ADM,FIRE,F1,826,826,,,0,,Unknown / not modeled
C827,ADM,FIRE,F1,827,827,,,0,,Unknown / not modeled
C828,ADM,FIRE,F1,828,828,,,0,,Unknown / not modeled
C829,ADM,FIRE,F1,829,829,,,0,,Unknown / not modeled
C830,ADM,FIRE,F1,830,830,,,0,,Unknown / not modeled
C831,ADM,FIRE,F1,831,831,,,0,,Unknown / not modeled
C832,ADM,FIRE,F1,832,832,,,0,,Unknown / not modeled
C833,ADM,FIRE,F1,833,833,,,0,,Unknown / not modeled
C834,ADM,FIRE,F1,834,834,,,0,,Unknown / not modeled
C835,ADM,FIRE,F1,835,835,,,0,,Unknown / not modeled
C836,ADM,FIRE,F1,836,836,,,0,,Unknown / not modeled
C837,ADM,FIRE,F1,837,837,,,0,,Unknown / not modeled
C838,ADM,FIRE,F1,838,838,,,0,,Unknown / not modeled
C839,ADM,FIRE,F1,839,839,,,0,,Unknown / not modeled
C840,ADM,FIRE,F1,840,840,,,0,,Unknown / not modeled
C841,ADM,FIRE,F1,841,841,,,0,,Unknown / not modeled
C842,ADM,FIRE,F1,842,842,,,0,,Unknown / not modeled
C843,ADM,FIRE,F1,843,843,,,0,,Unknown / not modeled
C844,ADM,FIRE,F1,844,844,,,0,,Unknown / not modeled
C845,ADM,FIRE,F1,845,845,,,0,,Unknown / not modeled
C846,ADM,FIRE,F1,846,846,,,0,,Unknown / not modeled
C847,ADM,FIRE,F1,847,847,,,0,,Unknown / not modeled
C848,ADM,FIRE,F1,848,848,,,0,,Unknown / not modeled
C849,ADM,FIRE,F1,849,849,,,0,,Unknown / not modeled
C855,ADM,FIRE,F1,855,855,,,0,,Unknown / not modeled
C856,ADM,FIRE,F1,856,856,,,0,,Unknown / not modeled
C862,ADM,FIRE,F1,800,800,,,0,,Unknown / not modeled
C900,FC,FIRE,F1,900,900,,,0,,Unknown / not modeled
C901,VC,FIRE,F1,900,900,,,0,,Unknown / not modeled
C901B,VC,FIRE,F1,900,900,,,0,,Unknown / not modeled
C901C,VC,FIRE,F1,900,900,,,0,,Unknown / not modeled
C901D,VC,FIRE,F1,900,900,,,0,,Unknown / not modeled
C902,VC,FIRE,F1,900,900,,,0,,Unknown / not modeled
C902B,VC,FIRE,F1,900,900,,,0,,Unknown / not modeled
C902C,VC,FIRE,F1,900,900,,,0,,Unknown / not modeled
C902D,VC,FIRE,F1,900,900,,,0,,Unknown / not modeled
C902E,VC,FIRE,F1,900,900,,,0,,Unknown / not modeled
C903,VC,FIRE,F1,900,900,,,0,,Unknown / not modeled
C903B,VC,FIRE,F1,900,900,,,0,,Unknown / not modeled
C903C,VC,FIRE,F1,900,900,,,0,,Unknown / not modeled
C903D,VC,FIRE,F1,900,900,,,0,,Unknown / not modeled
C903E,VC,FIRE,F1,900,900,,,0,,Unknown / not modeled
C904,VC,FIRE,F1,900,900,,,0,,Unknown / not modeled
C904B,VC,FIRE,F1,900,900,,,0,,Unknown / not modeled
C904C,VC,FIRE,F1,900,900,,,0,,Unknown / not modeled
C905,VC,FIRE,F1,900,900,,,0,,Unknown / not modeled
C905B,VC,FIRE,F1,900,900,,,0,,Unknown / not modeled
C905C,VC,FIRE,F1,900,900,,,0,,Unknown / not modeled
C905D,VC,FIRE,F1,900,900,,,0,,Unknown / not modeled
C906,VC,FIRE,F1,900,900,,,0,,Unknown / not modeled
C906B,VC,FIRE,F1,900,900,,,0,,Unknown / not modeled
C906C,VC,FIRE,F1,900,900,,,0,,Unknown / not modeled
C907,VC,FIRE,F1,900,900,,,0,,Unknown / not modeled
C907B,VC,FIRE,F1,900,900,,,0,,Unknown / not modeled
C907C,VC,FIRE,F1,900,900,,,0,,Unknown / not modeled
C908,VC,FIRE,F1,900,900,,,0,,Unknown / not modeled
C908B,VC,FIRE,F1,900,900,,,0,,Unknown / not modeled
C908C,VC,FIRE,F1,900,900,,,0,,Unknown / not modeled
C909,VC,FIRE,F1,900,900,,,0,,Unknown / not modeled
C909B,VC,FIRE,F1,900,900,,,0,,Unknown / not modeled
C909C,VC,FIRE,F1,900,900,,,0,,Unknown / not modeled
C910,VC,FIRE,F1,900,900,,,0,,Unknown / not modeled
C910B,VC,FIRE,F1,900,900,,,0,,Unknown / not modeled
C911,VC,FIRE,F1,900,900,,,0,,Unknown / not modeled
C911B,VC,FIRE,F1,900,900,,,0,,Unknown / not modeled
C911C,VC,FIRE,F1,900,900,,,0,,Unknown / not modeled
C912,VC,FIRE,F1,900,900,,,0,,Unknown / not modeled
C912B,VC,FIRE,F1,900,900,,,0,,Unknown / not modeled
C912C,VC,FIRE,F1,900,900,,,0,,Unknown / not modeled
C913,VC,FIRE,F1,900,900,,,0,,Unknown / not modeled
C913B,VC,FIRE,F1,900,900,,,0,,Unknown / not modeled
C913C,VC,FIRE,F1,900,900,,,0,,Unknown / not modeled
C914,VC,FIRE,F1,900,900,,,0,,Unknown / not modeled
C914B,VC,FIRE,F1,900,900,,,0,,Unknown / not modeled
C915,VC,FIRE,F1,900,900,,,0,,Unknown / not modeled
C915B,VC,FIRE,F1,900,900,,,0,,Unknown / not modeled
C915C,VC,FIRE,F1,900,900,,,0,,Unknown / not modeled
C915D,VC,FIRE,F1,900,900,,,0,,Unknown / not modeled
C916,VC,FIRE,F1,900,900,,,0,,Unknown / not modeled
C916B,VC,FIRE,F1,900,900,,,0,,Unknown / not modeled
C916C,VC,FIRE,F1,900,900,,,0,,Unknown / not modeled
C917,VC,FIRE,F1,900,900,,,0,,Unknown / not modeled
C917B,VC,FIRE,F1,900,900,,,0,,Unknown / not modeled
C917C,VC,FIRE,F1,900,900,,,0,,Unknown / not modeled
C919,VC,FIRE,F1,900,900,,,0,,Unknown / not modeled
C919B,VC,FIRE,F1,900,900,,,0,,Unknown / not modeled
C919C,VC,FIRE,F1,900,900,,,0,,Unknown / not modeled
C920,VC,FIRE,F1,900,900,,,0,,Unknown / not modeled
C920B,VC,FIRE,F1,900,900,,,0,,Unknown / not modeled
C920C,VC,FIRE,F1,900,900,,,0,,Unknown / not modeled
C921,VC,FIRE,F1,900,900,,,0,,Unknown / not modeled
C921B,VC,FIRE,F1,900,900,,,0,,Unknown / not modeled
C921C,VC,FIRE,F1,900,900,,,0,,Unknown / not modeled
C922,VC,FIRE,F1,900,900,,,0,,Unknown / not modeled
C922B,VC,FIRE,F1,900,900,,,0,,Unknown / not modeled
C922C,VC,FIRE,F1,900,900,,,0,,Unknown / not modeled
C923,VC,FIRE,F1,900,900,,,0,,Unknown / not modeled
C923B,VC,FIRE,F1,900,900,,,0,,Unknown / not modeled
C923C,VC,FIRE,F1,900,900,,,0,,Unknown / not modeled
C923D,VC,FIRE,F1,900,900,,,0,,Unknown / not modeled
C924,VC,FIRE,F1,900,900,,,0,,Unknown / not modeled
C924B,VC,FIRE,F1,900,900,,,0,,Unknown / not modeled
C924C,VC,FIRE,F1,900,900,,,0,,Unknown / not modeled
C930,VC,FIRE,F1,900,900,,,0,,Unknown / not modeled
C950,VC,FIRE,F1,900,900,,,0,,Unknown / not modeled
C950B,VC,FIRE,F1,900,900,,,0,,Unknown / not modeled
C950C,VC,FIRE,F1,900,900,,,0,,Unknown / not modeled
C951,VC,FIRE,F1,900,900,,,0,,Unknown / not modeled
CA114,ADM,FIRE,F1,100,100,,,0,,Unknown / not modeled
CA201,ADM,FIRE,F1,206,206,,,0,,Unknown / not modeled
CA321,ADM,FIRE,F1,301,301,,,0,,Unknown / not modeled
CA400,ADM,FIRE,F1,418,418,,,0,,Unknown / not modeled
CA401,OPS,FIRE,F1,444,444,,,0,,Unknown / not modeled
CAN103,ADM,FIRE,F1,108,108,,,0,,Unknown / not modeled
CAN106,ADM,FIRE,F1,106,106,,,0,,Unknown / not modeled
CAN400,ADM,FIRE,F1,HQF,HQF,,,0,,Unknown / not modeled
CAN402,CAN,FIRE,F1,402,402,,,0,,Unknown / not modeled
CAN408,CAN,FIRE,F1,408,408,,,0,,Unknown / not modeled
CAN413,CAN,FIRE,F1,413,413,,,0,,Unknown / not modeled
CAN417,CAN,FIRE,F1,417,417,,,0,,Unknown / not modeled
CAN422,CAN,FIRE,F1,422,422,,,0,,Unknown / not modeled
CAN422B,CAN,FIRE,F1,422,422,,,0,,Unknown / not modeled
CAN490,CAN,FIRE,F1,415,415,,,0,,Unknown / not modeled
CAN490B,CAN,FIRE,F1,HQF,HQF,,,0,,Unknown / not modeled
CAN524,CAN,FIRE,F1,524,524,,,0,,Unknown / not modeled
CAN525,CAN,FIRE,F1,525,525,,,0,,Unknown / not modeled
CAN601,CAN,FIRE,F1,601,601,,,0,,Unknown / not modeled
CAN611,CAN,FIRE,F1,611,611,,,0,,Unknown / not modeled
CAN612,CAN,FIRE,F1,611,611,,,0,,Unknown / not modeled
CAN613,CAN,FIRE,F1,613,613,,,0,,Unknown / not modeled
CAN705,CAN,FIRE,F1,705,705,,,0,,Unknown / not modeled
CAN708,CAN,FIRE,F1,708,708,,,0,,Unknown / not modeled
CAN709,CAN,FIRE,F1,709,709,,,0,,Unknown / not modeled
CAN714,CAN,FIRE,F1,714,714,,,0,,Unknown / not modeled
CAN717,CAN,FIRE,F1,717,717,,,0,,Unknown / not modeled
CAN733,CAN,FIRE,F1,733,733,,,0,,Unknown / not modeled
CAN740,CAN,FIRE,F1,740,740,,,0,,Unknown / not modeled
CAN801,CAN,FIRE,F1,800,800,,,0,,Unknown / not modeled
CAN802,CAN,FIRE,F1,800,800,,,0,,Unknown / not modeled
CAN810,CAN,FIRE,F1,810,810,,,0,,Unknown / not modeled
CAN819,CAN,FIRE,F1,819,819,,,0,,Unknown / not modeled
CAN839,CAN,FIRE,F1,839,839,,,0,,Unknown / not modeled
CAN901,CAN,FIRE,F1,900,900,,,0,,Unknown / not modeled
CAP600,ADM,FIRE,F1,600,600,,,0,,Unknown / not modeled
CAP670,ADM,FIRE,F1,600,600,,,0,,Unknown / not modeled
CAP671,ADM,FIRE,F1,600,600,,,0,,Unknown / not modeled
CAP690,ADM,FIRE,F1,600,600,,,0,,Unknown / not modeled
CAP691,ADM,FIRE,F1,600,600,,,0,,Unknown / not modeled
CAPT371,BCNR,FIRE,F1,302,302,,,0,,Unknown / not modeled
CAPT391,BCNR,FIRE,F1,302,302,,,0,,Unknown / not modeled
CAR612,ADM,FIRE,F1,612,612,,,0,,Unknown / not modeled
CAR614,ADM,FIRE,F1,614,614,,,0,,Unknown / not modeled
CAR615,ADM,FIRE,F1,615,615,,,0,,Unknown / not modeled
CAR617,ADM,FIRE,F1,617,617,,,0,,Unknown / not modeled
CAR625,ADM,FIRE,F1,625,625,,,0,,Unknown / not modeled
CAR625B,ADM,FIRE,F1,625,625,,,0,,Unknown / not modeled
CAR635,ADM,FIRE,F1,635,635,,,0,,Unknown / not modeled
CAR903,ADM,FIRE,F1,900,900,,,0,,Unknown / not modeled
CAR905,ADM,FIRE,F1,900,900,,,0,,Unknown / not modeled
CAR906,ADM,FIRE,F1,900,900,,,0,,Unknown / not modeled
CAR909,ADM,FIRE,F1,900,900,,,0,,Unknown / not modeled
CAR911,ADM,FIRE,F1,900,900,,,0,,Unknown / not modeled
CAR915,ADM,FIRE,F1,900,900,,,0,,Unknown / not modeled
CAR919,ADM,FIRE,F1,900,900,,,0,,Unknown / not modeled
CAR920,ADM,FIRE,F1,900,900,,,0,,Unknown / not modeled
CAR921,ADM,FIRE,F1,900,900,,,0,,Unknown / not modeled
CAR922,ADM,FIRE,F1,900,900,,,0,,Unknown / not modeled
CAR930,ADM,FIRE,F1,900,900,,,0,,Unknown / not modeled
CD800,ADM,FIRE,F1,800,800,,,0,,Unknown / not modeled
CERT490,ADM,FIRE,F1,HQF,HQF,,,0,,Unknown / not modeled
CFFC,FC,FIRE,F1,403,403,,,0,,Unknown / not modeled
CFOC,AC,FIRE,F1,403,403,,,0,,Unknown / not modeled
CG,ADM,FIRE,F1,400,400,,,0,,Unknown / not modeled
CH501,ADM,FIRE,F1,501,501,,,0,,Unknown / not modeled
CH502,ADM,FIRE,F1,502,502,,,0,,Unknown / not modeled
CH503,ADM,FIRE,F1,503,503,,,0,,Unknown / not modeled
CH504,ADM,FIRE,F1,504,504,,,0,,Unknown / not modeled
CH505,ADM,FIRE,F1,505,505,,,0,,Unknown / not modeled
CH506,ADM,FIRE,F1,506,506,,,0,,Unknown / not modeled
CH507,ADM,FIRE,F1,507,507,,,0,,Unknown / not modeled
CHP401,ADM,FIRE,F1,HQ,HM,,,0,,Unknown / not modeled
CHP402,ADM,FIRE,F1,HQ,HM,,,0,,Unknown / not modeled
CHP403,ADM,FIRE,F1,HQ,HM,,,0,,Unknown / not modeled
CHP404,ADM,FIRE,F1,HQ,HM,,,0,,Unknown / not modeled
CHP405,ADM,FIRE,F1,HQ,HM,,,0,,Unknown / not modeled
CHP406,ADM,FIRE,F1,HQ,HM,,,0,,Unknown / not modeled
CHP407,ADM,FIRE,F1,HQ,HM,,,0,,Unknown / not modeled
CHP410,ADM,FIRE,F1,HQ,HM,,,0,,Unknown / not modeled
CHP412,ADM,FIRE,F1,HQ,HM,,,0,,Unknown / not modeled
CHP414,ADM,FIRE,F1,HQ,HM,,,0,,Unknown / not modeled
CHP417,ADM,FIRE,F1,HQ,HM,,,0,,Unknown / not modeled
CHP419,ADM,FIRE,F1,HQ,HM,,,0,,Unknown / not modeled
CHP601,ADM,FIRE,F1,601,601,,,0,,Unknown / not modeled
CHP601B,ADM,FIRE,F1,601,601,,,0,,Unknown / not modeled
CHP601C,ADM,FIRE,F1,601,601,,,0,,Unknown / not modeled
CHP602,ADM,FIRE,F1,602,602,,,0,,Unknown / not modeled
CHP602B,ADM,FIRE,F1,602,602,,,0,,Unknown / not modeled
CHP602C,ADM,FIRE,F1,602,602,,,0,,Unknown / not modeled
CHP603,ADM,FIRE,F1,603,603,,,0,,Unknown / not modeled
CHP604,ADM,FIRE,F1,604,604,,,0,,Unknown / not modeled
CHP606,ADM,FIRE,F1,606,606,,,0,,Unknown / not modeled
CHP606B,ADM,FIRE,F1,606,606,,,0,,Unknown / not modeled
CHP606C,ADM,FIRE,F1,606,606,,,0,,Unknown / not modeled
CHP606E,ADM,FIRE,F1,606,606,,,0,,Unknown / not modeled
CHP606F,ADM,FIRE,F1,606,606,,,0,,Unknown / not modeled
CHP609,ADM,FIRE,F1,609,609,,,0,,Unknown / not modeled
CHP609B,ADM,FIRE,F1,609,609,,,0,,Unknown / not modeled
CHP609C,ADM,FIRE,F1,609,609,,,0,,Unknown / not modeled
CHP609D,ADM,FIRE,F1,609,609,,,0,,Unknown / not modeled
CHP612,ADM,FIRE,F1,612,612,,,0,,Unknown / not modeled
CHP612B,ADM,FIRE,F1,612,612,,,0,,Unknown / not modeled
CHP613,ADM,FIRE,F1,613,613,,,0,,Unknown / not modeled
CHP613B,ADM,FIRE,F1,613,613,,,0,,Unknown / not modeled
CHP613C,ADM,FIRE,F1,613,613,,,0,,Unknown / not modeled
CHP613D,ADM,FIRE,F1,613,613,,,0,,Unknown / not modeled
CHP614,ADM,FIRE,F1,614,614,,,0,,Unknown / not modeled
CHP614B,ADM,FIRE,F1,614,614,,,0,,Unknown / not modeled
CHP615,ADM,FIRE,F1,615,615,,,0,,Unknown / not modeled
CHP615B,ADM,FIRE,F1,615,615,,,0,,Unknown / not modeled
CHP615C,ADM,FIRE,F1,615,615,,,0,,Unknown / not modeled
CHP615D,ADM,FIRE,F1,615,615,,,0,,Unknown / not modeled
CHP615E,ADM,FIRE,F1,615,615,,,0,,Unknown / not modeled
CHP615F,ADM,FIRE,F1,615,615,,,0,,Unknown / not modeled
CHP615G,ADM,FIRE,F1,615,615,,,0,,Unknown / not modeled
CHP615H,ADM,FIRE,F1,615,615,,,0,,Unknown / not modeled
CHP615I,ADM,FIRE,F1,615,615,,,0,,Unknown / not modeled
CHP617,ADM,FIRE,F1,617,617,,,0,,Unknown / not modeled
CHP618,ADM,FIRE,F1,618,618,,,0,,Unknown / not modeled
CHP618B,ADM,FIRE,F1,618,618,,,0,,Unknown / not modeled
CHP618C,ADM,FIRE,F1,618,618,,,0,,Unknown / not modeled
CHP618D,ADM,FIRE,F1,618,618,,,0,,Unknown / not modeled
CHP618E,ADM,FIRE,F1,618,618,,,0,,Unknown / not modeled
CHP625B,ADM,FIRE,F1,625,625,,,0,,Unknown / not modeled
CHP625C,ADM,FIRE,F1,625,625,,,0,,Unknown / not modeled
CHP625D,ADM,FIRE,F1,625,625,,,0,,Unknown / not modeled
CL502,ADM,FIRE,F1,502,502,,,0,,Unknown / not modeled
CL504,ADM,FIRE,F1,504,504,,,0,,Unknown / not modeled
CL522,ADM,FIRE,F1,522,522,,,0,,Unknown / not modeled
CM125,ADM,FIRE,F1,100,100,,,0,,Unknown / not modeled
CMD601,ADM,FIRE,F1,601,601,,,0,,Unknown / not modeled
CMD602,ADM,FIRE,F1,602,602,,,0,,Unknown / not modeled
CMD606,ADM,FIRE,F1,606,606,,,0,,Unknown / not modeled
CMD608,ADM,FIRE,F1,608,608,,,0,,Unknown / not modeled
CMD609,ADM,FIRE,F1,609,609,,,0,,Unknown / not modeled
CMD611,ADM,FIRE,F1,611,611,,,0,,Unknown / not modeled
CMD613,ADM,FIRE,F1,613,613,,,0,,Unknown / not modeled
CMD615,ADM,FIRE,F1,615,615,,,0,,Unknown / not modeled
CMD617,ADM,FIRE,F1,617,617,,,0,,Unknown / not modeled
CMD618,ADM,FIRE,F1,618,618,,,0,,Unknown / not modeled
CMD620,ADM,FIRE,F1,620,620,,,0,,Unknown / not modeled
CO501,ADM,FIRE,F1,501,501,,,0,,Unknown / not modeled
CO502,ADM,FIRE,F1,502,502,,,0,,Unknown / not modeled
CO503,ADM,FIRE,F1,503,503,,,0,,Unknown / not modeled
CO504,ADM,FIRE,F1,504,504,,,0,,Unknown / not modeled
CO505,ADM,FIRE,F1,505,505,,,0,,Unknown / not modeled
CO506,ADM,FIRE,F1,506,506,,,0,,Unknown / not modeled
CO507,ADM,FIRE,F1,507,507,,,0,,Unknown / not modeled
CO508,ADM,FIRE,F1,508,508,,,0,,Unknown / not modeled
CO509,ADM,FIRE,F1,509,509,,,0,,Unknown / not modeled
CO510,ADM,FIRE,F1,510,510,,,0,,Unknown / not modeled
CO511,ADM,FIRE,F1,511,511,,,0,,Unknown / not modeled
CO512,ADM,FIRE,F1,512,512,,,0,,Unknown / not modeled
CO513,ADM,FIRE,F1,513,513,,,0,,Unknown / not modeled
CO514,ADM,FIRE,F1,514,514,,,0,,Unknown / not modeled
CO515,ADM,FIRE,F1,515,515,,,0,,Unknown / not modeled
CO516,ADM,FIRE,F1,516,516,,,0,,Unknown / not modeled
CO525,ADM,FIRE,F1,525,525,,,0,,Unknown / not modeled
CO526,ADM,FIRE,F1,526,526,,,0,,Unknown / not modeled
CODE600,ADM,FIRE,F1,600,600,,,0,,Unknown / not modeled
COM300,COM,FIRE,F1,301,301,,,0,,Unknown / not modeled
COM301,COM,FIRE,F1,301,301,,,0,,Unknown / not modeled
COM302,COM,FIRE,F1,302,302,,,0,,Unknown / not modeled
COM303,COM,FIRE,F1,303,303,,,0,,Unknown / not modeled
COM305,COM,FIRE,F1,301,301,,,0,,Unknown / not modeled
COM306,COM,FIRE,F1,301,301,,,0,,Unknown / not modeled
COM400,COM,FIRE,F1,445,445,,,0,,Unknown / not modeled
COM401,COM,FIRE,F1,445,445,,,0,,Unknown / not modeled
COM402,COM,FIRE,F1,445,445,,,0,,Unknown / not modeled
COM403,COM,FIRE,F1,445,445,,,0,,Unknown / not modeled
COM404,COM,FIRE,F1,445,445,,,0,,Unknown / not modeled
COM405,COM,FIRE,F1,445,445,,,0,,Unknown / not modeled
COM406,COM,FIRE,F1,445,445,,,0,,Unknown / not modeled
COM407,COM,FIRE,F1,445,445,,,0,,Unknown / not modeled
COM408,COM,FIRE,F1,445,445,,,0,,Unknown / not modeled
COM409,COM,FIRE,F1,445,445,,,0,,Unknown / not modeled
COM410,COM,FIRE,F1,445,445,,,0,,Unknown / not modeled
COM411,COM,FIRE,F1,445,445,,,0,,Unknown / not modeled
COM412,COM,FIRE,F1,445,445,,,0,,Unknown / not modeled
COM413,COM,FIRE,F1,445,445,,,0,,Unknown / not modeled
COM414,COM,FIRE,F1,445,445,,,0,,Unknown / not modeled
COM415,COM,FIRE,F1,445,445,,,0,,Unknown / not modeled
COM416,COM,FIRE,F1,445,445,,,0,,Unknown / not modeled
COM417,COM,FIRE,F1,445,445,,,0,,Unknown / not modeled
COM418,COM,FIRE,F1,445,445,,,0,,Unknown / not modeled
COM419,COM,FIRE,F1,445,445,,,0,,Unknown / not modeled
COM420,COM,FIRE,F1,COM,COM,,,0,,Unknown / not modeled
COM426,COM,FIRE,F1,COM,COM,,,0,,Unknown / not modeled
COM433,COM,FIRE,F1,COM,COM,,,0,,Unknown / not modeled
COM439,COM,FIRE,F1,COM,COM,,,0,,Unknown / not modeled
COM443,COM,FIRE,F1,COM,COM,,,0,,Unknown / not modeled
COM451,COM,FIRE,F1,COM,COM,,,0,,Unknown / not modeled
COM452,COM,FIRE,F1,COM,COM,,,0,,Unknown / not modeled
COM453,COM,FIRE,F1,COM,COM,,,0,,Unknown / not modeled
COM454,COM,FIRE,F1,COM,COM,,,0,,Unknown / not modeled
COM461,COM,FIRE,F1,COM,COM,,,0,,Unknown / not modeled
COM462,COM,FIRE,F1,COM,COM,,,0,,Unknown / not modeled
COM463,COM,FIRE,F1,COM,COM,,,0,,Unknown / not modeled
COM464,COM,FIRE,F1,COM,COM,,,0,,Unknown / not modeled
COM465,COM,FIRE,F1,COM,COM,,,0,,Unknown / not modeled
COM499,COM,FIRE,F1,COM,COM,,,0,,Unknown / not modeled
COM501,COM,FIRE,F1,500,500,,,0,,Unknown / not modeled
COM502,COM,FIRE,F1,500,500,,,0,,Unknown / not modeled
COM503,COM,FIRE,F1,500,500,,,0,,Unknown / not modeled
COM504,COM,FIRE,F1,500,500,,,0,,Unknown / not modeled
COM505,COM,FIRE,F1,500,500,,,0,,Unknown / not modeled
COM506,COM,FIRE,F1,500,500,,,0,,Unknown / not modeled
COM507,COM,FIRE,F1,500,500,,,0,,Unknown / not modeled
COM508,COM,FIRE,F1,500,500,,,0,,Unknown / not modeled
COM509,COM,FIRE,F1,500,500,,,0,,Unknown / not modeled
COM510,COM,FIRE,F1,500,500,,,0,,Unknown / not modeled
COM512,COM,FIRE,F1,500,500,,,0,,Unknown / not modeled
COM513,COM,FIRE,F1,500,500,,,0,,Unknown / not modeled
COM514,COM,FIRE,F1,500,500,,,0,,Unknown / not modeled
COM515,COM,FIRE,F1,500,500,,,0,,Unknown / not modeled
COM516,COM,FIRE,F1,500,500,,,0,,Unknown / not modeled
COM600,COM,FIRE,F1,600,600,,,0,,Unknown / not modeled
COM601,COM,FIRE,F1,600,600,,,0,,Unknown / not modeled
COM602,COM,FIRE,F1,600,600,,,0,,Unknown / not modeled
COM603,COM,FIRE,F1,600,600,,,0,,Unknown / not modeled
COM651,COM,FIRE,F1,600,600,,,0,,Unknown / not modeled
COM652,COM,FIRE,F1,600,600,,,0,,Unknown / not modeled
COM653,COM,FIRE,F1,600,600,,,0,,Unknown / not modeled
CRR401,ADM,FIRE,F1,HQF,HQF,,,0,,Unknown / not modeled
CRR402,ADM,FIRE,F1,HQF,HQF,,,0,,Unknown / not modeled
CRT401,ADM,FIRE,F1,HQF,HQF,,,0,,Unknown / not modeled
CRT402,ADM,FIRE,F1,HQF,HQF,,,0,,Unknown / not modeled
CRT443,ADM,FIRE,F1,443,443,,,0,,Unknown / not modeled
CSU400,CSU,FIRE,F1,COM,COM,,,0,,Unknown / not modeled
CSU401,CSU,FIRE,F1,COM,COM,,,0,,Unknown / not modeled
CSU402,CSU,FIRE,F1,COM,COM,,,0,,Unknown / not modeled
CSU403,CSU,FIRE,F1,COM,COM,,,0,,Unknown / not modeled
CSU404,CSU,FIRE,F1,COM,COM,,,0,,Unknown / not modeled
CSU405,CSU,FIRE,F1,COM,COM,,,0,,Unknown / not modeled
CSU406,CSU,FIRE,F1,COM,COM,,,0,,Unknown / not modeled
CSU407,CSU,FIRE,F1,COM,COM,,,0,,Unknown / not modeled
CSU408,CSU,FIRE,F1,COM,COM,,,0,,Unknown / not modeled
CSU409,CSU,FIRE,F1,COM,COM,,,0,,Unknown / not modeled
CSU410,CSU,FIRE,F1,COM,COM,,,0,,Unknown / not modeled
CSU411,CSU,FIRE,F1,COM,COM,,,0,,Unknown / not modeled
CSU412,CSU,FIRE,F1,COM,COM,,,0,,Unknown / not modeled
CSU413,CSU,FIRE,F1,COM,COM,,,0,,Unknown / not modeled
CSU414,CSU,FIRE,F1,COM,COM,,,0,,Unknown / not modeled
CSU415,CSU,FIRE,F1,COM,COM,,,0,,Unknown / not modeled
CSU443,CSU,FIRE,F1,COM,COM,,,0,,Unknown / not modeled
CSU800,CSU,FIRE,F1,800,800,,,0,,Unknown / not modeled
CSU800A,CSU,FIRE,F1,800,800,,,0,,Unknown / not modeled
CSU800B,CSU,FIRE,F1,800,800,,,0,,Unknown / not modeled
CSU800C,CSU,FIRE,F1,800,800,,,0,,Unknown / not modeled
CSU800D,CSU,FIRE,F1,800,800,,,0,,Unknown / not modeled
CSU800E,CSU,FIRE,F1,800,800,,,0,,Unknown / not modeled
CSU800F,CSU,FIRE,F1,800,800,,,0,,Unknown / not modeled
CSU800G,CSU,FIRE,F1,800,800,,,0,,Unknown / not modeled
CSU800H,CSU,FIRE,F1,800,800,,,0,,Unknown / not modeled
CSU800M,CSU,FIRE,F1,800,800,,,0,,Unknown / not modeled
CU100,ADM,FIRE,F1,100,100,,,0,,Unknown / not modeled
CW407,CW,FIRE,F1,407,407,,,0,,Unknown / not modeled
D300,ADM,FIRE,F1,301,300,,,0,,Unknown / not modeled
D302,ADM,FIRE,F1,302,302,,,0,,Unknown / not modeled
DC,DCNR,FIRE,F1,800,800,,,0,,Unknown / not modeled
DC0500,DCNR,FIRE,F1,506,506,,,0,,Unknown / not modeled
DC401,DFCO,FIRE,F1,421,421,,,0,,Unknown / not modeled
DC402,DFCO,FIRE,F1,437,437,,,0,,Unknown / not modeled
DC403,ADM,FIRE,F1,HQF,HQF,,,0,,Unknown / not modeled
DC404,ADM,FIRE,F1,HQF,HQF,,,0,,Unknown / not modeled
DC405,ADM,FIRE,F1,HQF,HQF,,,0,,Unknown / not modeled
DC406,ADM,FIRE,F1,HQF,HQF,,,0,,Unknown / not modeled
DC407,ADM,FIRE,F1,HQF,HQF,,,0,,Unknown / not modeled
DC408,ADM,FIRE,F1,HQF,HQF,,,0,,Unknown / not modeled
DC409,ADM,FIRE,F1,HQF,HQF,,,0,,Unknown / not modeled
DC410,ADM,FIRE,F1,HQF,HQF,,,0,,Unknown / not modeled
DC411,ADM,FIRE,F1,HQF,HQF,,,0,,Unknown / not modeled
DC412,ADM,FIRE,F1,HQF,HQF,,,0,,Unknown / not modeled
DC413,ADM,FIRE,F1,HQF,HQF,,,0,,Unknown / not modeled
DC414,ADM,FIRE,F1,HQF,HQF,,,0,,Unknown / not modeled
DC500,DCNR,FIRE,F1,500,500,,,0,,Unknown / not modeled
DC503,DCNR,FIRE,F1,503,503,,,0,,Unknown / not modeled
DC505,DCNR,FIRE,F1,505,505,,,0,,Unknown / not modeled
DC507,DCNR,FIRE,F1,507,507,,,0,,Unknown / not modeled
DC508,DCNR,FIRE,F1,508,508,,,0,,Unknown / not modeled
DC510,DCNR,FIRE,F1,510,510,,,0,,Unknown / not modeled
DC511,DCNR,FIRE,F1,511,511,,,0,,Unknown / not modeled
DC513,DCNR,FIRE,F1,513,513,,,0,,Unknown / not modeled
DC516,DCNR,FIRE,F1,516,516,,,0,,Unknown / not modeled
DC517,DCNR,FIRE,F1,517,517,,,0,,Unknown / not modeled
DC518,DCNR,FIRE,F1,518,518,,,0,,Unknown / not modeled
DC520,DCNR,FIRE,F1,520,520,,,0,,Unknown / not modeled
DC581,DCNR,FIRE,F1,501,501,,,0,,Unknown / not modeled
DC589,DCNR,FIRE,F1,509,509,,,0,,Unknown / not modeled
DC601,DCNR,FIRE,F1,600,600,,,0,,Unknown / not modeled
DC601B,DCNR,FIRE,F1,600,600,,,0,,Unknown / not modeled
DC606,DCNR,FIRE,F1,600,600,,,0,,Unknown / not modeled
DC613,DCNR,FIRE,F1,600,600,,,0,,Unknown / not modeled
DC615,DCNR,FIRE,F1,600,600,,,0,,Unknown / not modeled
DC615B,DCNR,FIRE,F1,600,600,,,0,,Unknown / not modeled
DC617,DCNR,FIRE,F1,600,600,,,0,,Unknown / not modeled
DC620,DCNR,FIRE,F1,600,600,,,0,,Unknown / not modeled
DC621,DCNR,FIRE,F1,600,600,,,0,,Unknown / not modeled
DC640,DCNR,FIRE,F1,600,600,,,0,,Unknown / not modeled
DC650,DCNR,FIRE,F1,600,600,,,0,,Unknown / not modeled
DC660,DCNR,FIRE,F1,600,600,,,0,,Unknown / not modeled
DC670,DCNR,FIRE,F1,600,600,,,0,,Unknown / not modeled
DC680,DCNR,FIRE,F1,600,600,,,0,,Unknown / not modeled
DC690,DCNR,FIRE,F1,600,600,,,0,,Unknown / not modeled
DC800,ADM,FIRE,F1,800,800,,,0,,Unknown / not modeled
DC800A,DCNR,FIRE,F1,800,800,,,0,,Unknown / not modeled
DC800B,DCNR,FIRE,F1,800,800,,,0,,Unknown / not modeled
DC800C,DCNR,FIRE,F1,800,800,,,0,,Unknown / not modeled
DC800D,DCNR,FIRE,F1,800,800,,,0,,Unknown / not modeled
DCN506B,ADM,FIRE,F1,506,506,,,0,,Unknown / not modeled
DCN516,ADM,FIRE,F1,516,516,,,0,,Unknown / not modeled
DCN701,ADM,FIRE,F1,701,701,,,0,,Unknown / not modeled
DCN719,ADM,FIRE,F1,719,719,,,0,,Unknown / not modeled
DCN734,ADM,FIRE,F1,734,734,,,0,,Unknown / not modeled
DCO500,DCNR,FIRE,F1,506,506,,,0,,Unknown / not modeled
DD100,ADM,FIRE,F1,100,100,,,0,,Unknown / not modeled
DFC111,DCNR,FIRE,F1,161,161,,,0,,Unknown / not modeled
DFC112,DCNR,FIRE,F1,161,161,,,0,,Unknown / not modeled
DFC120,DCNR,FIRE,F1,161,161,,,0,,Unknown / not modeled
DFC304,DCNR,FIRE,F1,304,304,,,0,,Unknown / not modeled
DFC402,DCO,FIRE,F1,HQF,HQF,,,0,,Unknown / not modeled
DFC403,DCO,FIRE,F1,HQF,HQF,,,0,,Unknown / not modeled
DFC404,DCO,FIRE,F1,HQF,HQF,,,0,,Unknown / not modeled
DFC405,DCO,FIRE,F1,HQF,HQF,,,0,,Unknown / not modeled
DFC463,DCOJ,FIRE,F1,463,463,,,0,,Unknown / not modeled
DFC495,TRNGDC,FIRE,F1,445,445,,,0,,Unknown / not modeled
DFCEMS,DC,FIRE,F1,HQF,HQF,,,0,,Unknown / not modeled
DFCO,DFCO,FIRE,F1,440,440,,,0,,Unknown / not modeled
DFCO401,DCO,FIRE,F1,HQF,HQF,,,0,,Unknown / not modeled
DFCO402,DCO,FIRE,F1,HQF,HQF,,,0,,Unknown / not modeled
DFCOA,DCO,FIRE,F1,HQF,HQF,,,0,,Unknown / not modeled
DFCOB,DCO,FIRE,F1,HQF,HQF,,,0,,Unknown / not modeled
DFCOC,DCO,FIRE,F1,HQF,HQF,,,0,,Unknown / not modeled
DFCP,DC,FIRE,F1,HQF,HQF,,,0,,Unknown / not modeled
DFCSO,DC,FIRE,F1,HQF,HQF,,,0,,Unknown / not modeled
DFCSP,DC,FIRE,F1,HQF,HQF,,,0,,Unknown / not modeled
DFCSPS,DC,FIRE,F1,HQF,HQF,,,0,,Unknown / not modeled
DFCSS,DC,FIRE,F1,HQF,HQF,,,0,,Unknown / not modeled
DFCTRN,DC,FIRE,F1,HQF,HQF,,,0,,Unknown / not modeled
DFR401,ADM,FIRE,F1,HQF,HQF,,,0,,Unknown / not modeled
DFR402,ADM,FIRE,F1,HQF,HQF,,,0,,Unknown / not modeled
DFR403,ADM,FIRE,F1,HQF,HQF,,,0,,Unknown / not modeled
DFR404,ADM,FIRE,F1,HQF,HQF,,,0,,Unknown / not modeled
DFR405,ADM,FIRE,F1,HQF,HQF,,,0,,Unknown / not modeled
DFR406,ADM,FIRE,F1,HQF,HQF,,,0,,Unknown / not modeled
DFR407,ADM,FIRE,F1,HQF,HQF,,,0,,Unknown / not modeled
DFR408,ADM,FIRE,F1,HQF,HQF,,,0,,Unknown / not modeled
DFR409,ADM,FIRE,F1,HQF,HQF,,,0,,Unknown / not modeled
DFR410,ADM,FIRE,F1,HQF,HQF,,,0,,Unknown / not modeled
DISSU615,ADM,FIRE,F1,615,615,,,0,,Unknown / not modeled
DOZ1,DOZ,FIRE,F1,407,407,,,0,,Unknown / not modeled
DPW1F,ADM,FIRE,F1,400,400,,,0,,Unknown / not modeled
DRC606,ADM,FIRE,F1,606,606,,,0,,Unknown / not modeled
DSU915,ADM,FIRE,F1,900,900,,,0,,Unknown / not modeled
DTCHF100,ADM,FIRE,F1,100,100,,,0,,Unknown / not modeled
DUTY601,ADM,FIRE,F1,600,600,,,0,,Unknown / not modeled
DUTY601B,ADM,FIRE,F1,600,600,,,0,,Unknown / not modeled
DUTY602,ADM,FIRE,F1,600,600,,,0,,Unknown / not modeled
DUTY604,ADM,FIRE,F1,600,600,,,0,,Unknown / not modeled
DUTY605,ADM,FIRE,F1,600,600,,,0,,Unknown / not modeled
DUTY606,ADM,FIRE,F1,600,600,,,0,,Unknown / not modeled
DUTY606B,ADM,FIRE,F1,600,600,,,0,,Unknown / not modeled
DUTY608,ADM,FIRE,F1,600,600,,,0,,Unknown / not modeled
DUTY609,ADM,FIRE,F1,600,600,,,0,,Unknown / not modeled
DUTY611,ADM,FIRE,F1,600,600,,,0,,Unknown / not modeled
DUTY611B,ADM,FIRE,F1,600,600,,,0,,Unknown / not modeled
DUTY612,ADM,FIRE,F1,600,600,,,0,,Unknown / not modeled
DUTY618,ADM,FIRE,F1,600,600,,,0,,Unknown / not modeled
DUTY620,ADM,FIRE,F1,600,600,,,0,,Unknown / not modeled
DUTY622,ADM,FIRE,F1,600,600,,,0,,Unknown / not modeled
DUTY624,ADM,FIRE,F1,600,600,,,0,,Unknown / not modeled
E101,E,FIRE,F1,101,101,,,0,,Unknown / not modeled
E101B,E,FIRE,F1,101,101,,,0,,Unknown / not modeled
E101M,E,FIRE,F1,101,101,,,0,,Unknown / not modeled
E102,E,FIRE,F1,102,102,,,0,,Unknown / not modeled
E102B,E,FIRE,F1,102,102,,,0,,Unknown / not modeled
E102M,E,FIRE,F1,102,102,,,0,,Unknown / not modeled
E103,E,FIRE,F1,103,103,,,0,,Unknown / not modeled
E103B,E,FIRE,F1,103,103,,,0,,Unknown / not modeled
E103M,E,FIRE,F1,103,103,,,0,,Unknown / not modeled
E104,E,FIRE,F1,104,104,,,0,,Unknown / not modeled
E104B,E,FIRE,F1,104,104,,,0,,Unknown / not modeled
E104M,E,FIRE,F1,104,104,,,0,,Unknown / not modeled
E105,E,FIRE,F1,105,105,,,0,,Unknown / not modeled
E105B,E,FIRE,F1,105,105,,,0,,Unknown / not modeled
E105M,E,FIRE,F1,105,105,,,0,,Unknown / not modeled
E106,E,FIRE,F1,106,106,,,0,,Unknown / not modeled
E106B,E,FIRE,F1,106,106,,,0,,Unknown / not modeled
E106M,E,FIRE,F1,106,106,,,0,,Unknown / not modeled
E107,E,FIRE,F1,104,104,,,0,,Unknown / not modeled
E107B,E,FIRE,F1,104,104,,,0,,Unknown / not modeled
E107M,E,FIRE,F1,104,104,,,0,,Unknown / not modeled
E108,E,FIRE,F1,108,108,,,0,,Unknown / not modeled
E108B,E,FIRE,F1,108,108,,,0,,Unknown / not modeled
E108M,E,FIRE,F1,108,108,,,0,,Unknown / not modeled
E109,E,FIRE,F1,109,109,,,0,,Unknown / not modeled
E109B,E,FIRE,F1,109,109,,,0,,Unknown / not modeled
E109M,E,FIRE,F1,109,109,,,0,,Unknown / not modeled
E110,E,FIRE,F1,110,110,,,0,,Unknown / not modeled
E110B,E,FIRE,F1,110,110,,,0,,Unknown / not modeled
E110M,E,FIRE,F1,110,110,,,0,,Unknown / not modeled
E161,E,FIRE,F1,161,161,,,0,,Unknown / not modeled
E161B,E,FIRE,F1,161,161,,,0,,Unknown / not modeled
E201,E,FIRE,F1,201,201,,,0,,Unknown / not modeled
E201B,E,FIRE,F1,201,201,,,0,,Unknown / not modeled
E201M,E,FIRE,F1,201,201,,,0,,Unknown / not modeled
E202,E,FIRE,F1,202,202,,,0,,Unknown / not modeled
E202B,E,FIRE,F1,202,202,,,0,,Unknown / not modeled
E202M,E,FIRE,F1,202,202,,,0,,Unknown / not modeled
E203,E,FIRE,F1,203,203,,,0,,Unknown / not modeled
E203B,E,FIRE,F1,203,203,,,0,,Unknown / not modeled
E203M,E,FIRE,F1,203,203,,,0,,Unknown / not modeled
E204,E,FIRE,F1,204,204,,,0,,Unknown / not modeled
E204B,E,FIRE,F1,204,204,,,0,,Unknown / not modeled
E204M,E,FIRE,F1,204,204,,,0,,Unknown / not modeled
E205,E,FIRE,F1,205,205,,,0,,Unknown / not modeled
E205B,E,FIRE,F1,205,205,,,0,,Unknown / not modeled
E205M,E,FIRE,F1,205,205,,,0,,Unknown / not modeled
E206,E,FIRE,F1,206,206,,,0,,Unknown / not modeled
E206B,E,FIRE,F1,206,206,,,0,,Unknown / not modeled
E206M,E,FIRE,F1,206,206,,,0,,Unknown / not modeled
E207,E,FIRE,F1,207,207,,,0,,Unknown / not modeled
E207B,E,FIRE,F1,207,207,,,0,,Unknown / not modeled
E207M,E,FIRE,F1,207,207,,,0,,Unknown / not modeled
E208,E,FIRE,F1,208,208,,,0,,Unknown / not modeled
E208B,E,FIRE,F1,208,208,,,0,,Unknown / not modeled
E208M,E,FIRE,F1,208,208,,,0,,Unknown / not modeled
E209,E,FIRE,F1,209,209,,,0,,Unknown / not modeled
E209B,E,FIRE,F1,209,209,,,0,,Unknown / not modeled
E209M,E,FIRE,F1,209,209,,,0,,Unknown / not modeled
E210,E,FIRE,F1,210,210,,,0,,Unknown / not modeled
E210B,E,FIRE,F1,210,210,,,0,,Unknown / not modeled
E210M,E,FIRE,F1,210,210,,,0,,Unknown / not modeled
E301,E,FIRE,F1,301,301,,,0,,Unknown / not modeled
E301B,E,FIRE,F1,301,301,,,0,,Unknown / not modeled
E301M,E,FIRE,F1,301,301,,,0,,Unknown / not modeled
E302,E,FIRE,F1,302,302,,,0,,Unknown / not modeled
E302M,E,FIRE,F1,302,302,,,0,,Unknown / not modeled
E303,E,FIRE,F1,303,303,,,0,,Unknown / not modeled
E303B,E,FIRE,F1,303,303,,,0,,Unknown / not modeled
E303M,E,FIRE,F1,303,303,,,0,,Unknown / not modeled
E304,E,FIRE,F1,304,304,,,0,,Unknown / not modeled
E304M,E,FIRE,F1,304,304,,,0,,Unknown / not modeled
E401,E,FIRE,F1,401,401,E401M,ENGINE; HEAVY,0,,User-provided Fairfax/City engine family rule
E401B,E,FIRE,F1,401,401,E401BM,ENGINE; HEAVY,0,,User-provided Fairfax/City engine family rule
E401BM,E,FIRE,F1,401,401,E401B,ENGINE; HEAVY; ALS FIRST RESP,1,AFR1 or AFR2,User-provided Fairfax/City engine family rule
E401C,E,FIRE,F1,401,401,,ENGINE; HEAVY,0,,User-provided Fairfax/City engine family rule
E401M,E,FIRE,F1,401,401,E401,ENGINE; HEAVY; ALS FIRST RESP,1,AFR1 or AFR2,User-provided Fairfax/City engine family rule
E402,E,FIRE,F1,402,402,E402M,ENGINE; HEAVY,0,,User-provided Fairfax/City engine family rule
E402B,E,FIRE,F1,402,402,E402BM,ENGINE; HEAVY,0,,User-provided Fairfax/City engine family rule
E402BM,E,FIRE,F1,402,402,E402B,ENGINE; HEAVY; ALS FIRST RESP,1,AFR1 or AFR2,User-provided Fairfax/City engine family rule
E402C,E,FIRE,F1,402,402,,ENGINE; HEAVY,0,,User-provided Fairfax/City engine family rule
E402M,E,FIRE,F1,402,402,E402,ENGINE; HEAVY; ALS FIRST RESP,1,AFR1 or AFR2,User-provided Fairfax/City engine family rule
E403,E,FIRE,F1,403,403,E403M,ENGINE; HEAVY,0,,User-provided Fairfax/City engine family rule
E403B,E,FIRE,F1,403,403,E403BM,ENGINE; HEAVY,0,,User-provided Fairfax/City engine family rule
E403BM,E,FIRE,F1,403,403,E403B,ENGINE; HEAVY; ALS FIRST RESP,1,AFR1 or AFR2,User-provided Fairfax/City engine family rule
E403C,E,FIRE,F1,403,403,,ENGINE; HEAVY,0,,User-provided Fairfax/City engine family rule
E403M,E,FIRE,F1,403,403,E403,ENGINE; HEAVY; ALS FIRST RESP,1,AFR1 or AFR2,User-provided Fairfax/City engine family rule
E404,E,FIRE,F1,404,404,E404M,ENGINE; HEAVY,0,,User-provided Fairfax/City engine family rule
E404B,E,FIRE,F1,404,404,E404BM,ENGINE; HEAVY,0,,User-provided Fairfax/City engine family rule
E404BM,E,FIRE,F1,404,404,E404B,ENGINE; HEAVY; ALS FIRST RESP,1,AFR1 or AFR2,User-provided Fairfax/City engine family rule
E404C,E,FIRE,F1,404,404,,ENGINE; HEAVY,0,,User-provided Fairfax/City engine family rule
E404M,E,FIRE,F1,404,404,E404,ENGINE; HEAVY; ALS FIRST RESP,1,AFR1 or AFR2,User-provided Fairfax/City engine family rule
E405,E,FIRE,F1,405,405,E405M,ENGINE; HEAVY,0,,User-provided Fairfax/City engine family rule
E405B,E,FIRE,F1,405,405,E405BM,ENGINE; HEAVY,0,,User-provided Fairfax/City engine family rule
E405BM,E,FIRE,F1,405,405,E405B,ENGINE; HEAVY; ALS FIRST RESP,1,AFR1 or AFR2,User-provided Fairfax/City engine family rule
E405C,E,FIRE,F1,405,405,,ENGINE; HEAVY,0,,User-provided Fairfax/City engine family rule
E405M,E,FIRE,F1,405,405,E405,ENGINE; HEAVY; ALS FIRST RESP,1,AFR1 or AFR2,User-provided Fairfax/City engine family rule
E407,E,FIRE,F1,407,407,E407M,ENGINE; HEAVY,0,,User-provided Fairfax/City engine family rule
E407B,E,FIRE,F1,407,407,E407BM,ENGINE; HEAVY,0,,User-provided Fairfax/City engine family rule
E407BM,E,FIRE,F1,407,407,E407B,ENGINE; HEAVY; ALS FIRST RESP,1,AFR1 or AFR2,User-provided Fairfax/City engine family rule
E407C,E,FIRE,F1,407,407,,ENGINE; HEAVY,0,,User-provided Fairfax/City engine family rule
E407M,E,FIRE,F1,407,407,E407,ENGINE; HEAVY; ALS FIRST RESP,1,AFR1 or AFR2,User-provided Fairfax/City engine family rule
E408,E,FIRE,F1,408,408,E408M,ENGINE; HEAVY,0,,User-provided Fairfax/City engine family rule
E408B,E,FIRE,F1,408,408,E408BM,ENGINE; HEAVY,0,,User-provided Fairfax/City engine family rule
E408BM,E,FIRE,F1,408,408,E408B,ENGINE; HEAVY; ALS FIRST RESP,1,AFR1 or AFR2,User-provided Fairfax/City engine family rule
E408C,E,FIRE,F1,408,408,,ENGINE; HEAVY,0,,User-provided Fairfax/City engine family rule
E408M,E,FIRE,F1,408,408,E408,ENGINE; HEAVY; ALS FIRST RESP,1,AFR1 or AFR2,User-provided Fairfax/City engine family rule
E409,E,FIRE,F1,409,409,E409M,ENGINE; HEAVY,0,,User-provided Fairfax/City engine family rule
E409B,E,FIRE,F1,409,409,E409BM,ENGINE; HEAVY,0,,User-provided Fairfax/City engine family rule
E409BM,E,FIRE,F1,409,409,E409B,ENGINE; HEAVY; ALS FIRST RESP,1,AFR1 or AFR2,User-provided Fairfax/City engine family rule
E409C,E,FIRE,F1,409,409,,ENGINE; HEAVY,0,,User-provided Fairfax/City engine family rule
E409M,E,FIRE,F1,409,409,E409,ENGINE; HEAVY; ALS FIRST RESP,1,AFR1 or AFR2,User-provided Fairfax/City engine family rule
E410,E,FIRE,F1,410,410,E410M,ENGINE; HEAVY,0,,User-provided Fairfax/City engine family rule
E410B,E,FIRE,F1,410,410,E410BM,ENGINE; HEAVY,0,,User-provided Fairfax/City engine family rule
E410BM,E,FIRE,F1,410,410,E410B,ENGINE; HEAVY; ALS FIRST RESP,1,AFR1 or AFR2,User-provided Fairfax/City engine family rule
E410C,E,FIRE,F1,410,410,,ENGINE; HEAVY,0,,User-provided Fairfax/City engine family rule
E410M,E,FIRE,F1,410,410,E410,ENGINE; HEAVY; ALS FIRST RESP,1,AFR1 or AFR2,User-provided Fairfax/City engine family rule
E411,E,FIRE,F1,411,411,E411M,ENGINE; HEAVY,0,,User-provided Fairfax/City engine family rule
E411B,E,FIRE,F1,411,411,E411BM,ENGINE; HEAVY,0,,User-provided Fairfax/City engine family rule
E411BM,E,FIRE,F1,411,411,E411B,ENGINE; HEAVY; ALS FIRST RESP,1,AFR1 or AFR2,User-provided Fairfax/City engine family rule
E411C,E,FIRE,F1,411,411,,ENGINE; HEAVY,0,,User-provided Fairfax/City engine family rule
E411M,E,FIRE,F1,411,411,E411,ENGINE; HEAVY; ALS FIRST RESP,1,AFR1 or AFR2,User-provided Fairfax/City engine family rule
E412,E,FIRE,F1,412,412,E412M,ENGINE; HEAVY,0,,User-provided Fairfax/City engine family rule
E412B,E,FIRE,F1,412,412,E412BM,ENGINE; HEAVY,0,,User-provided Fairfax/City engine family rule
E412BM,E,FIRE,F1,412,412,E412B,ENGINE; HEAVY; ALS FIRST RESP,1,AFR1 or AFR2,User-provided Fairfax/City engine family rule
E412C,E,FIRE,F1,412,412,,ENGINE; HEAVY,0,,User-provided Fairfax/City engine family rule
E412M,E,FIRE,F1,412,412,E412,ENGINE; HEAVY; ALS FIRST RESP,1,AFR1 or AFR2,User-provided Fairfax/City engine family rule
E413,E,FIRE,F1,413,413,E413M,ENGINE; HEAVY,0,,User-provided Fairfax/City engine family rule
E413B,E,FIRE,F1,413,413,E413BM,ENGINE; HEAVY,0,,User-provided Fairfax/City engine family rule
E413BM,E,FIRE,F1,413,413,E413B,ENGINE; HEAVY; ALS FIRST RESP,1,AFR1 or AFR2,User-provided Fairfax/City engine family rule
E413C,E,FIRE,F1,413,413,,ENGINE; HEAVY,0,,User-provided Fairfax/City engine family rule
E413M,E,FIRE,F1,413,413,E413,ENGINE; HEAVY; ALS FIRST RESP,1,AFR1 or AFR2,User-provided Fairfax/City engine family rule
E414,E,FIRE,F1,414,414,E414M,ENGINE; HEAVY,0,,User-provided Fairfax/City engine family rule
E414B,E,FIRE,F1,414,414,E414BM,ENGINE; HEAVY,0,,User-provided Fairfax/City engine family rule
E414BM,E,FIRE,F1,414,414,E414B,ENGINE; HEAVY; ALS FIRST RESP,1,AFR1 or AFR2,User-provided Fairfax/City engine family rule
E414C,E,FIRE,F1,414,414,,ENGINE; HEAVY,0,,User-provided Fairfax/City engine family rule
E414M,E,FIRE,F1,414,414,E414,ENGINE; HEAVY; ALS FIRST RESP,1,AFR1 or AFR2,User-provided Fairfax/City engine family rule
E415,E,FIRE,F1,415,415,E415M,ENGINE; HEAVY,0,,User-provided Fairfax/City engine family rule
E415B,E,FIRE,F1,415,415,E415BM,ENGINE; HEAVY,0,,User-provided Fairfax/City engine family rule
E415BM,E,FIRE,F1,415,415,E415B,ENGINE; HEAVY; ALS FIRST RESP,1,AFR1 or AFR2,User-provided Fairfax/City engine family rule
E415C,E,FIRE,F1,415,415,,ENGINE; HEAVY,0,,User-provided Fairfax/City engine family rule
E415M,E,FIRE,F1,415,415,E415,ENGINE; HEAVY; ALS FIRST RESP,1,AFR1 or AFR2,User-provided Fairfax/City engine family rule
E416,E,FIRE,F1,416,416,E416M,ENGINE; HEAVY,0,,User-provided Fairfax/City engine family rule
E416B,E,FIRE,F1,416,416,E416BM,ENGINE; HEAVY,0,,User-provided Fairfax/City engine family rule
E416BM,E,FIRE,F1,416,416,E416B,ENGINE; HEAVY; ALS FIRST RESP,1,AFR1 or AFR2,User-provided Fairfax/City engine family rule
E416C,E,FIRE,F1,416,416,,ENGINE; HEAVY,0,,User-provided Fairfax/City engine family rule
E416M,E,FIRE,F1,416,416,E416,ENGINE; HEAVY; ALS FIRST RESP,1,AFR1 or AFR2,User-provided Fairfax/City engine family rule
E417,E,FIRE,F1,417,417,E417M,ENGINE; HEAVY,0,,User-provided Fairfax/City engine family rule
E417B,E,FIRE,F1,417,417,E417BM,ENGINE; HEAVY,0,,User-provided Fairfax/City engine family rule
E417BM,E,FIRE,F1,417,417,E417B,ENGINE; HEAVY; ALS FIRST RESP,1,AFR1 or AFR2,User-provided Fairfax/City engine family rule
E417C,E,FIRE,F1,417,417,,ENGINE; HEAVY,0,,User-provided Fairfax/City engine family rule
E417E,E,FIRE,F1,417,417,,ENGINE; HEAVY,0,,User-provided Fairfax/City engine family rule
E417M,E,FIRE,F1,417,417,E417,ENGINE; HEAVY; ALS FIRST RESP,1,AFR1 or AFR2,User-provided Fairfax/City engine family rule
E418,E,FIRE,F1,418,418,E418M,ENGINE; HEAVY,0,,User-provided Fairfax/City engine family rule
E418B,E,FIRE,F1,418,418,E418BM,ENGINE; HEAVY,0,,User-provided Fairfax/City engine family rule
E418BM,E,FIRE,F1,418,418,E418B,ENGINE; HEAVY; ALS FIRST RESP,1,AFR1 or AFR2,User-provided Fairfax/City engine family rule
E418C,E,FIRE,F1,418,418,,ENGINE; HEAVY,0,,User-provided Fairfax/City engine family rule
E418M,E,FIRE,F1,418,418,E418,ENGINE; HEAVY; ALS FIRST RESP,1,AFR1 or AFR2,User-provided Fairfax/City engine family rule
E419,E,FIRE,F1,419,419,E419M,ENGINE; HEAVY,0,,User-provided Fairfax/City engine family rule
E419B,E,FIRE,F1,419,419,E419BM,ENGINE; HEAVY,0,,User-provided Fairfax/City engine family rule
E419BM,E,FIRE,F1,419,419,E419B,ENGINE; HEAVY; ALS FIRST RESP,1,AFR1 or AFR2,User-provided Fairfax/City engine family rule
E419C,E,FIRE,F1,419,419,,ENGINE; HEAVY,0,,User-provided Fairfax/City engine family rule
E419M,E,FIRE,F1,419,419,E419,ENGINE; HEAVY; ALS FIRST RESP,1,AFR1 or AFR2,User-provided Fairfax/City engine family rule
E420,E,FIRE,F1,420,420,E420M,ENGINE; HEAVY,0,,User-provided Fairfax/City engine family rule
E420B,E,FIRE,F1,420,420,E420BM,ENGINE; HEAVY,0,,User-provided Fairfax/City engine family rule
E420BM,E,FIRE,F1,420,420,E420B,ENGINE; HEAVY; ALS FIRST RESP,1,AFR1 or AFR2,User-provided Fairfax/City engine family rule
E420C,E,FIRE,F1,420,420,,ENGINE; HEAVY,0,,User-provided Fairfax/City engine family rule
E420M,E,FIRE,F1,420,420,E420,ENGINE; HEAVY; ALS FIRST RESP,1,AFR1 or AFR2,User-provided Fairfax/City engine family rule
E421,E,FIRE,F1,421,421,E421M,ENGINE; HEAVY,0,,User-provided Fairfax/City engine family rule
E421B,E,FIRE,F1,421,421,E421BM,ENGINE; HEAVY,0,,User-provided Fairfax/City engine family rule
E421BM,E,FIRE,F1,421,421,E421B,ENGINE; HEAVY; ALS FIRST RESP,1,AFR1 or AFR2,User-provided Fairfax/City engine family rule
E421C,E,FIRE,F1,421,421,,ENGINE; HEAVY,0,,User-provided Fairfax/City engine family rule
E421M,E,FIRE,F1,421,421,E421,ENGINE; HEAVY; ALS FIRST RESP,1,AFR1 or AFR2,User-provided Fairfax/City engine family rule
E422,E,FIRE,F1,422,422,E422M,ENGINE; HEAVY,0,,User-provided Fairfax/City engine family rule
E422B,E,FIRE,F1,422,422,E422BM,ENGINE; HEAVY,0,,User-provided Fairfax/City engine family rule
E422BM,E,FIRE,F1,422,422,E422B,ENGINE; HEAVY; ALS FIRST RESP,1,AFR1 or AFR2,User-provided Fairfax/City engine family rule
E422C,E,FIRE,F1,422,422,,ENGINE; HEAVY,0,,User-provided Fairfax/City engine family rule
E422M,E,FIRE,F1,422,422,E422,ENGINE; HEAVY; ALS FIRST RESP,1,AFR1 or AFR2,User-provided Fairfax/City engine family rule
E423,E,FIRE,F1,423,423,E423M,ENGINE; HEAVY,0,,User-provided Fairfax/City engine family rule
E423B,E,FIRE,F1,423,423,E423BM,ENGINE; HEAVY,0,,User-provided Fairfax/City engine family rule
E423BM,E,FIRE,F1,423,423,E423B,ENGINE; HEAVY; ALS FIRST RESP,1,AFR1 or AFR2,User-provided Fairfax/City engine family rule
E423C,E,FIRE,F1,423,423,,ENGINE; HEAVY,0,,User-provided Fairfax/City engine family rule
E423M,E,FIRE,F1,423,423,E423,ENGINE; HEAVY; ALS FIRST RESP,1,AFR1 or AFR2,User-provided Fairfax/City engine family rule
E424,E,FIRE,F1,424,424,E424M,ENGINE; HEAVY,0,,User-provided Fairfax/City engine family rule
E424B,E,FIRE,F1,424,424,E424BM,ENGINE; HEAVY,0,,User-provided Fairfax/City engine family rule
E424BM,E,FIRE,F1,424,424,E424B,ENGINE; HEAVY; ALS FIRST RESP,1,AFR1 or AFR2,User-provided Fairfax/City engine family rule
E424C,E,FIRE,F1,424,424,,ENGINE; HEAVY,0,,User-provided Fairfax/City engine family rule
E424M,E,FIRE,F1,424,424,E424,ENGINE; HEAVY; ALS FIRST RESP,1,AFR1 or AFR2,User-provided Fairfax/City engine family rule
E425,E,FIRE,F1,425,425,E425M,ENGINE; HEAVY,0,,User-provided Fairfax/City engine family rule
E425B,E,FIRE,F1,425,425,E425BM,ENGINE; HEAVY,0,,User-provided Fairfax/City engine family rule
E425BM,E,FIRE,F1,425,425,E425B,ENGINE; HEAVY; ALS FIRST RESP,1,AFR1 or AFR2,User-provided Fairfax/City engine family rule
E425C,E,FIRE,F1,425,425,,ENGINE; HEAVY,0,,User-provided Fairfax/City engine family rule
E425M,E,FIRE,F1,425,425,E425,ENGINE; HEAVY; ALS FIRST RESP,1,AFR1 or AFR2,User-provided Fairfax/City engine family rule
E426,E,FIRE,F1,426,426,E426M,ENGINE; HEAVY,0,,User-provided Fairfax/City engine family rule
E426B,E,FIRE,F1,426,426,E426BM,ENGINE; HEAVY,0,,User-provided Fairfax/City engine family rule
E426BM,E,FIRE,F1,426,426,E426B,ENGINE; HEAVY; ALS FIRST RESP,1,AFR1 or AFR2,User-provided Fairfax/City engine family rule
E426C,E,FIRE,F1,426,426,,ENGINE; HEAVY,0,,User-provided Fairfax/City engine family rule
E426M,E,FIRE,F1,426,426,E426,ENGINE; HEAVY; ALS FIRST RESP,1,AFR1 or AFR2,User-provided Fairfax/City engine family rule
E427,E,FIRE,F1,427,427,E427M,ENGINE; HEAVY,0,,User-provided Fairfax/City engine family rule
E427B,E,FIRE,F1,427,427,E427BM,ENGINE; HEAVY,0,,User-provided Fairfax/City engine family rule
E427BM,E,FIRE,F1,427,427,E427B,ENGINE; HEAVY; ALS FIRST RESP,1,AFR1 or AFR2,User-provided Fairfax/City engine family rule
E427C,E,FIRE,F1,427,427,,ENGINE; HEAVY,0,,User-provided Fairfax/City engine family rule
E427M,E,FIRE,F1,427,427,E427,ENGINE; HEAVY; ALS FIRST RESP,1,AFR1 or AFR2,User-provided Fairfax/City engine family rule
E428,E,FIRE,F1,428,428,E428M,ENGINE; HEAVY,0,,User-provided Fairfax/City engine family rule
E428B,E,FIRE,F1,428,428,E428BM,ENGINE; HEAVY,0,,User-provided Fairfax/City engine family rule
E428BM,E,FIRE,F1,428,428,E428B,ENGINE; HEAVY; ALS FIRST RESP,1,AFR1 or AFR2,User-provided Fairfax/City engine family rule
E428C,E,FIRE,F1,428,428,,ENGINE; HEAVY,0,,User-provided Fairfax/City engine family rule
E428M,E,FIRE,F1,428,428,E428,ENGINE; HEAVY; ALS FIRST RESP,1,AFR1 or AFR2,User-provided Fairfax/City engine family rule
E429,E,FIRE,F1,429,429,E429M,ENGINE; HEAVY,0,,User-provided Fairfax/City engine family rule
E429B,E,FIRE,F1,429,429,E429BM,ENGINE; HEAVY,0,,User-provided Fairfax/City engine family rule
E429BM,E,FIRE,F1,429,429,E429B,ENGINE; HEAVY; ALS FIRST RESP,1,AFR1 or AFR2,User-provided Fairfax/City engine family rule
E429C,E,FIRE,F1,429,429,,ENGINE; HEAVY,0,,User-provided Fairfax/City engine family rule
E429M,E,FIRE,F1,429,429,E429,ENGINE; HEAVY; ALS FIRST RESP,1,AFR1 or AFR2,User-provided Fairfax/City engine family rule
E430,E,FIRE,F1,430,430,E430M,ENGINE; HEAVY,0,,User-provided Fairfax/City engine family rule
E430B,E,FIRE,F1,430,430,E430BM,ENGINE; HEAVY,0,,User-provided Fairfax/City engine family rule
E430BM,E,FIRE,F1,430,430,E430B,ENGINE; HEAVY; ALS FIRST RESP,1,AFR1 or AFR2,User-provided Fairfax/City engine family rule
E430C,E,FIRE,F1,430,430,,ENGINE; HEAVY,0,,User-provided Fairfax/City engine family rule
E430M,E,FIRE,F1,430,430,E430,ENGINE; HEAVY; ALS FIRST RESP,1,AFR1 or AFR2,User-provided Fairfax/City engine family rule
E431,E,FIRE,F1,431,431,E431M,ENGINE; HEAVY,0,,User-provided Fairfax/City engine family rule
E431B,E,FIRE,F1,431,431,E431BM,ENGINE; HEAVY,0,,User-provided Fairfax/City engine family rule
E431BM,E,FIRE,F1,431,431,E431B,ENGINE; HEAVY; ALS FIRST RESP,1,AFR1 or AFR2,User-provided Fairfax/City engine family rule
E431C,E,FIRE,F1,431,431,,ENGINE; HEAVY,0,,User-provided Fairfax/City engine family rule
E431M,E,FIRE,F1,431,431,E431,ENGINE; HEAVY; ALS FIRST RESP,1,AFR1 or AFR2,User-provided Fairfax/City engine family rule
E432,E,FIRE,F1,432,432,E432M,ENGINE; HEAVY,0,,User-provided Fairfax/City engine family rule
E432B,E,FIRE,F1,432,432,E432BM,ENGINE; HEAVY,0,,User-provided Fairfax/City engine family rule
E432BM,E,FIRE,F1,432,432,E432B,ENGINE; HEAVY; ALS FIRST RESP,1,AFR1 or AFR2,User-provided Fairfax/City engine family rule
E432C,E,FIRE,F1,432,432,,ENGINE; HEAVY,0,,User-provided Fairfax/City engine family rule
E432M,E,FIRE,F1,432,432,E432,ENGINE; HEAVY; ALS FIRST RESP,1,AFR1 or AFR2,User-provided Fairfax/City engine family rule
E433,E,FIRE,F1,433,433,E433M,ENGINE; HEAVY,0,,User-provided Fairfax/City engine family rule
E433B,E,FIRE,F1,433,433,E433BM,ENGINE; HEAVY,0,,User-provided Fairfax/City engine family rule
E433BM,E,FIRE,F1,433,433,E433B,ENGINE; HEAVY; ALS FIRST RESP,1,AFR1 or AFR2,User-provided Fairfax/City engine family rule
E433C,E,FIRE,F1,433,433,,ENGINE; HEAVY,0,,User-provided Fairfax/City engine family rule
E433M,E,FIRE,F1,433,433,E433,ENGINE; HEAVY; ALS FIRST RESP,1,AFR1 or AFR2,User-provided Fairfax/City engine family rule
E434,E,FIRE,F1,434,434,E434M,ENGINE; HEAVY,0,,User-provided Fairfax/City engine family rule
E434B,E,FIRE,F1,434,434,E434BM,ENGINE; HEAVY,0,,User-provided Fairfax/City engine family rule
E434BM,E,FIRE,F1,434,434,E434B,ENGINE; HEAVY; ALS FIRST RESP,1,AFR1 or AFR2,User-provided Fairfax/City engine family rule
E434C,E,FIRE,F1,434,434,,ENGINE; HEAVY,0,,User-provided Fairfax/City engine family rule
E434M,E,FIRE,F1,434,434,E434,ENGINE; HEAVY; ALS FIRST RESP,1,AFR1 or AFR2,User-provided Fairfax/City engine family rule
E435,E,FIRE,F1,435,435,E435M,ENGINE; HEAVY,0,,User-provided Fairfax/City engine family rule
E435B,E,FIRE,F1,435,435,E435BM,ENGINE; HEAVY,0,,User-provided Fairfax/City engine family rule
E435BM,E,FIRE,F1,435,435,E435B,ENGINE; HEAVY; ALS FIRST RESP,1,AFR1 or AFR2,User-provided Fairfax/City engine family rule
E435C,E,FIRE,F1,435,435,,ENGINE; HEAVY,0,,User-provided Fairfax/City engine family rule
E435M,E,FIRE,F1,435,435,E435,ENGINE; HEAVY; ALS FIRST RESP,1,AFR1 or AFR2,User-provided Fairfax/City engine family rule
E436,E,FIRE,F1,436,436,E436M,ENGINE; HEAVY,0,,User-provided Fairfax/City engine family rule
E436B,E,FIRE,F1,436,436,E436BM,ENGINE; HEAVY,0,,User-provided Fairfax/City engine family rule
E436BM,E,FIRE,F1,436,436,E436B,ENGINE; HEAVY; ALS FIRST RESP,1,AFR1 or AFR2,User-provided Fairfax/City engine family rule
E436C,E,FIRE,F1,436,436,,ENGINE; HEAVY,0,,User-provided Fairfax/City engine family rule
E436M,E,FIRE,F1,436,436,E436,ENGINE; HEAVY; ALS FIRST RESP,1,AFR1 or AFR2,User-provided Fairfax/City engine family rule
E437,E,FIRE,F1,437,437,E437M,ENGINE; HEAVY,0,,User-provided Fairfax/City engine family rule
E437B,E,FIRE,F1,437,437,E437BM,ENGINE; HEAVY,0,,User-provided Fairfax/City engine family rule
E437BM,E,FIRE,F1,437,437,E437B,ENGINE; HEAVY; ALS FIRST RESP,1,AFR1 or AFR2,User-provided Fairfax/City engine family rule
E437C,E,FIRE,F1,437,437,,ENGINE; HEAVY,0,,User-provided Fairfax/City engine family rule
E437M,E,FIRE,F1,437,437,E437,ENGINE; HEAVY; ALS FIRST RESP,1,AFR1 or AFR2,User-provided Fairfax/City engine family rule
E438,E,FIRE,F1,438,438,E438M,ENGINE; HEAVY,0,,User-provided Fairfax/City engine family rule
E438B,E,FIRE,F1,438,438,E438BM,ENGINE; HEAVY,0,,User-provided Fairfax/City engine family rule
E438BM,E,FIRE,F1,438,438,E438B,ENGINE; HEAVY; ALS FIRST RESP,1,AFR1 or AFR2,User-provided Fairfax/City engine family rule
E438C,E,FIRE,F1,438,438,,ENGINE; HEAVY,0,,User-provided Fairfax/City engine family rule
E438M,E,FIRE,F1,438,438,E438,ENGINE; HEAVY; ALS FIRST RESP,1,AFR1 or AFR2,User-provided Fairfax/City engine family rule
E439,E,FIRE,F1,439,439,E439M,ENGINE; HEAVY,0,,User-provided Fairfax/City engine family rule
E439B,E,FIRE,F1,439,439,E439BM,ENGINE; HEAVY,0,,User-provided Fairfax/City engine family rule
E439BM,E,FIRE,F1,439,439,E439B,ENGINE; HEAVY; ALS FIRST RESP,1,AFR1 or AFR2,User-provided Fairfax/City engine family rule
E439C,E,FIRE,F1,439,439,,ENGINE; HEAVY,0,,User-provided Fairfax/City engine family rule
E439M,E,FIRE,F1,439,439,E439,ENGINE; HEAVY; ALS FIRST RESP,1,AFR1 or AFR2,User-provided Fairfax/City engine family rule
E440,E,FIRE,F1,440,440,E440M,ENGINE; HEAVY,0,,User-provided Fairfax/City engine family rule
E440B,E,FIRE,F1,440,440,E440BM,ENGINE; HEAVY,0,,User-provided Fairfax/City engine family rule
E440BM,E,FIRE,F1,440,440,E440B,ENGINE; HEAVY; ALS FIRST RESP,1,AFR1 or AFR2,User-provided Fairfax/City engine family rule
E440C,E,FIRE,F1,440,440,,ENGINE; HEAVY,0,,User-provided Fairfax/City engine family rule
E440M,E,FIRE,F1,440,440,E440,ENGINE; HEAVY; ALS FIRST RESP,1,AFR1 or AFR2,User-provided Fairfax/City engine family rule
E441,E,FIRE,F1,441,441,E441M,ENGINE; HEAVY,0,,User-provided Fairfax/City engine family rule
E441B,E,FIRE,F1,441,441,E441BM,ENGINE; HEAVY,0,,User-provided Fairfax/City engine family rule
E441BM,E,FIRE,F1,441,441,E441B,ENGINE; HEAVY; ALS FIRST RESP,1,AFR1 or AFR2,User-provided Fairfax/City engine family rule
E441C,E,FIRE,F1,441,441,,ENGINE; HEAVY,0,,User-provided Fairfax/City engine family rule
E441M,E,FIRE,F1,441,441,E441,ENGINE; HEAVY; ALS FIRST RESP,1,AFR1 or AFR2,User-provided Fairfax/City engine family rule
E442,E,FIRE,F1,442,442,E442M,ENGINE; HEAVY,0,,User-provided Fairfax/City engine family rule
E442BM,E,FIRE,F1,442,442,,ENGINE; HEAVY; ALS FIRST RESP,1,AFR1 or AFR2,User-provided Fairfax/City engine family rule
E442M,E,FIRE,F1,442,442,E442,ENGINE; HEAVY; ALS FIRST RESP,1,AFR1 or AFR2,User-provided Fairfax/City engine family rule
E443,E,FIRE,F1,403,403,,ENGINE; HEAVY,0,,User-provided Fairfax/City engine family rule
E444,E,FIRE,F1,444,444,E444M,ENGINE; HEAVY,0,,User-provided Fairfax/City engine family rule
E444B,E,FIRE,F1,444,444,E444BM,ENGINE; HEAVY,0,,User-provided Fairfax/City engine family rule
E444BM,E,FIRE,F1,444,444,E444B,ENGINE; HEAVY; ALS FIRST RESP,1,AFR1 or AFR2,User-provided Fairfax/City engine family rule
E444M,E,FIRE,F1,444,444,E444,ENGINE; HEAVY; ALS FIRST RESP,1,AFR1 or AFR2,User-provided Fairfax/City engine family rule
E445,TRNGE,FIRE,F1,445,445,,,0,,Unknown / not modeled
E462,E,FIRE,F1,463,463,E462M,ENGINE; HEAVY,0,,User-provided Fairfax/City engine family rule
E462M,E,FIRE,F1,463,463,E462,ENGINE; HEAVY; ALS FIRST RESP,1,AFR1 or AFR2,User-provided Fairfax/City engine family rule
E463,E,FIRE,F1,463,463,E463M,ENGINE; HEAVY,0,,User-provided Fairfax/City engine family rule
E463B,E,FIRE,F1,463,463,E463BM,ENGINE; HEAVY,0,,User-provided Fairfax/City engine family rule
E463BM,E,FIRE,F1,463,463,E463B,ENGINE; HEAVY; ALS FIRST RESP,1,AFR1 or AFR2,User-provided Fairfax/City engine family rule
E463M,E,FIRE,F1,463,463,E463,ENGINE; HEAVY; ALS FIRST RESP,1,AFR1 or AFR2,User-provided Fairfax/City engine family rule
E464,E,FIRE,F1,464,464,E464M,ENGINE; HEAVY,0,,User-provided Fairfax/City engine family rule
E464B,E,FIRE,F1,464,464,,ENGINE; HEAVY,0,,User-provided Fairfax/City engine family rule
E464M,E,FIRE,F1,464,464,E464,ENGINE; HEAVY; ALS FIRST RESP,1,AFR1 or AFR2,User-provided Fairfax/City engine family rule
E465,E,FIRE,F1,465,465,E465M,ENGINE; HEAVY,0,,User-provided Fairfax/City engine family rule
E465B,E,FIRE,F1,465,465,E465BM,ENGINE; HEAVY,0,,User-provided Fairfax/City engine family rule
E465BM,E,FIRE,F1,465,465,E465B,ENGINE; HEAVY; ALS FIRST RESP,1,AFR1 or AFR2,User-provided Fairfax/City engine family rule
E465M,E,FIRE,F1,465,465,E465,ENGINE; HEAVY; ALS FIRST RESP,1,AFR1 or AFR2,User-provided Fairfax/City engine family rule
E466,E,FIRE,F1,466,466,E466M,ENGINE; HEAVY,0,,User-provided Fairfax/City engine family rule
E466B,E,FIRE,F1,466,466,,ENGINE; HEAVY,0,,User-provided Fairfax/City engine family rule
E466M,E,FIRE,F1,466,466,E466,ENGINE; HEAVY; ALS FIRST RESP,1,AFR1 or AFR2,User-provided Fairfax/City engine family rule
E468,E,FIRE,F1,468,468,E468M,ENGINE; HEAVY,0,,User-provided Fairfax/City engine family rule
E468M,E,FIRE,F1,468,468,E468,ENGINE; HEAVY; ALS FIRST RESP,1,AFR1 or AFR2,User-provided Fairfax/City engine family rule
E480,TRNGE,FIRE,F1,445,445,,,0,,Unknown / not modeled
E481,TRNGE,FIRE,F1,445,445,,,0,,Unknown / not modeled
E482,TRNGE,FIRE,F1,445,445,,,0,,Unknown / not modeled
E483,TRNGE,FIRE,F1,445,445,,,0,,Unknown / not modeled
E484,TRNGE,FIRE,F1,445,445,,,0,,Unknown / not modeled
E485,TRNGE,FIRE,F1,445,445,,,0,,Unknown / not modeled
E486,TRNGE,FIRE,F1,445,445,,,0,,Unknown / not modeled
E487,TRNGE,FIRE,F1,445,445,,,0,,Unknown / not modeled
E488,TRNGE,FIRE,F1,445,445,,,0,,Unknown / not modeled
E489,TRNGE,FIRE,F1,445,445,,,0,,Unknown / not modeled
E490,TRNGE,FIRE,F1,445,445,,,0,,Unknown / not modeled
E491,TRNGE,FIRE,F1,445,445,,,0,,Unknown / not modeled
E492,TRNGE,FIRE,F1,445,445,,,0,,Unknown / not modeled
E493,TRNGE,FIRE,F1,445,445,,,0,,Unknown / not modeled
E494,TRNGE,FIRE,F1,445,445,,,0,,Unknown / not modeled
E495,TRNGE,FIRE,F1,445,445,,,0,,Unknown / not modeled
E496,TRNGE,FIRE,F1,445,445,,,0,,Unknown / not modeled
E497,TRNGE,FIRE,F1,445,445,,,0,,Unknown / not modeled
E498,TRNGE,FIRE,F1,445,445,,,0,,Unknown / not modeled
E499,TRNGE,FIRE,F1,445,445,,,0,,Unknown / not modeled
E499M,E,FIRE,F1,445,445,E499,ENGINE; HEAVY; ALS FIRST RESP,1,AFR1 or AFR2,User-provided Fairfax/City engine family rule
E501,E,FIRE,F1,501,501,,,0,,Unknown / not modeled
E501B,E,FIRE,F1,501,501,,,0,,Unknown / not modeled
E501BM,E,FIRE,F1,501,501,,,0,,Unknown / not modeled
E501BP,E,FIRE,F1,501,501,,,0,,Unknown / not modeled
E501C,E,FIRE,F1,501,501,,,0,,Unknown / not modeled
E501CM,E,FIRE,F1,501,501,,,0,,Unknown / not modeled
E501CP,E,FIRE,F1,501,501,,,0,,Unknown / not modeled
E501M,E,FIRE,F1,501,501,,,0,,Unknown / not modeled
E501P,E,FIRE,F1,501,501,,,0,,Unknown / not modeled
E502,E,FIRE,F1,502,502,,,0,,Unknown / not modeled
E502B,E,FIRE,F1,502,502,,,0,,Unknown / not modeled
E502BF,E,FIRE,F1,502,502,,,0,,Unknown / not modeled
E502BM,E,FIRE,F1,502,502,,,0,,Unknown / not modeled
E502BP,E,FIRE,F1,502,502,,,0,,Unknown / not modeled
E502C,E,FIRE,F1,502,502,,,0,,Unknown / not modeled
E502F,E,FIRE,F1,502,502,,,0,,Unknown / not modeled
E502M,E,FIRE,F1,502,502,,,0,,Unknown / not modeled
E502P,E,FIRE,F1,502,502,,,0,,Unknown / not modeled
E503,E,FIRE,F1,503,503,,,0,,Unknown / not modeled
E503B,E,FIRE,F1,503,503,,,0,,Unknown / not modeled
E503BF,E,FIRE,F1,503,503,,,0,,Unknown / not modeled
E503BM,E,FIRE,F1,503,503,,,0,,Unknown / not modeled
E503BP,E,FIRE,F1,503,503,,,0,,Unknown / not modeled
E503C,E,FIRE,F1,503,503,,,0,,Unknown / not modeled
E503F,E,FIRE,F1,503,503,,,0,,Unknown / not modeled
E503M,E,FIRE,F1,503,503,,,0,,Unknown / not modeled
E503P,E,FIRE,F1,503,503,,,0,,Unknown / not modeled
E504,E,FIRE,F1,504,504,,,0,,Unknown / not modeled
E504B,E,FIRE,F1,504,504,,,0,,Unknown / not modeled
E504BP,E,FIRE,F1,504,504,,,0,,Unknown / not modeled
E504C,E,FIRE,F1,504,504,,,0,,Unknown / not modeled
E504M,E,FIRE,F1,504,504,,,0,,Unknown / not modeled
E504P,E,FIRE,F1,504,504,,,0,,Unknown / not modeled
E505,E,FIRE,F1,505,505,,,0,,Unknown / not modeled
E505B,E,FIRE,F1,505,505,,,0,,Unknown / not modeled
E505BF,E,FIRE,F1,505,505,,,0,,Unknown / not modeled
E505BM,E,FIRE,F1,505,505,,,0,,Unknown / not modeled
E505BP,E,FIRE,F1,505,505,,,0,,Unknown / not modeled
E505C,E,FIRE,F1,505,505,,,0,,Unknown / not modeled
E505F,E,FIRE,F1,505,505,,,0,,Unknown / not modeled
E505M,E,FIRE,F1,505,505,,,0,,Unknown / not modeled
E505P,E,FIRE,F1,505,505,,,0,,Unknown / not modeled
E506,E,FIRE,F1,506,506,,,0,,Unknown / not modeled
E506B,E,FIRE,F1,506,506,,,0,,Unknown / not modeled
E506BM,E,FIRE,F1,506,506,,,0,,Unknown / not modeled
E506BP,E,FIRE,F1,506,506,,,0,,Unknown / not modeled
E506C,E,FIRE,F1,506,506,,,0,,Unknown / not modeled
E506M,E,FIRE,F1,506,506,,,0,,Unknown / not modeled
E506P,E,FIRE,F1,506,506,,,0,,Unknown / not modeled
E507,E,FIRE,F1,507,507,,,0,,Unknown / not modeled
E507B,E,FIRE,F1,507,507,,,0,,Unknown / not modeled
E507BF,E,FIRE,F1,507,507,,,0,,Unknown / not modeled
E507BM,E,FIRE,F1,507,507,,,0,,Unknown / not modeled
E507BP,E,FIRE,F1,507,507,,,0,,Unknown / not modeled
E507C,E,FIRE,F1,507,507,,,0,,Unknown / not modeled
E507F,E,FIRE,F1,507,507,,,0,,Unknown / not modeled
E507M,E,FIRE,F1,507,507,,,0,,Unknown / not modeled
E507P,E,FIRE,F1,507,507,,,0,,Unknown / not modeled
E508,E,FIRE,F1,508,508,,,0,,Unknown / not modeled
E508B,E,FIRE,F1,508,508,,,0,,Unknown / not modeled
E508BF,E,FIRE,F1,508,508,,,0,,Unknown / not modeled
E508BM,E,FIRE,F1,508,508,,,0,,Unknown / not modeled
E508BP,E,FIRE,F1,508,508,,,0,,Unknown / not modeled
E508C,E,FIRE,F1,508,508,,,0,,Unknown / not modeled
E508F,E,FIRE,F1,508,508,,,0,,Unknown / not modeled
E508M,E,FIRE,F1,508,508,,,0,,Unknown / not modeled
E508P,E,FIRE,F1,508,508,,,0,,Unknown / not modeled
E509,E,FIRE,F1,509,509,,,0,,Unknown / not modeled
E509B,E,FIRE,F1,509,509,,,0,,Unknown / not modeled
E509BP,E,FIRE,F1,509,509,,,0,,Unknown / not modeled
E509C,E,FIRE,F1,509,509,,,0,,Unknown / not modeled
E509M,E,FIRE,F1,509,509,,,0,,Unknown / not modeled
E509P,E,FIRE,F1,509,509,,,0,,Unknown / not modeled
E510,E,FIRE,F1,510,510,,,0,,Unknown / not modeled
E510B,E,FIRE,F1,510,510,,,0,,Unknown / not modeled
E510BF,E,FIRE,F1,510,510,,,0,,Unknown / not modeled
E510BM,E,FIRE,F1,510,510,,,0,,Unknown / not modeled
E510BP,E,FIRE,F1,510,510,,,0,,Unknown / not modeled
E510C,E,FIRE,F1,510,510,,,0,,Unknown / not modeled
E510F,E,FIRE,F1,510,510,,,0,,Unknown / not modeled
E510M,E,FIRE,F1,510,510,,,0,,Unknown / not modeled
E510P,E,FIRE,F1,510,510,,,0,,Unknown / not modeled
E511,E,FIRE,F1,511,511,,,0,,Unknown / not modeled
E511B,E,FIRE,F1,511,511,,,0,,Unknown / not modeled
E511BM,E,FIRE,F1,511,511,,,0,,Unknown / not modeled
E511BP,E,FIRE,F1,511,511,,,0,,Unknown / not modeled
E511C,E,FIRE,F1,511,511,,,0,,Unknown / not modeled
E511M,E,FIRE,F1,511,511,,,0,,Unknown / not modeled
E511P,E,FIRE,F1,511,511,,,0,,Unknown / not modeled
E512,E,FIRE,F1,512,512,,,0,,Unknown / not modeled
E512B,E,FIRE,F1,512,512,,,0,,Unknown / not modeled
E512BF,E,FIRE,F1,512,512,,,0,,Unknown / not modeled
E512BM,E,FIRE,F1,512,512,,,0,,Unknown / not modeled
E512BP,E,FIRE,F1,512,512,,,0,,Unknown / not modeled
E512C,E,FIRE,F1,512,512,,,0,,Unknown / not modeled
E512F,E,FIRE,F1,512,512,,,0,,Unknown / not modeled
E512M,E,FIRE,F1,512,512,,,0,,Unknown / not modeled
E512P,E,FIRE,F1,512,512,,,0,,Unknown / not modeled
E513,E,FIRE,F1,513,513,,,0,,Unknown / not modeled
E513B,E,FIRE,F1,513,513,,,0,,Unknown / not modeled
E513BF,E,FIRE,F1,513,513,,,0,,Unknown / not modeled
E513BM,E,FIRE,F1,513,513,,,0,,Unknown / not modeled
E513BP,E,FIRE,F1,513,513,,,0,,Unknown / not modeled
E513C,E,FIRE,F1,513,513,,,0,,Unknown / not modeled
E513F,E,FIRE,F1,513,513,,,0,,Unknown / not modeled
E513M,E,FIRE,F1,513,513,,,0,,Unknown / not modeled
E513P,E,FIRE,F1,513,513,,,0,,Unknown / not modeled
E514,E,FIRE,F1,514,514,,,0,,Unknown / not modeled
E514B,E,FIRE,F1,514,514,,,0,,Unknown / not modeled
E514BF,E,FIRE,F1,514,514,,,0,,Unknown / not modeled
E514BM,E,FIRE,F1,514,514,,,0,,Unknown / not modeled
E514BP,E,FIRE,F1,514,514,,,0,,Unknown / not modeled
E514C,E,FIRE,F1,514,514,,,0,,Unknown / not modeled
E514F,E,FIRE,F1,514,514,,,0,,Unknown / not modeled
E514M,E,FIRE,F1,514,514,,,0,,Unknown / not modeled
E514P,E,FIRE,F1,514,514,,,0,,Unknown / not modeled
E515,E,FIRE,F1,515,515,,,0,,Unknown / not modeled
E515B,E,FIRE,F1,515,515,,,0,,Unknown / not modeled
E515BP,E,FIRE,F1,515,515,,,0,,Unknown / not modeled
E515C,E,FIRE,F1,515,515,,,0,,Unknown / not modeled
E515P,E,FIRE,F1,515,515,,,0,,Unknown / not modeled
E516,E,FIRE,F1,516,516,,,0,,Unknown / not modeled
E516B,E,FIRE,F1,516,516,,,0,,Unknown / not modeled
E516BF,E,FIRE,F1,516,516,,,0,,Unknown / not modeled
E516BP,E,FIRE,F1,516,516,,,0,,Unknown / not modeled
E516C,E,FIRE,F1,516,516,,,0,,Unknown / not modeled
E516F,E,FIRE,F1,516,516,,,0,,Unknown / not modeled
E516M,E,FIRE,F1,516,516,,,0,,Unknown / not modeled
E516P,E,FIRE,F1,516,516,,,0,,Unknown / not modeled
E517,E,FIRE,F1,517,517,,,0,,Unknown / not modeled
E517B,E,FIRE,F1,517,517,,,0,,Unknown / not modeled
E517BF,E,FIRE,F1,517,517,,,0,,Unknown / not modeled
E517BM,E,FIRE,F1,517,517,,,0,,Unknown / not modeled
E517BP,E,FIRE,F1,517,517,,,0,,Unknown / not modeled
E517C,E,FIRE,F1,517,517,,,0,,Unknown / not modeled
E517F,E,FIRE,F1,517,517,,,0,,Unknown / not modeled
E517M,E,FIRE,F1,517,517,,,0,,Unknown / not modeled
E517P,E,FIRE,F1,517,517,,,0,,Unknown / not modeled
E518,E,FIRE,F1,518,518,,,0,,Unknown / not modeled
E518B,E,FIRE,F1,518,518,,,0,,Unknown / not modeled
E518BF,E,FIRE,F1,518,518,,,0,,Unknown / not modeled
E518BM,E,FIRE,F1,518,518,,,0,,Unknown / not modeled
E518BP,E,FIRE,F1,518,518,,,0,,Unknown / not modeled
E518C,E,FIRE,F1,518,518,,,0,,Unknown / not modeled
E518F,E,FIRE,F1,518,518,,,0,,Unknown / not modeled
E518M,E,FIRE,F1,518,518,,,0,,Unknown / not modeled
E518P,E,FIRE,F1,518,518,,,0,,Unknown / not modeled
E519,E,FIRE,F1,519,519,,,0,,Unknown / not modeled
E519B,E,FIRE,F1,519,519,,,0,,Unknown / not modeled
E519BP,E,FIRE,F1,519,519,,,0,,Unknown / not modeled
E519C,E,FIRE,F1,519,519,,,0,,Unknown / not modeled
E519P,E,FIRE,F1,519,519,,,0,,Unknown / not modeled
E520,E,FIRE,F1,520,520,,,0,,Unknown / not modeled
E520B,E,FIRE,F1,520,520,,,0,,Unknown / not modeled
E520BF,E,FIRE,F1,520,520,,,0,,Unknown / not modeled
E520BM,E,FIRE,F1,520,520,,,0,,Unknown / not modeled
E520BP,E,FIRE,F1,520,520,,,0,,Unknown / not modeled
E520C,E,FIRE,F1,520,520,,,0,,Unknown / not modeled
E520F,E,FIRE,F1,520,520,,,0,,Unknown / not modeled
E520M,E,FIRE,F1,520,520,,,0,,Unknown / not modeled
E520P,E,FIRE,F1,520,520,,,0,,Unknown / not modeled
E521,E,FIRE,F1,521,521,,,0,,Unknown / not modeled
E521B,E,FIRE,F1,521,521,,,0,,Unknown / not modeled
E521BM,E,FIRE,F1,521,521,,,0,,Unknown / not modeled
E521BP,E,FIRE,F1,521,521,,,0,,Unknown / not modeled
E521C,E,FIRE,F1,521,521,,,0,,Unknown / not modeled
E521CM,E,FIRE,F1,521,521,,,0,,Unknown / not modeled
E521CP,E,FIRE,F1,521,521,,,0,,Unknown / not modeled
E521M,E,FIRE,F1,521,521,,,0,,Unknown / not modeled
E521P,E,FIRE,F1,521,521,,,0,,Unknown / not modeled
E522,E,FIRE,F1,522,522,,,0,,Unknown / not modeled
E522B,E,FIRE,F1,522,522,,,0,,Unknown / not modeled
E522BM,E,FIRE,F1,522,522,,,0,,Unknown / not modeled
E522BP,E,FIRE,F1,522,522,,,0,,Unknown / not modeled
E522C,E,FIRE,F1,522,522,,,0,,Unknown / not modeled
E522M,E,FIRE,F1,522,522,,,0,,Unknown / not modeled
E522P,E,FIRE,F1,522,522,,,0,,Unknown / not modeled
E523,E,FIRE,F1,523,523,,,0,,Unknown / not modeled
E523B,E,FIRE,F1,523,523,,,0,,Unknown / not modeled
E523BP,E,FIRE,F1,523,523,,,0,,Unknown / not modeled
E523C,E,FIRE,F1,523,523,,,0,,Unknown / not modeled
E523M,E,FIRE,F1,523,523,,,0,,Unknown / not modeled
E523P,E,FIRE,F1,523,523,,,0,,Unknown / not modeled
E524,E,FIRE,F1,524,524,,,0,,Unknown / not modeled
E524B,E,FIRE,F1,524,524,,,0,,Unknown / not modeled
E524BP,E,FIRE,F1,524,524,,,0,,Unknown / not modeled
E524C,E,FIRE,F1,524,524,,,0,,Unknown / not modeled
E524M,E,FIRE,F1,524,524,,,0,,Unknown / not modeled
E524P,E,FIRE,F1,524,524,,,0,,Unknown / not modeled
E525,E,FIRE,F1,525,525,,,0,,Unknown / not modeled
E525B,E,FIRE,F1,525,525,,,0,,Unknown / not modeled
E525BF,E,FIRE,F1,525,525,,,0,,Unknown / not modeled
E525BM,E,FIRE,F1,525,525,,,0,,Unknown / not modeled
E525BP,E,FIRE,F1,525,525,,,0,,Unknown / not modeled
E525C,E,FIRE,F1,525,525,,,0,,Unknown / not modeled
E525F,E,FIRE,F1,525,525,,,0,,Unknown / not modeled
E525M,E,FIRE,F1,525,525,,,0,,Unknown / not modeled
E525P,E,FIRE,F1,525,525,,,0,,Unknown / not modeled
E526,E,FIRE,F1,526,526,,,0,,Unknown / not modeled
E526B,E,FIRE,F1,526,526,,,0,,Unknown / not modeled
E526BP,E,FIRE,F1,526,526,,,0,,Unknown / not modeled
E526C,E,FIRE,F1,526,526,,,0,,Unknown / not modeled
E526M,E,FIRE,F1,526,526,,,0,,Unknown / not modeled
E526P,E,FIRE,F1,526,526,,,0,,Unknown / not modeled
E560,E,FIRE,F1,500,500,,,0,,Unknown / not modeled
E561,E,FIRE,F1,500,500,,,0,,Unknown / not modeled
E562,E,FIRE,F1,500,500,,,0,,Unknown / not modeled
E563,E,FIRE,F1,500,500,,,0,,Unknown / not modeled
E564,E,FIRE,F1,500,500,,,0,,Unknown / not modeled
E565,E,FIRE,F1,500,500,,,0,,Unknown / not modeled
E566,E,FIRE,F1,500,500,,,0,,Unknown / not modeled
E567,E,FIRE,F1,500,500,,,0,,Unknown / not modeled
E568,E,FIRE,F1,500,500,,,0,,Unknown / not modeled
E569,E,FIRE,F1,500,500,,,0,,Unknown / not modeled
E591,E,FIRE,F1,524,524,,,0,,Unknown / not modeled
E593,E,FIRE,F1,523,523,,,0,,Unknown / not modeled
E601,E,FIRE,F1,601,601,,,0,,Unknown / not modeled
E601B,E,FIRE,F1,601,601,,,0,,Unknown / not modeled
E602,E,FIRE,F1,602,602,,,0,,Unknown / not modeled
E602B,E,FIRE,F1,602,602,,,0,,Unknown / not modeled
E603,E,FIRE,F1,603,603,,,0,,Unknown / not modeled
E603B,E,FIRE,F1,603,603,,,0,,Unknown / not modeled
E604,E,FIRE,F1,604,604,,,0,,Unknown / not modeled
E604B,E,FIRE,F1,604,604,,,0,,Unknown / not modeled
E605,E,FIRE,F1,605,605,,,0,,Unknown / not modeled
E605B,E,FIRE,F1,605,605,,,0,,Unknown / not modeled
E606,E,FIRE,F1,606,606,,,0,,Unknown / not modeled
E606B,E,FIRE,F1,606,606,,,0,,Unknown / not modeled
E606C,E,FIRE,F1,606,606,,,0,,Unknown / not modeled
E607,E,FIRE,F1,607,607,,,0,,Unknown / not modeled
E607B,E,FIRE,F1,607,607,,,0,,Unknown / not modeled
E608,E,FIRE,F1,608,608,,,0,,Unknown / not modeled
E608B,E,FIRE,F1,608,608,,,0,,Unknown / not modeled
E609,E,FIRE,F1,609,609,,,0,,Unknown / not modeled
E609B,E,FIRE,F1,609,609,,,0,,Unknown / not modeled
E609C,E,FIRE,F1,609,609,,,0,,Unknown / not modeled
E610,E,FIRE,F1,610,610,,,0,,Unknown / not modeled
E610B,E,FIRE,F1,610,610,,,0,,Unknown / not modeled
E611,E,FIRE,F1,611,611,,,0,,Unknown / not modeled
E611B,E,FIRE,F1,611,611,,,0,,Unknown / not modeled
E611C,E,FIRE,F1,611,611,,,0,,Unknown / not modeled
E612,E,FIRE,F1,612,612,,,0,,Unknown / not modeled
E612B,E,FIRE,F1,612,612,,,0,,Unknown / not modeled
E613,E,FIRE,F1,613,613,,,0,,Unknown / not modeled
E614,E,FIRE,F1,614,614,,,0,,Unknown / not modeled
E615,E,FIRE,F1,615,615,,,0,,Unknown / not modeled
E616,E,FIRE,F1,616,616,,,0,,Unknown / not modeled
E617,E,FIRE,F1,617,617,,,0,,Unknown / not modeled
E618,E,FIRE,F1,618,618,,,0,,Unknown / not modeled
E618B,E,FIRE,F1,618,618,,,0,,Unknown / not modeled
E618C,E,FIRE,F1,618,618,,,0,,Unknown / not modeled
E619,E,FIRE,F1,619,619,,,0,,Unknown / not modeled
E619B,E,FIRE,F1,619,619,,,0,,Unknown / not modeled
E620,E,FIRE,F1,620,620,,,0,,Unknown / not modeled
E620B,E,FIRE,F1,620,620,,,0,,Unknown / not modeled
E621,E,FIRE,F1,621,621,,,0,,Unknown / not modeled
E621B,E,FIRE,F1,621,621,,,0,,Unknown / not modeled
E622,E,FIRE,F1,622,622,,,0,,Unknown / not modeled
E622B,E,FIRE,F1,622,622,,,0,,Unknown / not modeled
E622C,E,FIRE,F1,622,622,,,0,,Unknown / not modeled
E623,E,FIRE,F1,623,623,,,0,,Unknown / not modeled
E623B,E,FIRE,F1,623,623,,,0,,Unknown / not modeled
E624,E,FIRE,F1,624,624,,,0,,Unknown / not modeled
E624B,E,FIRE,F1,624,624,,,0,,Unknown / not modeled
E624C,E,FIRE,F1,624,624,,,0,,Unknown / not modeled
E625,E,FIRE,F1,625,625,,,0,,Unknown / not modeled
E626,E,FIRE,F1,626,626,,,0,,Unknown / not modeled
E627,E,FIRE,F1,627,627,,,0,,Unknown / not modeled
E680,E,FIRE,F1,600,600,,,0,,Unknown / not modeled
E681,E,FIRE,F1,600,600,,,0,,Unknown / not modeled
E682,E,FIRE,F1,600,600,,,0,,Unknown / not modeled
E690,E,FIRE,F1,699,699,,,0,,Unknown / not modeled
E691,E,FIRE,F1,699,699,,,0,,Unknown / not modeled
E692,E,FIRE,F1,699,699,,,0,,Unknown / not modeled
E698,E,FIRE,F1,699,699,,,0,,Unknown / not modeled
E701,E,FIRE,F1,701,701,,,0,,Unknown / not modeled
E702,E,FIRE,F1,702,702,,,0,,Unknown / not modeled
E703,E,FIRE,F1,703,703,,,0,,Unknown / not modeled
E703B,E,FIRE,F1,703,703,,,0,,Unknown / not modeled
E703C,E,FIRE,F1,703,703,,,0,,Unknown / not modeled
E704,E,FIRE,F1,704,704,,,0,,Unknown / not modeled
E705,E,FIRE,F1,705,705,,,0,,Unknown / not modeled
E705B,E,FIRE,F1,705,705,,,0,,Unknown / not modeled
E706,E,FIRE,F1,706,706,,,0,,Unknown / not modeled
E707,E,FIRE,F1,707,707,,,0,,Unknown / not modeled
E708,E,FIRE,F1,708,708,,,0,,Unknown / not modeled
E709,E,FIRE,F1,709,709,,,0,,Unknown / not modeled
E709B,E,FIRE,F1,709,709,,,0,,Unknown / not modeled
E710,E,FIRE,F1,710,710,,,0,,Unknown / not modeled
E710B,E,FIRE,F1,710,710,,,0,,Unknown / not modeled
E711,E,FIRE,F1,711,711,,,0,,Unknown / not modeled
E712,E,FIRE,F1,712,712,,,0,,Unknown / not modeled
E713,E,FIRE,F1,713,713,,,0,,Unknown / not modeled
E713B,E,FIRE,F1,713,713,,,0,,Unknown / not modeled
E714,E,FIRE,F1,714,714,,,0,,Unknown / not modeled
E715,E,FIRE,F1,715,715,,,0,,Unknown / not modeled
E716,E,FIRE,F1,716,716,,,0,,Unknown / not modeled
E717,E,FIRE,F1,717,717,,,0,,Unknown / not modeled
E718,E,FIRE,F1,718,718,,,0,,Unknown / not modeled
E719,E,FIRE,F1,719,719,,,0,,Unknown / not modeled
E720,E,FIRE,F1,720,720,,,0,,Unknown / not modeled
E721,E,FIRE,F1,721,721,,,0,,Unknown / not modeled
E722,E,FIRE,F1,722,722,,,0,,Unknown / not modeled
E723,E,FIRE,F1,723,723,,,0,,Unknown / not modeled
E724,E,FIRE,F1,724,724,,,0,,Unknown / not modeled
E725,E,FIRE,F1,725,725,,,0,,Unknown / not modeled
E726,E,FIRE,F1,726,726,,,0,,Unknown / not modeled
E727,E,FIRE,F1,727,727,,,0,,Unknown / not modeled
E728,E,FIRE,F1,728,728,,,0,,Unknown / not modeled
E729,E,FIRE,F1,729,729,,,0,,Unknown / not modeled
E729B,E,FIRE,F1,729,729,,,0,,Unknown / not modeled
E730,E,FIRE,F1,730,730,,,0,,Unknown / not modeled
E731,E,FIRE,F1,731,731,,,0,,Unknown / not modeled
E732,E,FIRE,F1,732,732,,,0,,Unknown / not modeled
E733,E,FIRE,F1,733,733,,,0,,Unknown / not modeled
E734,E,FIRE,F1,734,734,,,0,,Unknown / not modeled
E735,E,FIRE,F1,735,735,,,0,,Unknown / not modeled
E740,E,FIRE,F1,740,740,,,0,,Unknown / not modeled
E750,E,FIRE,F1,750,750,,,0,,Unknown / not modeled
E750B,E,FIRE,F1,750,750,,,0,,Unknown / not modeled
E751,E,FIRE,F1,751,751,,,0,,Unknown / not modeled
E751B,E,FIRE,F1,751,751,,,0,,Unknown / not modeled
E752,ENR,FIRE,F1,752,752,,,0,,Unknown / not modeled
E753,E,FIRE,F1,753,753,,,0,,Unknown / not modeled
E753B,E,FIRE,F1,753,753,,,0,,Unknown / not modeled
E754,E,FIRE,F1,754,754,,,0,,Unknown / not modeled
E754B,E,FIRE,F1,754,754,,,0,,Unknown / not modeled
E801,E,FIRE,F1,801,801,,,0,,Unknown / not modeled
E801B,E,FIRE,F1,801,801,,,0,,Unknown / not modeled
E802P,E,FIRE,F1,802,802,,,0,,Unknown / not modeled
E805,E,FIRE,F1,805,805,,,0,,Unknown / not modeled
E805B,E,FIRE,F1,805,805,,,0,,Unknown / not modeled
E806,E,FIRE,F1,806,806,,,0,,Unknown / not modeled
E806B,E,FIRE,F1,806,806,,,0,,Unknown / not modeled
E806BM,E,FIRE,F1,806,806,,,0,,Unknown / not modeled
E806M,E,FIRE,F1,806,806,,,0,,Unknown / not modeled
E807,E,FIRE,F1,807,807,,,0,,Unknown / not modeled
E807B,E,FIRE,F1,807,807,,,0,,Unknown / not modeled
E808,E,FIRE,F1,808,808,,,0,,Unknown / not modeled
E808B,E,FIRE,F1,808,808,,,0,,Unknown / not modeled
E809,E,FIRE,F1,809,809,,,0,,Unknown / not modeled
E809B,E,FIRE,F1,809,809,,,0,,Unknown / not modeled
E809C,E,FIRE,F1,809,809,,,0,,Unknown / not modeled
E810,E,FIRE,F1,810,810,,,0,,Unknown / not modeled
E810B,E,FIRE,F1,810,810,,,0,,Unknown / not modeled
E810C,E,FIRE,F1,810,810,,,0,,Unknown / not modeled
E810D,E,FIRE,F1,810,810,,,0,,Unknown / not modeled
E811,E,FIRE,F1,811,811,,,0,,Unknown / not modeled
E811B,E,FIRE,F1,811,811,,,0,,Unknown / not modeled
E811C,E,FIRE,F1,811,811,,,0,,Unknown / not modeled
E812,E,FIRE,F1,812,812,,,0,,Unknown / not modeled
E812B,E,FIRE,F1,812,812,,,0,,Unknown / not modeled
E813,E,FIRE,F1,813,813,,,0,,Unknown / not modeled
E813B,E,FIRE,F1,813,813,,,0,,Unknown / not modeled
E816,E,FIRE,F1,816,816,,,0,,Unknown / not modeled
E816B,E,FIRE,F1,816,816,,,0,,Unknown / not modeled
E816BM,E,FIRE,F1,816,816,,,0,,Unknown / not modeled
E816M,E,FIRE,F1,816,816,,,0,,Unknown / not modeled
E817,E,FIRE,F1,817,817,,,0,,Unknown / not modeled
E817B,E,FIRE,F1,817,817,,,0,,Unknown / not modeled
E818,E,FIRE,F1,818,818,,,0,,Unknown / not modeled
E818B,E,FIRE,F1,818,818,,,0,,Unknown / not modeled
E818M,E,FIRE,F1,818,818,,,0,,Unknown / not modeled
E819,E,FIRE,F1,819,819,,,0,,Unknown / not modeled
E819B,E,FIRE,F1,819,819,,,0,,Unknown / not modeled
E820,E,FIRE,F1,820,820,,,0,,Unknown / not modeled
E820B,E,FIRE,F1,820,820,,,0,,Unknown / not modeled
E820BM,E,FIRE,F1,820,820,,,0,,Unknown / not modeled
E820C,E,FIRE,F1,820,820,,,0,,Unknown / not modeled
E820CM,E,FIRE,F1,820,820,,,0,,Unknown / not modeled
E820M,E,FIRE,F1,820,820,,,0,,Unknown / not modeled
E821,E,FIRE,F1,821,821,,,0,,Unknown / not modeled
E821B,E,FIRE,F1,821,821,,,0,,Unknown / not modeled
E821BM,E,FIRE,F1,821,821,,,0,,Unknown / not modeled
E821M,E,FIRE,F1,821,821,,,0,,Unknown / not modeled
E823,E,FIRE,F1,823,823,,,0,,Unknown / not modeled
E823B,E,FIRE,F1,823,823,,,0,,Unknown / not modeled
E823BM,E,FIRE,F1,823,823,,,0,,Unknown / not modeled
E823M,E,FIRE,F1,823,823,,,0,,Unknown / not modeled
E824,E,FIRE,F1,824,824,,,0,,Unknown / not modeled
E824B,E,FIRE,F1,824,824,,,0,,Unknown / not modeled
E824BM,E,FIRE,F1,824,824,,,0,,Unknown / not modeled
E824M,E,FIRE,F1,824,824,,,0,,Unknown / not modeled
E824P,E,FIRE,F1,824,824,,,0,,Unknown / not modeled
E825,E,FIRE,F1,825,825,,,0,,Unknown / not modeled
E825B,E,FIRE,F1,825,825,,,0,,Unknown / not modeled
E825M,E,FIRE,F1,825,825,,,0,,Unknown / not modeled
E826,E,FIRE,F1,826,826,,,0,,Unknown / not modeled
E826B,E,FIRE,F1,826,826,,,0,,Unknown / not modeled
E826BM,E,FIRE,F1,826,826,,,0,,Unknown / not modeled
E826M,E,FIRE,F1,826,826,,,0,,Unknown / not modeled
E827,E,FIRE,F1,827,827,,,0,,Unknown / not modeled
E827B,E,FIRE,F1,827,827,,,0,,Unknown / not modeled
E828,E,FIRE,F1,828,828,,,0,,Unknown / not modeled
E828B,E,FIRE,F1,828,828,,,0,,Unknown / not modeled
E828C,E,FIRE,F1,828,828,,,0,,Unknown / not modeled
E829,E,FIRE,F1,829,829,,,0,,Unknown / not modeled
E829B,E,FIRE,F1,829,829,,,0,,Unknown / not modeled
E829BM,E,FIRE,F1,829,829,,,0,,Unknown / not modeled
E829C,E,FIRE,F1,829,829,,,0,,Unknown / not modeled
E829CM,E,FIRE,F1,829,829,,,0,,Unknown / not modeled
E829M,E,FIRE,F1,829,829,,,0,,Unknown / not modeled
E830,E,FIRE,F1,830,830,,,0,,Unknown / not modeled
E830B,E,FIRE,F1,830,830,,,0,,Unknown / not modeled
E831,E,FIRE,F1,831,831,,,0,,Unknown / not modeled
E831B,E,FIRE,F1,831,831,,,0,,Unknown / not modeled
E831M,E,FIRE,F1,831,831,,,0,,Unknown / not modeled
E831P,E,FIRE,F1,831,831,,,0,,Unknown / not modeled
E832,E,FIRE,F1,832,832,,,0,,Unknown / not modeled
E832B,E,FIRE,F1,832,832,,,0,,Unknown / not modeled
E832M,E,FIRE,F1,832,832,,,0,,Unknown / not modeled
E832P,E,FIRE,F1,832,832,,,0,,Unknown / not modeled
E833,E,FIRE,F1,833,833,,,0,,Unknown / not modeled
E833B,E,FIRE,F1,833,833,,,0,,Unknown / not modeled
E833C,E,FIRE,F1,833,833,,,0,,Unknown / not modeled
E834,E,FIRE,F1,834,834,,,0,,Unknown / not modeled
E834B,E,FIRE,F1,834,834,,,0,,Unknown / not modeled
E834P,E,FIRE,F1,834,834,,,0,,Unknown / not modeled
E835,E,FIRE,F1,835,835,,,0,,Unknown / not modeled
E835B,E,FIRE,F1,835,835,,,0,,Unknown / not modeled
E835BM,E,FIRE,F1,835,835,,,0,,Unknown / not modeled
E835C,E,FIRE,F1,835,835,,,0,,Unknown / not modeled
E835CM,E,FIRE,F1,835,835,,,0,,Unknown / not modeled
E835M,E,FIRE,F1,835,835,,,0,,Unknown / not modeled
E836,E,FIRE,F1,836,836,,,0,,Unknown / not modeled
E836B,E,FIRE,F1,836,836,,,0,,Unknown / not modeled
E837,E,FIRE,F1,837,837,,,0,,Unknown / not modeled
E837B,E,FIRE,F1,837,837,,,0,,Unknown / not modeled
E837C,E,FIRE,F1,837,837,,,0,,Unknown / not modeled
E838,E,FIRE,F1,838,838,,,0,,Unknown / not modeled
E838B,E,FIRE,F1,838,838,,,0,,Unknown / not modeled
E838BM,E,FIRE,F1,838,838,,,0,,Unknown / not modeled
E838M,E,FIRE,F1,838,838,,,0,,Unknown / not modeled
E839,E,FIRE,F1,839,839,,,0,,Unknown / not modeled
E839B,E,FIRE,F1,839,839,,,0,,Unknown / not modeled
E840,E,FIRE,F1,840,840,,,0,,Unknown / not modeled
E840B,E,FIRE,F1,840,840,,,0,,Unknown / not modeled
E840BM,E,FIRE,F1,840,840,,,0,,Unknown / not modeled
E840M,E,FIRE,F1,840,840,,,0,,Unknown / not modeled
E841,E,FIRE,F1,841,841,,,0,,Unknown / not modeled
E841B,E,FIRE,F1,841,841,,,0,,Unknown / not modeled
E842,E,FIRE,F1,842,842,,,0,,Unknown / not modeled
E842B,E,FIRE,F1,842,842,,,0,,Unknown / not modeled
E843,E,FIRE,F1,843,843,,,0,,Unknown / not modeled
E843B,E,FIRE,F1,843,843,,,0,,Unknown / not modeled
E843C,E,FIRE,F1,843,843,,,0,,Unknown / not modeled
E843M,E,FIRE,F1,843,843,,,0,,Unknown / not modeled
E843P,E,FIRE,F1,843,843,,,0,,Unknown / not modeled
E844,E,FIRE,F1,844,844,,,0,,Unknown / not modeled
E845,E,FIRE,F1,845,845,,,0,,Unknown / not modeled
E845B,E,FIRE,F1,845,845,,,0,,Unknown / not modeled
E845BM,E,FIRE,F1,845,845,,,0,,Unknown / not modeled
E845M,E,FIRE,F1,845,845,,,0,,Unknown / not modeled
E846,E,FIRE,F1,846,846,,,0,,Unknown / not modeled
E846B,E,FIRE,F1,846,846,,,0,,Unknown / not modeled
E847,E,FIRE,F1,847,847,,,0,,Unknown / not modeled
E847B,E,FIRE,F1,847,847,,,0,,Unknown / not modeled
E847M,E,FIRE,F1,847,847,,,0,,Unknown / not modeled
E848,E,FIRE,F1,848,848,,,0,,Unknown / not modeled
E848B,E,FIRE,F1,848,848,,,0,,Unknown / not modeled
E848C,E,FIRE,F1,848,848,,,0,,Unknown / not modeled
E849,E,FIRE,F1,849,849,,,0,,Unknown / not modeled
E855,E,FIRE,F1,855,855,,,0,,Unknown / not modeled
E855B,E,FIRE,F1,855,855,,,0,,Unknown / not modeled
E855C,E,FIRE,F1,855,855,,,0,,Unknown / not modeled
E855P,E,FIRE,F1,855,855,,,0,,Unknown / not modeled
E858,E,FIRE,F1,858,858,,,0,,Unknown / not modeled
E901,E,FIRE,F1,900,900,,,0,,Unknown / not modeled
E901B,E,FIRE,F1,900,900,,,0,,Unknown / not modeled
E902,E,FIRE,F1,900,900,,,0,,Unknown / not modeled
E902B,E,FIRE,F1,900,900,,,0,,Unknown / not modeled
E903,E,FIRE,F1,900,900,,,0,,Unknown / not modeled
E903B,E,FIRE,F1,900,900,,,0,,Unknown / not modeled
E905,E,FIRE,F1,900,900,,,0,,Unknown / not modeled
E906,E,FIRE,F1,900,900,,,0,,Unknown / not modeled
E907,E,FIRE,F1,900,900,,,0,,Unknown / not modeled
E908,E,FIRE,F1,900,900,,,0,,Unknown / not modeled
E909,E,FIRE,F1,900,900,,,0,,Unknown / not modeled
E910,E,FIRE,F1,900,900,,,0,,Unknown / not modeled
E910B,E,FIRE,F1,900,900,,,0,,Unknown / not modeled
E911,E,FIRE,F1,900,900,,,0,,Unknown / not modeled
E912,E,FIRE,F1,900,900,,,0,,Unknown / not modeled
E913,E,FIRE,F1,900,900,,,0,,Unknown / not modeled
E913B,E,FIRE,F1,900,900,,,0,,Unknown / not modeled
E914,E,FIRE,F1,900,900,,,0,,Unknown / not modeled
E915,E,FIRE,F1,900,900,,,0,,Unknown / not modeled
E915B,E,FIRE,F1,900,900,,,0,,Unknown / not modeled
E916,E,FIRE,F1,900,900,,,0,,Unknown / not modeled
E916B,E,FIRE,F1,900,900,,,0,,Unknown / not modeled
E917,E,FIRE,F1,900,900,,,0,,Unknown / not modeled
E920,E,FIRE,F1,900,900,,,0,,Unknown / not modeled
E921,E,FIRE,F1,900,900,,,0,,Unknown / not modeled
E922,E,FIRE,F1,900,900,,,0,,Unknown / not modeled
E923,E,FIRE,F1,900,900,,,0,,Unknown / not modeled
E923B,E,FIRE,F1,900,900,,,0,,Unknown / not modeled
E925,E,FIRE,F1,900,900,,,0,,Unknown / not modeled
E928,E,FIRE,F1,900,900,,,0,,Unknown / not modeled
E929,E,FIRE,F1,900,900,,,0,,Unknown / not modeled
E931,E,FIRE,F1,900,900,,,0,,Unknown / not modeled
E933,E,FIRE,F1,900,900,,,0,,Unknown / not modeled
E950,E,FIRE,F1,900,900,,,0,,Unknown / not modeled
E950B,E,FIRE,F1,900,900,,,0,,Unknown / not modeled
E951,E,FIRE,F1,900,900,,,0,,Unknown / not modeled
E951B,E,FIRE,F1,900,900,,,0,,Unknown / not modeled
EEO800,ADM,FIRE,F1,800,800,,,0,,Unknown / not modeled
EK709,E,FIRE,F1,709,709,,,0,,Unknown / not modeled
EK717,E,FIRE,F1,717,717,,,0,,Unknown / not modeled
EK823,E,FIRE,F1,823,823,,,0,,Unknown / not modeled
EK836,E,FIRE,F1,836,836,,,0,,Unknown / not modeled
EK906,E,FIRE,F1,900,900,,,0,,Unknown / not modeled
EK911,E,FIRE,F1,900,900,,,0,,Unknown / not modeled
EK913,E,FIRE,F1,900,900,,,0,,Unknown / not modeled
EK920,E,FIRE,F1,900,900,,,0,,Unknown / not modeled
EK922,E,FIRE,F1,900,900,,,0,,Unknown / not modeled
EMO501,EMSNR,FIRE,F1,500,500,,,0,,Unknown / not modeled
EMO502,EMSNR,FIRE,F1,500,500,,,0,,Unknown / not modeled
EMO503,EMSNR,FIRE,F1,500,500,,,0,,Unknown / not modeled
EMO504,EMSNR,FIRE,F1,500,500,,,0,,Unknown / not modeled
EMO505,EMSNR,FIRE,F1,500,500,,,0,,Unknown / not modeled
EMO506,EMSNR,FIRE,F1,500,500,,,0,,Unknown / not modeled
EMP490,ADM,FIRE,F1,HQF,HQF,,,0,,Unknown / not modeled
EMP491,ADM,FIRE,F1,HQF,HQF,,,0,,Unknown / not modeled
EMP492,ADM,FIRE,F1,HQF,HQF,,,0,,Unknown / not modeled
EMP493,ADM,FIRE,F1,HQF,HQF,,,0,,Unknown / not modeled
EMP494,ADM,FIRE,F1,HQF,HQF,,,0,,Unknown / not modeled
EMP495,ADM,FIRE,F1,HQF,HQF,,,0,,Unknown / not modeled
EMP496,ADM,FIRE,F1,HQF,HQF,,,0,,Unknown / not modeled
EMP497,ADM,FIRE,F1,HQF,HQF,,,0,,Unknown / not modeled
EMP498,ADM,FIRE,F1,HQF,HQF,,,0,,Unknown / not modeled
EMP499,ADM,FIRE,F1,HQF,HQF,,,0,,Unknown / not modeled
EMS101,EMSEMS,FIRE,F1,109,109,,,0,,Unknown / not modeled
EMS102,EMSEMS,FIRE,F1,102,102,,,0,,Unknown / not modeled
EMS106,EMS,FIRE,F1,106,106,,,0,,Unknown / not modeled
EMS111,EMS,FIRE,F1,109,109,,,0,,Unknown / not modeled
EMS112,EMS,FIRE,F1,102,102,,,0,,Unknown / not modeled
EMS113,EMSNR,FIRE,F1,103,103,,,0,,Unknown / not modeled
EMS114,EMSNR,FIRE,F1,104,104,,,0,,Unknown / not modeled
EMS201,EMSEMS,FIRE,F1,204,204,,,0,,Unknown / not modeled
EMS202,EMSEMS,FIRE,F1,210,210,,,0,,Unknown / not modeled
EMS204,EMSNR,FIRE,F1,200,200,,,0,,Unknown / not modeled
EMS216,EMSNR,FIRE,F1,201,201,,,0,,Unknown / not modeled
EMS231,EMSNR,FIRE,F1,202,202,,,0,,Unknown / not modeled
EMS232,EMSNR,FIRE,F1,207,207,,,0,,Unknown / not modeled
EMS233,EMSNR,FIRE,F1,200,200,,,0,,Unknown / not modeled
EMS301,EMSNR,FIRE,F1,301,301,,,0,,Unknown / not modeled
EMS301B,EMSNR,FIRE,F1,301,301,,,0,,Unknown / not modeled
EMS302,EMSNR,FIRE,F1,303,303,,,0,,Unknown / not modeled
EMS302B,EMSNR,FIRE,F1,303,303,,,0,,Unknown / not modeled
EMS303,EMSNR,FIRE,F1,303,303,,,0,,Unknown / not modeled
EMS303B,EMSNR,FIRE,F1,303,303,,,0,,Unknown / not modeled
EMS381,EMSNR,FIRE,F1,301,301,,,0,,Unknown / not modeled
EMS382,EMSNR,FIRE,F1,301,301,,,0,,Unknown / not modeled
EMS401,EMS,FIRE,F1,442,442,,COUNTY; BALLISTIC; CHASE CAR,0,,User-provided Fairfax/City EMS family rule
EMS402,EMS,FIRE,F1,427,427,,COUNTY; BALLISTIC; CHASE CAR,0,,User-provided Fairfax/City EMS family rule
EMS403,EMS,FIRE,F1,418,418,,COUNTY; BALLISTIC; CHASE CAR,0,,User-provided Fairfax/City EMS family rule
EMS404,EMS,FIRE,F1,418,418,,COUNTY; BALLISTIC; CHASE CAR,0,,User-provided Fairfax/City EMS family rule
EMS405,EMS,FIRE,F1,427,427,,COUNTY; BALLISTIC; CHASE CAR,0,,User-provided Fairfax/City EMS family rule
EMS406,EMS,FIRE,F1,424,424,,COUNTY; BALLISTIC; CHASE CAR,0,,User-provided Fairfax/City EMS family rule
EMS407,EMS,FIRE,F1,441,441,,COUNTY; BALLISTIC; CHASE CAR,0,,User-provided Fairfax/City EMS family rule
EMS408,EMS,FIRE,F1,HQF,HQF,,COUNTY; BALLISTIC; CHASE CAR,0,,User-provided Fairfax/City EMS family rule
EMS409,EMS,FIRE,F1,HQF,HQF,,COUNTY; BALLISTIC; CHASE CAR,0,,User-provided Fairfax/City EMS family rule
EMS410,EMS,FIRE,F1,HQF,HQF,,COUNTY; BALLISTIC; CHASE CAR,0,,User-provided Fairfax/City EMS family rule
EMS411,EMS,FIRE,F1,HQF,HQF,,COUNTY; BALLISTIC; CHASE CAR,0,,User-provided Fairfax/City EMS family rule
EMS443,EMSNR,FIRE,F1,403,403,,,0,,Unknown / not modeled
EMS445,EMSNR,FIRE,F1,403,403,,,0,,Unknown / not modeled
EMS471,EMS,FIRE,F1,HQF,HQF,,COUNTY; BALLISTIC; CHASE CAR,0,,User-provided Fairfax/City EMS family rule
EMS480,TRNGEM,FIRE,F1,445,445,,,0,,Unknown / not modeled
EMS482,TRNGEM,FIRE,F1,445,445,,,0,,Unknown / not modeled
EMS483,TRNGEM,FIRE,F1,445,445,,,0,,Unknown / not modeled
EMS484,TRNGEM,FIRE,F1,445,445,,,0,,Unknown / not modeled
EMS490,EMS,FIRE,F1,HQF,HQF,,COUNTY; BALLISTIC; CHASE CAR,0,,User-provided Fairfax/City EMS family rule
EMS491,TRNGEM,FIRE,F1,445,445,,,0,,Unknown / not modeled
EMS493,TRNGEM,FIRE,F1,445,445,,,0,,Unknown / not modeled
EMS496,TRNGEM,FIRE,F1,445,445,,,0,,Unknown / not modeled
EMS498,TRNGEM,FIRE,F1,445,445,,,0,,Unknown / not modeled
EMS499,EMS,FIRE,F1,445,445,,COUNTY; BALLISTIC; CHASE CAR,0,,User-provided Fairfax/City EMS family rule
EMS500,EMSNR,FIRE,F1,500,500,,,0,,Unknown / not modeled
EMS501,EMSNR,FIRE,F1,522,522,,,0,,Unknown / not modeled
EMS502,EMSNR,FIRE,F1,518,518,,,0,,Unknown / not modeled
EMS503,EMSNR,FIRE,F1,512,512,,,0,,Unknown / not modeled
EMS581,EMSNR,FIRE,F1,521,521,,,0,,Unknown / not modeled
EMS589,EMSNR,FIRE,F1,509,509,,,0,,Unknown / not modeled
EMS600,EMSNR,FIRE,F1,600,600,,,0,,Unknown / not modeled
EMS601,EMSEMS,FIRE,F1,623,623,,,0,,Unknown / not modeled
EMS601B,EMSEMS,FIRE,F1,623,623,,,0,,Unknown / not modeled
EMS602,EMSEMS,FIRE,F1,602,602,,,0,,Unknown / not modeled
EMS602B,EMSEMS,FIRE,F1,602,602,,,0,,Unknown / not modeled
EMS603,EMSEMS,FIRE,F1,619,619,,,0,,Unknown / not modeled
EMS603B,EMSEMS,FIRE,F1,619,619,,,0,,Unknown / not modeled
EMS671,EMSNR,FIRE,F1,600,600,,,0,,Unknown / not modeled
EMS701,EMSNR,FIRE,F1,719,719,,,0,,Unknown / not modeled
EMS703,EMSNR,FIRE,F1,732,732,,,0,,Unknown / not modeled
EMS704,EMSNR,FIRE,F1,725,725,,,0,,Unknown / not modeled
EMS705,EMSNR,FIRE,F1,734,734,,,0,,Unknown / not modeled
EMS800,ADM,FIRE,F1,800,800,,,0,,Unknown / not modeled
EMS901,ADM,FIRE,F1,900,900,,,0,,Unknown / not modeled
EMS902,ADM,FIRE,F1,900,900,,,0,,Unknown / not modeled
EMSAIDE,EMSNR,FIRE,F1,601,601,,,0,,Unknown / not modeled
EMSAIDE,EMSNR,FIRE,F1,602,602,,,0,,Unknown / not modeled
EMSAIDE,EMSNR,FIRE,F1,603,603,,,0,,Unknown / not modeled
EMSBC900,ADM,FIRE,F1,900,900,,,0,,Unknown / not modeled
EMSC800,ADM,FIRE,F1,800,800,,,0,,Unknown / not modeled
EMSCO603,EMSNR,FIRE,F1,603,603,,,0,,Unknown / not modeled
EMSCO604,EMSNR,FIRE,F1,604,604,,,0,,Unknown / not modeled
EMSCO606,EMSNR,FIRE,F1,606,606,,,0,,Unknown / not modeled
EMSCO607,EMSNR,FIRE,F1,607,607,,,0,,Unknown / not modeled
EMSCO608,EMSNR,FIRE,F1,608,608,,,0,,Unknown / not modeled
EMSCO609,EMSNR,FIRE,F1,609,609,,,0,,Unknown / not modeled
EMSCO610,EMSNR,FIRE,F1,610,610,,,0,,Unknown / not modeled
EMSCO612,EMSNR,FIRE,F1,612,612,,,0,,Unknown / not modeled
EMSCO613,EMSNR,FIRE,F1,613,613,,,0,,Unknown / not modeled
EMSCO614,EMSNR,FIRE,F1,614,614,,,0,,Unknown / not modeled
EMSCO615,EMSNR,FIRE,F1,615,615,,,0,,Unknown / not modeled
EMSCO617,EMSNR,FIRE,F1,617,617,,,0,,Unknown / not modeled
EMSCO619,EMSNR,FIRE,F1,619,619,,,0,,Unknown / not modeled
EMSCO620,EMSNR,FIRE,F1,620,620,,,0,,Unknown / not modeled
EMSCO622,EMSNR,FIRE,F1,622,622,,,0,,Unknown / not modeled
EMSCO623,EMSNR,FIRE,F1,623,623,,,0,,Unknown / not modeled
EMSCO625,EMSNR,FIRE,F1,625,625,,,0,,Unknown / not modeled
EMSCO626,EMSNR,FIRE,F1,626,626,,,0,,Unknown / not modeled
EMSCO635,EMSNR,FIRE,F1,635,635,,,0,,Unknown / not modeled
EMSQA,ADM,FIRE,F1,HQF,HQF,,,0,,Unknown / not modeled
EP401,OEM,FIRE,F1,HQ,HQF,,,0,,Unknown / not modeled
F161,F,FIRE,F1,161,161,,,0,,Unknown / not modeled
F162,F,FIRE,F1,161,161,,,0,,Unknown / not modeled
F209,F,FIRE,F1,210,210,,,0,,Unknown / not modeled
F210,F,FIRE,F1,210,210,,,0,,Unknown / not modeled
F301,F,FIRE,F1,301,301,,,0,,Unknown / not modeled
F302,F,FIRE,F1,302,302,,,0,,Unknown / not modeled
F304,F,FIRE,F1,304,304,,,0,,Unknown / not modeled
F306,F,FIRE,F1,302,302,,,0,,Unknown / not modeled
F310,F,FIRE,F1,301,301,,,0,,Unknown / not modeled
F311,F,FIRE,F1,301,301,,,0,,Unknown / not modeled
F312,F,FIRE,F1,301,301,,,0,,Unknown / not modeled
F320,F,FIRE,F1,302,302,,,0,,Unknown / not modeled
F321,F,FIRE,F1,302,302,,,0,,Unknown / not modeled
F322,F,FIRE,F1,302,302,,,0,,Unknown / not modeled
F323,F,FIRE,F1,302,302,,,0,,Unknown / not modeled
F326,F,FIRE,F1,302,302,,,0,,Unknown / not modeled
F331,F,FIRE,F1,302,302,,,0,,Unknown / not modeled
F336,F,FIRE,F1,302,302,,,0,,Unknown / not modeled
F337,F,FIRE,F1,301,301,,,0,,Unknown / not modeled
F340,F,FIRE,F1,304,304,,,0,,Unknown / not modeled
F341,F,FIRE,F1,304,304,,,0,,Unknown / not modeled
F342,F,FIRE,F1,304,304,,,0,,Unknown / not modeled
F345,F,FIRE,F1,301,301,,,0,,Unknown / not modeled
F352,F,FIRE,F1,304,304,,,0,,Unknown / not modeled
F356,F,FIRE,F1,304,304,,,0,,Unknown / not modeled
F358,F,FIRE,F1,304,304,,,0,,Unknown / not modeled
F403,F,FIRE,F1,403,403,,,0,,Unknown / not modeled
F426,F,FIRE,F1,426,426,,,0,,Unknown / not modeled
F437,F,FIRE,F1,437,437,,,0,,Unknown / not modeled
F466,F,FIRE,F1,466,466,,,0,,Unknown / not modeled
F466B,F,FIRE,F1,466,466,,,0,,Unknown / not modeled
F526,F,FIRE,F1,526,526,,,0,,Unknown / not modeled
F581,F,FIRE,F1,500,500,,,0,,Unknown / not modeled
F581B,F,FIRE,F1,500,500,,,0,,Unknown / not modeled
F812,F,FIRE,F1,812,812,,,0,,Unknown / not modeled
FB001,FB,FIRE,F1,DC,DCFB,,,0,,Unknown / not modeled
FB002,FB,FIRE,F1,DC,DCFB,,,0,,Unknown / not modeled
FB003,FB,FIRE,F1,DC,DCFB,,,0,,Unknown / not modeled
FB1006,FBOJ,FIRE,F1,1008,1008,,,0,,Unknown / not modeled
FB201,FB,FIRE,F1,201,201,,,0,,Unknown / not modeled
FB420,FB,FIRE,F1,420,420,,,0,,Unknown / not modeled
FB420B,FB,FIRE,F1,420,420,,,0,,Unknown / not modeled
FB502,FB,FIRE,F1,502,502,,,0,,Unknown / not modeled
FB502B,FB,FIRE,F1,502,502,,,0,,Unknown / not modeled
FB512,FB,FIRE,F1,512,512,,,0,,Unknown / not modeled
FB514,FB,FIRE,F1,514,514,,,0,,Unknown / not modeled
FB856,FB,FIRE,F1,856,856,,,0,,Unknown / not modeled
FB858,FB,FIRE,F1,858,858,,,0,,Unknown / not modeled
FBDC1,FB,FIRE,F1,DC,DCFB,,,0,,Unknown / not modeled
FBDC2,FB,FIRE,F1,DC,DCFB,,,0,,Unknown / not modeled
FBDC3,FB,FIRE,F1,DC,DCFB,,,0,,Unknown / not modeled
FC,FC,FIRE,F1,HQ,HM,,,0,,Unknown / not modeled
FC100,FC,FIRE,F1,101,100,,,0,,Unknown / not modeled
FC300,ADM,FIRE,F1,301,301,,,0,,Unknown / not modeled
FC400,ADM,FIRE,F1,HQF,HQF,,,0,,Unknown / not modeled
FC443,ADM,FIRE,F1,443,443,,,0,,Unknown / not modeled
FC800,ADM,FIRE,F1,800,800,,,0,,Unknown / not modeled
FCA800,ADM,FIRE,F1,800,800,,,0,,Unknown / not modeled
FCAIDE,ADM,FIRE,F1,HQF,HQF,,,0,,Unknown / not modeled
FCFB,FC,FIRE,F1,463,463,,,0,,Unknown / not modeled
FCFX,FC,FIRE,F1,403,403,,,0,,Unknown / not modeled
FCHF100,ADM,FIRE,F1,100,100,,,0,,Unknown / not modeled
FDU302,ADM,FIRE,F1,302,302,,,0,,Unknown / not modeled
FDU381,ADM,FIRE,F1,302,302,,,0,,Unknown / not modeled
FDU382,ADM,FIRE,F1,302,302,,,0,,Unknown / not modeled
FDU506,ADM,FIRE,F1,506,506,,,0,,Unknown / not modeled
FDU506B,ADM,FIRE,F1,506,506,,,0,,Unknown / not modeled
FE403,E,FIRE,F1,403,403,FE403M,ENGINE; HEAVY,0,,User-provided Fairfax/City engine family rule
FE403B,E,FIRE,F1,403,403,FE403BM,ENGINE; HEAVY,0,,User-provided Fairfax/City engine family rule
FE403BM,E,FIRE,F1,403,403,FE403B,ENGINE; HEAVY; ALS FIRST RESP,1,AFR1 or AFR2,User-provided Fairfax/City engine family rule
FE403M,E,FIRE,F1,403,403,FE403,ENGINE; HEAVY; ALS FIRST RESP,1,AFR1 or AFR2,User-provided Fairfax/City engine family rule
FE501,E,FIRE,F1,501,501,,,0,,Unknown / not modeled
FE521,E,FIRE,F1,521,521,,,0,,Unknown / not modeled
FIRECO601,ADM,FIRE,F1,601,601,,,0,,Unknown / not modeled
FIRECO602,ADM,FIRE,F1,602,602,,,0,,Unknown / not modeled
FIRECO603,ADM,FIRE,F1,603,603,,,0,,Unknown / not modeled
FIRECO604,ADM,FIRE,F1,604,604,,,0,,Unknown / not modeled
FIRECO605,ADM,FIRE,F1,605,605,,,0,,Unknown / not modeled
FIRECO606,ADM,FIRE,F1,606,606,,,0,,Unknown / not modeled
FIRECO607,ADM,FIRE,F1,607,607,,,0,,Unknown / not modeled
FIRECO608,ADM,FIRE,F1,608,608,,,0,,Unknown / not modeled
FIRECO609,ADM,FIRE,F1,609,609,,,0,,Unknown / not modeled
FIRECO610,ADM,FIRE,F1,610,610,,,0,,Unknown / not modeled
FIRECO611,ADM,FIRE,F1,611,611,,,0,,Unknown / not modeled
FIRECO612,ADM,FIRE,F1,612,612,,,0,,Unknown / not modeled
FIRECO618,ADM,FIRE,F1,618,618,,,0,,Unknown / not modeled
FIRECO619,ADM,FIRE,F1,619,619,,,0,,Unknown / not modeled
FIRECO620,ADM,FIRE,F1,620,620,,,0,,Unknown / not modeled
FIRECO622,ADM,FIRE,F1,622,622,,,0,,Unknown / not modeled
FIRECO623,ADM,FIRE,F1,623,623,,,0,,Unknown / not modeled
FIRECO624,ADM,FIRE,F1,624,624,,,0,,Unknown / not modeled
FIRECO626,ADM,FIRE,F1,626,626,,,0,,Unknown / not modeled
FM1501,ADM,FIRE,F1,800,800,,,0,,Unknown / not modeled
FM1502,ADM,FIRE,F1,800,800,,,0,,Unknown / not modeled
FM1503,ADM,FIRE,F1,800,800,,,0,,Unknown / not modeled
FM1504,ADM,FIRE,F1,800,800,,,0,,Unknown / not modeled
FM1505,ADM,FIRE,F1,800,800,,,0,,Unknown / not modeled
FM1506,ADM,FIRE,F1,800,800,,,0,,Unknown / not modeled
FM1507,ADM,FIRE,F1,800,800,,,0,,Unknown / not modeled
FM1508,ADM,FIRE,F1,800,800,,,0,,Unknown / not modeled
FM1509,ADM,FIRE,F1,800,800,,,0,,Unknown / not modeled
FM151,ADM,FIRE,F1,800,800,,,0,,Unknown / not modeled
FM1510,ADM,FIRE,F1,800,800,,,0,,Unknown / not modeled
FM1511,ADM,FIRE,F1,800,800,,,0,,Unknown / not modeled
FM1512,ADM,FIRE,F1,800,800,,,0,,Unknown / not modeled
FM1513,ADM,FIRE,F1,800,800,,,0,,Unknown / not modeled
FM1514,ADM,FIRE,F1,800,800,,,0,,Unknown / not modeled
FM1515,ADM,FIRE,F1,800,800,,,0,,Unknown / not modeled
FM1516,ADM,FIRE,F1,800,800,,,0,,Unknown / not modeled
FM1517,ADM,FIRE,F1,800,800,,,0,,Unknown / not modeled
FM1518,ADM,FIRE,F1,800,800,,,0,,Unknown / not modeled
FM1519,ADM,FIRE,F1,800,800,,,0,,Unknown / not modeled
FM152,ADM,FIRE,F1,800,800,,,0,,Unknown / not modeled
FM153,ADM,FIRE,F1,800,800,,,0,,Unknown / not modeled
FM154,ADM,FIRE,F1,800,800,,,0,,Unknown / not modeled
FM155,ADM,FIRE,F1,800,800,,,0,,Unknown / not modeled
FO161,ADM,FIRE,F1,161,161,,,0,,Unknown / not modeled
FOOA,TESTF,FIRE,F1,100,100,,,0,,Unknown / not modeled
FOOF,TESTF,FIRE,F1,100,100,,,0,,Unknown / not modeled
FPC800,ADM,FIRE,F1,800,800,,,0,,Unknown / not modeled
FSU302,FSU,FIRE,F1,302,302,,,0,,Unknown / not modeled
FSU344,FSU,FIRE,F1,304,304,,,0,,Unknown / not modeled
FSU414,FSU,FIRE,F1,414,414,,,0,,Unknown / not modeled
FSU419,FSU,FIRE,F1,419,419,,,0,,Unknown / not modeled
FSU437,FSU,FIRE,F1,437,437,,,0,,Unknown / not modeled
FSU443,FSU,FIRE,F1,433,433,,,0,,Unknown / not modeled
FSU443B,FSU,FIRE,F1,433,433,,,0,,Unknown / not modeled
FSU443C,FSU,FIRE,F1,433,433,,,0,,Unknown / not modeled
FTASK800,ADM,FIRE,F1,800,800,,,0,,Unknown / not modeled
FTO400,FTO,FIRE,F1,407,407,,,0,,Unknown / not modeled
FTO401,FTO,FIRE,F1,407,407,,,0,,Unknown / not modeled
FTO402,FTO,FIRE,F1,407,407,,,0,,Unknown / not modeled
FTO403,FTO,FIRE,F1,407,407,,,0,,Unknown / not modeled
FTO404,FTO,FIRE,F1,407,407,,,0,,Unknown / not modeled
FTO405,FTO,FIRE,F1,407,407,,,0,,Unknown / not modeled
FUEL800,ADM,FIRE,F1,800,800,,,0,,Unknown / not modeled
G306,ADM,FIRE,F1,301,300,,,0,,Unknown / not modeled
GT501A,UTV,FIRE,F1,501,501,,,0,,Unknown / not modeled
GT501B,UTV,FIRE,F1,501,501,,,0,,Unknown / not modeled
GT501C,UTV,FIRE,F1,501,501,,,0,,Unknown / not modeled
GT503,UTV,FIRE,F1,503,503,,,0,,Unknown / not modeled
GT504,UTV,FIRE,F1,504,504,,,0,,Unknown / not modeled
GT505,UTV,FIRE,F1,505,505,,,0,,Unknown / not modeled
GT507,UTV,FIRE,F1,507,507,,,0,,Unknown / not modeled
GT508,UTV,FIRE,F1,508,508,,,0,,Unknown / not modeled
GT519,UTV,FIRE,F1,519,519,,,0,,Unknown / not modeled
GT520,UTV,FIRE,F1,520,520,,,0,,Unknown / not modeled
GT524,UTV,FIRE,F1,524,524,,,0,,Unknown / not modeled
HAC1,H,FIRE,F1,400,400,,,0,,Unknown / not modeled
HAC2,H,FIRE,F1,400,400,,,0,,Unknown / not modeled
HAC3,H,FIRE,F1,400,400,,,0,,Unknown / not modeled
HAC4,H,FIRE,F1,400,400,,,0,,Unknown / not modeled
HAC5,H,FIRE,F1,400,400,,,0,,Unknown / not modeled
HAC6,H,FIRE,F1,400,400,,,0,,Unknown / not modeled
HEAG1,H,FIRE,F1,400,400,,,0,,Unknown / not modeled
HEAG2,H,FIRE,F1,400,400,,,0,,Unknown / not modeled
HEAG3,H,FIRE,F1,400,400,,,0,,Unknown / not modeled
HHN,H,FIRE,F1,400,400,,,0,,Unknown / not modeled
HJH,H,FIRE,F1,400,400,,,0,,Unknown / not modeled
HM101,HMOJ,FIRE,F1,101,101,,,0,,Unknown / not modeled
HM109,HMOJ,FIRE,F1,109,109,,,0,,Unknown / not modeled
HM209,HMOJ,FIRE,F1,209,209,,,0,,Unknown / not modeled
HM210,HMOJ,FIRE,F1,210,210,,,0,,Unknown / not modeled
HM259,HMOJ,FIRE,F1,200,200,,,0,,Unknown / not modeled
HM301,HMOJ,FIRE,F1,301,301,,,0,,Unknown / not modeled
HM302,HMOJ,FIRE,F1,302,302,,,0,,Unknown / not modeled
HM332,HMOJ,FIRE,F1,304,304,,,0,,Unknown / not modeled
HM342,HMOJ,FIRE,F1,304,304,,,0,,Unknown / not modeled
HM401,HM,FIRE,F1,440,440,HM401M,RESCUE; HAZMAT; HEAVY; EXTRICATION,0,,Exact user-provided current definition
HM401M,HM,FIRE,F1,440,440,HM401,RESCUE; HAZMAT; HEAVY; EXTRICATION; ALS FIRST RESP,1,AFR1 or AFR2,Exact user-provided current definition
HM401X,HMNR,FIRE,F1,440,440,,,0,,Unknown / not modeled
HM440,HM,FIRE,F1,440,440,HM440M,,0,,Unknown / not modeled
HM440B,HM,FIRE,F1,440,440,,,0,,Unknown / not modeled
HM440M,HM,FIRE,F1,440,440,HM440,,1,AFR1 or AFR2,Unknown / not modeled
HM440X,HMNR,FIRE,F1,440,440,,,0,,Unknown / not modeled
HM463,HMOJ,FIRE,F1,463,463,,,0,,Unknown / not modeled
HM464,HMOJ,FIRE,F1,464,464,,,0,,Unknown / not modeled
HM506,HMOJ,FIRE,F1,506,506,,,0,,Unknown / not modeled
HM619,HMOJ,FIRE,F1,619,619,,,0,,Unknown / not modeled
HM621,HMOJ,FIRE,F1,621,621,,,0,,Unknown / not modeled
HM707,HMOJ,FIRE,F1,707,707,,,0,,Unknown / not modeled
HM728,HMOJ,FIRE,F1,728,728,,,0,,Unknown / not modeled
HM751,HMOJ,FIRE,F1,751,751,,,0,,Unknown / not modeled
HM753,HMOJ,FIRE,F1,753,753,,,0,,Unknown / not modeled
HM754,HMOJ,FIRE,F1,754,754,,,0,,Unknown / not modeled
HM812,HMOJ,FIRE,F1,812,812,,,0,,Unknown / not modeled
HM816,HMOJ,FIRE,F1,816,816,,,0,,Unknown / not modeled
HM830,HMOJ,FIRE,F1,830,830,,,0,,Unknown / not modeled
HM858,HMOJ,FIRE,F1,858,858,,,0,,Unknown / not modeled
HM858B,HMOJ,FIRE,F1,858,858,,,0,,Unknown / not modeled
HM933,HM,FIRE,F1,900,900,,,0,,Unknown / not modeled
HM950,HM,FIRE,F1,900,900,,,0,,Unknown / not modeled
HMO501,ADM,FIRE,F1,500,500,,,0,,Unknown / not modeled
HMO502,ADM,FIRE,F1,500,500,,,0,,Unknown / not modeled
HMO503,ADM,FIRE,F1,500,500,,,0,,Unknown / not modeled
HMS401,HMS,FIRE,F1,440,440,,,0,,Unknown / not modeled
HMS440,HMS,FIRE,F1,440,440,,,0,,Unknown / not modeled
HMS440B,HMNR,FIRE,F1,440,440,,,0,,Unknown / not modeled
HMS440X,HMS,FIRE,F1,440,440,,,0,,Unknown / not modeled
HMS506,HMSOJ,FIRE,F1,506,506,,,0,,Unknown / not modeled
HMS516,HMSOJ,FIRE,F1,516,516,,,0,,Unknown / not modeled
HMS619,HMSOJ,FIRE,F1,619,619,,,0,,Unknown / not modeled
HMS812,HMSOJ,FIRE,F1,812,812,,,0,,Unknown / not modeled
HMS816,HMSOJ,FIRE,F1,816,816,,,0,,Unknown / not modeled
HMS841,HMSOJ,FIRE,F1,841,841,,,0,,Unknown / not modeled
HMS845,HMSOJ,FIRE,F1,845,845,,,0,,Unknown / not modeled
HMSP,H,FIRE,F1,400,400,,,0,,Unknown / not modeled
HMSTAR,H,FIRE,F1,400,400,,,0,,Unknown / not modeled
HMSU933,HMS,FIRE,F1,900,900,,,0,,Unknown / not modeled
HMT,HMOJ,FIRE,F1,100,100,,,0,,Unknown / not modeled
HOLD400,ADM,FIRE,F1,445,445,,,0,,Unknown / not modeled
HOLD401,ADM,FIRE,F1,445,445,,,0,,Unknown / not modeled
HOLD402,ADM,FIRE,F1,445,445,,,0,,Unknown / not modeled
HOLD403,ADM,FIRE,F1,445,445,,,0,,Unknown / not modeled
HOLD404,ADM,FIRE,F1,445,445,,,0,,Unknown / not modeled
HOLD405,ADM,FIRE,F1,445,445,,,0,,Unknown / not modeled
HOLD406,ADM,FIRE,F1,445,445,,,0,,Unknown / not modeled
HOLD407,ADM,FIRE,F1,445,445,,,0,,Unknown / not modeled
HOLD408,ADM,FIRE,F1,445,445,,,0,,Unknown / not modeled
HOLD409,ADM,FIRE,F1,445,445,,,0,,Unknown / not modeled
HOLD410,ADM,FIRE,F1,445,445,,,0,,Unknown / not modeled
HOSP01,HOSP,FIRE,F1,COM,COM,,,0,,Unknown / not modeled
HOSP03,HOSP,FIRE,F1,COM,COM,,,0,,Unknown / not modeled
HOSP09,HOSP,FIRE,F1,COM,COM,,,0,,Unknown / not modeled
HOSP15,HOSP,FIRE,F1,COM,COM,,,0,,Unknown / not modeled
HOSP17,HOSP,FIRE,F1,COM,COM,,,0,,Unknown / not modeled
HOSP19,HOSP,FIRE,F1,COM,COM,,,0,,Unknown / not modeled
HOSP21,HOSP,FIRE,F1,COM,COM,,,0,,Unknown / not modeled
HOSP25,HOSP,FIRE,F1,COM,COM,,,0,,Unknown / not modeled
HOSP38,HOSP,FIRE,F1,COM,COM,,,0,,Unknown / not modeled
HOSP51,HOSP,FIRE,F1,COM,COM,,,0,,Unknown / not modeled
HOSP52,HOSP,FIRE,F1,COM,COM,,,0,,Unknown / not modeled
HOSP55,HOSP,FIRE,F1,COM,COM,,,0,,Unknown / not modeled
HS506,HMSOJ,FIRE,F1,506,506,,,0,,Unknown / not modeled
HS516,HMSOJ,FIRE,F1,516,516,,,0,,Unknown / not modeled
HSTAT10,H,FIRE,F1,400,400,,,0,,Unknown / not modeled
HSTAT13,H,FIRE,F1,400,400,,,0,,Unknown / not modeled
HSTAT18,H,FIRE,F1,400,400,,,0,,Unknown / not modeled
HUM518,ADM,FIRE,F1,518,518,,,0,,Unknown / not modeled
HUM523,ADM,FIRE,F1,523,523,,,0,,Unknown / not modeled
HUM524,ADM,FIRE,F1,524,524,,,0,,Unknown / not modeled
HUMV801,ADM,FIRE,F1,800,800,,,0,,Unknown / not modeled
HUMV802,ADM,FIRE,F1,800,800,,,0,,Unknown / not modeled
HUMV803,ADM,FIRE,F1,800,800,,,0,,Unknown / not modeled
HUMV804,ADM,FIRE,F1,800,800,,,0,,Unknown / not modeled
HUMV805,ADM,FIRE,F1,800,800,,,0,,Unknown / not modeled
HUMV806,ADM,FIRE,F1,800,800,,,0,,Unknown / not modeled
HUMV807,ADM,FIRE,F1,800,800,,,0,,Unknown / not modeled
HUMV808,ADM,FIRE,F1,800,800,,,0,,Unknown / not modeled
HUMV809,ADM,FIRE,F1,800,800,,,0,,Unknown / not modeled
HUMV810,ADM,FIRE,F1,800,800,,,0,,Unknown / not modeled
HUMV811,ADM,FIRE,F1,800,800,,,0,,Unknown / not modeled
HUSM,H,FIRE,F1,400,400,,,0,,Unknown / not modeled
HV401,HV,FIRE,F1,425,425,,,0,,Unknown / not modeled
HV401B,HV,FIRE,F1,425,425,,,0,,Unknown / not modeled
HV402,HV,FIRE,F1,413,413,,,0,,Unknown / not modeled
HV402B,HV,FIRE,F1,413,413,,,0,,Unknown / not modeled
HV403,HV,FIRE,F1,421,421,,,0,,Unknown / not modeled
HV403B,HV,FIRE,F1,421,421,,,0,,Unknown / not modeled
HV404,HV,FIRE,F1,408,408,,,0,,Unknown / not modeled
HV404B,HV,FIRE,F1,404,408,,,0,,Unknown / not modeled
HV405,HV,FIRE,F1,437,437,,,0,,Unknown / not modeled
HV405B,HV,FIRE,F1,437,437,,,0,,Unknown / not modeled
HV406,HV,FIRE,F1,409,409,,,0,,Unknown / not modeled
HV406B,HV,FIRE,F1,409,409,,,0,,Unknown / not modeled
HV407,HV,FIRE,F1,432,432,,,0,,Unknown / not modeled
HV407B,HV,FIRE,F1,432,432,,,0,,Unknown / not modeled
HV408,HV,FIRE,F1,440,440,,,0,,Unknown / not modeled
HV443,HV,FIRE,F1,433,433,,,0,,Unknown / not modeled
HV443B,HV,FIRE,F1,403,403,,,0,,Unknown / not modeled
HVSP,H,FIRE,F1,400,400,,,0,,Unknown / not modeled
ICP401,ICP,FIRE,F1,425,425,,,0,,Unknown / not modeled
ICP402,ICP,FIRE,F1,413,413,,,0,,Unknown / not modeled
ICP403,ICP,FIRE,F1,421,421,,,0,,Unknown / not modeled
ICP404,ICP,FIRE,F1,408,408,,,0,,Unknown / not modeled
ICP405,ICP,FIRE,F1,437,437,,,0,,Unknown / not modeled
ICP406,ICP,FIRE,F1,409,409,,,0,,Unknown / not modeled
ICP407,ICP,FIRE,F1,432,432,,,0,,Unknown / not modeled
ICP408,ICP,FIRE,F1,HQF,HQF,,,0,,Unknown / not modeled
ICP409,ICP,FIRE,F1,HQF,HQF,,,0,,Unknown / not modeled
ICP410,ICP,FIRE,F1,HQF,HQF,,,0,,Unknown / not modeled
ICP430A,ICP,FIRE,F1,430,430,,,0,,Unknown / not modeled
ICP430B,ICP,FIRE,F1,430,430,,,0,,Unknown / not modeled
ICP438A,ICP,FIRE,F1,438,438,,,0,,Unknown / not modeled
ICP438B,ICP,FIRE,F1,438,438,,,0,,Unknown / not modeled
IN103,ADM,FIRE,F1,100,100,,,0,,Unknown / not modeled
INS870A,ADM,FIRE,F1,800,800,,,0,,Unknown / not modeled
INS870B,ADM,FIRE,F1,800,800,,,0,,Unknown / not modeled
INS870C,ADM,FIRE,F1,800,800,,,0,,Unknown / not modeled
INS870D,ADM,FIRE,F1,800,800,,,0,,Unknown / not modeled
INS871,ADM,FIRE,F1,800,800,,,0,,Unknown / not modeled
INS872,ADM,FIRE,F1,800,800,,,0,,Unknown / not modeled
INS873,ADM,FIRE,F1,800,800,,,0,,Unknown / not modeled
INS874,ADM,FIRE,F1,800,800,,,0,,Unknown / not modeled
INS875,ADM,FIRE,F1,800,800,,,0,,Unknown / not modeled
INS876,ADM,FIRE,F1,800,800,,,0,,Unknown / not modeled
INS877,ADM,FIRE,F1,800,800,,,0,,Unknown / not modeled
INS878,ADM,FIRE,F1,800,800,,,0,,Unknown / not modeled
INS879,ADM,FIRE,F1,800,800,,,0,,Unknown / not modeled
INV800,ADM,FIRE,F1,800,800,,,0,,Unknown / not modeled
INVC800,ADM,FIRE,F1,800,800,,,0,,Unknown / not modeled
IV01,IV,FIRE,F1,HQF,HQF,,,0,,Unknown / not modeled
IV02,IV,FIRE,F1,HQF,HQF,,,0,,Unknown / not modeled
IV03,IV,FIRE,F1,HQF,HQF,,,0,,Unknown / not modeled
IV04,IV,FIRE,F1,HQF,HQF,,,0,,Unknown / not modeled
IV05,IV,FIRE,F1,HQF,HQF,,,0,,Unknown / not modeled
IV06,IV,FIRE,F1,HQF,HQF,,,0,,Unknown / not modeled
IV07,IV,FIRE,F1,HQF,HQF,,,0,,Unknown / not modeled
IV08,IV,FIRE,F1,HQF,HQF,,,0,,Unknown / not modeled
IV09,IV,FIRE,F1,HQF,HQF,,,0,,Unknown / not modeled
IV10,IV,FIRE,F1,HQF,HQF,,,0,,Unknown / not modeled
IV11,IV,FIRE,F1,HQF,HQF,,,0,,Unknown / not modeled
IV12,IV,FIRE,F1,HQF,HQF,,,0,,Unknown / not modeled
IV13,IV,FIRE,F1,HQF,HQF,,,0,,Unknown / not modeled
IV14,IV,FIRE,F1,HQF,HQF,,,0,,Unknown / not modeled
IV15,IV,FIRE,F1,HQF,HQF,,,0,,Unknown / not modeled
IV16,IV,FIRE,F1,HQF,HQF,,,0,,Unknown / not modeled
IV17,IV,FIRE,F1,HQF,HQF,,,0,,Unknown / not modeled
IV18,IV,FIRE,F1,HQF,HQF,,,0,,Unknown / not modeled
IV19,IV,FIRE,F1,HQF,HQF,,,0,,Unknown / not modeled
IV20,IV,FIRE,F1,HQF,HQF,,,0,,Unknown / not modeled
JET625,BTSOJ,FIRE,F1,625,625,,,0,,Unknown / not modeled
K411,K,FIRE,F1,411,411,,,0,,Unknown / not modeled
K412,K,FIRE,F1,412,412,,,0,,Unknown / not modeled
K413,K,FIRE,F1,413,413,,,0,,Unknown / not modeled
K416,K,FIRE,F1,416,416,,,0,,Unknown / not modeled
K420,K,FIRE,F1,420,420,,,0,,Unknown / not modeled
K423,K,FIRE,F1,423,423,,,0,,Unknown / not modeled
K438,K,FIRE,F1,438,438,,,0,,Unknown / not modeled
K439,K,FIRE,F1,439,439,,,0,,Unknown / not modeled
K441,K,FIRE,F1,441,441,,,0,,Unknown / not modeled
K442,K,FIRE,F1,442,442,,,0,,Unknown / not modeled
K466,K,FIRE,F1,466,466,,,0,,Unknown / not modeled
K503,K,FIRE,F1,503,503,,,0,,Unknown / not modeled
K505,K,FIRE,F1,505,505,,,0,,Unknown / not modeled
K505B,K,FIRE,F1,505,505,,,0,,Unknown / not modeled
K506,K,FIRE,F1,506,506,,,0,,Unknown / not modeled
K506B,K,FIRE,F1,506,506,,,0,,Unknown / not modeled
K507,K,FIRE,F1,507,507,,,0,,Unknown / not modeled
K507B,K,FIRE,F1,507,507,,,0,,Unknown / not modeled
K515,K,FIRE,F1,515,515,,,0,,Unknown / not modeled
K515B,K,FIRE,F1,515,515,,,0,,Unknown / not modeled
K516,K,FIRE,F1,516,516,,,0,,Unknown / not modeled
K516B,K,FIRE,F1,516,516,,,0,,Unknown / not modeled
K526,K,FIRE,F1,526,526,,,0,,Unknown / not modeled
K601,K,FIRE,F1,601,601,,,0,,Unknown / not modeled
K602,K,FIRE,F1,602,602,,,0,,Unknown / not modeled
K603,K,FIRE,F1,603,603,,,0,,Unknown / not modeled
K604,K,FIRE,F1,604,604,,,0,,Unknown / not modeled
K605,K,FIRE,F1,605,605,,,0,,Unknown / not modeled
K607,K,FIRE,F1,607,607,,,0,,Unknown / not modeled
K608,K,FIRE,F1,608,608,,,0,,Unknown / not modeled
K609,K,FIRE,F1,609,609,,,0,,Unknown / not modeled
K610,K,FIRE,F1,610,610,,,0,,Unknown / not modeled
K610B,K,FIRE,F1,610,610,,,0,,Unknown / not modeled
K612,K,FIRE,F1,612,612,,,0,,Unknown / not modeled
K616,K,FIRE,F1,616,616,,,0,,Unknown / not modeled
K618,K,FIRE,F1,618,618,,,0,,Unknown / not modeled
K622,K,FIRE,F1,622,622,,,0,,Unknown / not modeled
K623,K,FIRE,F1,623,623,,,0,,Unknown / not modeled
K624,K,FIRE,F1,624,624,,,0,,Unknown / not modeled
K626,K,FIRE,F1,626,626,,,0,,Unknown / not modeled
K627,K,FIRE,F1,627,627,,,0,,Unknown / not modeled
K680,K,FIRE,F1,600,600,,,0,,Unknown / not modeled
K690,K,FIRE,F1,600,600,,,0,,Unknown / not modeled
K704,K,FIRE,F1,704,704,,,0,,Unknown / not modeled
K709,K,FIRE,F1,709,709,,,0,,Unknown / not modeled
K713,K,FIRE,F1,713,713,,,0,,Unknown / not modeled
K714,K,FIRE,F1,714,714,,,0,,Unknown / not modeled
K717,K,FIRE,F1,717,717,,,0,,Unknown / not modeled
K722,K,FIRE,F1,722,722,,,0,,Unknown / not modeled
K730,K,FIRE,F1,730,730,,,0,,Unknown / not modeled
K731,K,FIRE,F1,731,731,,,0,,Unknown / not modeled
K734,K,FIRE,F1,734,734,,,0,,Unknown / not modeled
K816,K,FIRE,F1,816,816,,,0,,Unknown / not modeled
K823,K,FIRE,F1,823,823,,,0,,Unknown / not modeled
K836,K,FIRE,F1,836,836,,,0,,Unknown / not modeled
K839,K,FIRE,F1,839,839,,,0,,Unknown / not modeled
K840,K,FIRE,F1,840,840,,,0,,Unknown / not modeled
K843,K,FIRE,F1,843,843,,,0,,Unknown / not modeled
K845,K,FIRE,F1,845,845,,,0,,Unknown / not modeled
K9402,OPS,FIRE,F1,HQF,HQF,,,0,,Unknown / not modeled
L501,LAOJ,FIRE,F1,501,501,,,0,,Unknown / not modeled
L508,LAOJ,FIRE,F1,508,508,,,0,,Unknown / not modeled
L519,LAOJ,FIRE,F1,519,519,,,0,,Unknown / not modeled
L816,LAOJ,FIRE,F1,816,816,,,0,,Unknown / not modeled
L819,LAOJ,FIRE,F1,819,819,,,0,,Unknown / not modeled
L845,LAOJ,FIRE,F1,845,845,,,0,,Unknown / not modeled
LA103,LAOJ,FIRE,F1,108,108,,,0,,Unknown / not modeled
LA106,LAOJ,FIRE,F1,106,106,,,0,,Unknown / not modeled
LA108,LAOJ,FIRE,F1,108,108,,,0,,Unknown / not modeled
LA407,LA,FIRE,F1,407,407,,,0,,Unknown / not modeled
LA409,LA,FIRE,F1,409,409,,,0,,Unknown / not modeled
LA413,LA,FIRE,F1,413,413,,,0,,Unknown / not modeled
LA423,LA,FIRE,F1,428,428,,,0,,Unknown / not modeled
LA431,LA,FIRE,F1,431,431,,,0,,Unknown / not modeled
LA436,LA,FIRE,F1,436,436,,,0,,Unknown / not modeled
LA437,LA,FIRE,F1,437,437,,,0,,Unknown / not modeled
LA438,LA,FIRE,F1,438,438,,,0,,Unknown / not modeled
LA463,LA,FIRE,F1,463,463,,,0,,Unknown / not modeled
LA466,LA,FIRE,F1,466,466,,,0,,Unknown / not modeled
LA481,TRNGLA,FIRE,F1,400,400,,,0,,Unknown / not modeled
LA489,TRNGLA,FIRE,F1,400,400,,,0,,Unknown / not modeled
LA608,LAOJ,FIRE,F1,608,608,,,0,,Unknown / not modeled
LAB401,LAB,FIRE,F1,434,434,,,0,,Unknown / not modeled
LAB815,ADM,FIRE,F1,800,800,,,0,,Unknown / not modeled
LO101,ADM,FIRE,F1,100,100,,,0,,Unknown / not modeled
LO102,ADM,FIRE,F1,100,100,,,0,,Unknown / not modeled
LO103,ADM,FIRE,F1,100,100,,,0,,Unknown / not modeled
LO104,ADM,FIRE,F1,100,100,,,0,,Unknown / not modeled
LO105,ADM,FIRE,F1,100,100,,,0,,Unknown / not modeled
LO120,ADM,FIRE,F1,100,100,,,0,,Unknown / not modeled
LO121,ADM,FIRE,F1,100,100,,,0,,Unknown / not modeled
LO122,ADM,FIRE,F1,100,100,,,0,,Unknown / not modeled
LOG400,RM,FIRE,F1,400,LDC,,,0,,Unknown / not modeled
LOG401,RM,FIRE,F1,400,LDC,,,0,,Unknown / not modeled
LOG402,RM,FIRE,F1,400,LDC,,,0,,Unknown / not modeled
LOG403,RM,FIRE,F1,400,LDC,,,0,,Unknown / not modeled
LOG404,RM,FIRE,F1,400,LDC,,,0,,Unknown / not modeled
LOG405,RM,FIRE,F1,400,LDC,,,0,,Unknown / not modeled
LOG406,RM,FIRE,F1,400,LDC,,,0,,Unknown / not modeled
LOG407,RM,FIRE,F1,400,LDC,,,0,,Unknown / not modeled
LOG408,RM,FIRE,F1,400,LDC,,,0,,Unknown / not modeled
LOG490,ADM,FIRE,F1,HQF,HQF,,,0,,Unknown / not modeled
LOG491,ADM,FIRE,F1,HQF,HQF,,,0,,Unknown / not modeled
LOG492,ADM,FIRE,F1,HQF,HQF,,,0,,Unknown / not modeled
LOG493,ADM,FIRE,F1,HQF,HQF,,,0,,Unknown / not modeled
LOG494,ADM,FIRE,F1,HQF,HQF,,,0,,Unknown / not modeled
LOG495,ADM,FIRE,F1,HQF,HQF,,,0,,Unknown / not modeled
LOG496,ADM,FIRE,F1,HQF,HQF,,,0,,Unknown / not modeled
LOG497,ADM,FIRE,F1,HQF,HQF,,,0,,Unknown / not modeled
LOG498,ADM,FIRE,F1,HQF,HQF,,,0,,Unknown / not modeled
LOG499,ADM,FIRE,F1,HQF,HQF,,,0,,Unknown / not modeled
LOG501,RM,FIRE,F1,502,502,,,0,,Unknown / not modeled
LOG502,RM,FIRE,F1,502,502,,,0,,Unknown / not modeled
LOG503,RM,FIRE,F1,502,502,,,0,,Unknown / not modeled
LOG522,RM,FIRE,F1,502,502,,,0,,Unknown / not modeled
LOG600,ADM,FIRE,F1,600,600,,,0,,Unknown / not modeled
LOGS600,ADM,FIRE,F1,600,600,,,0,,Unknown / not modeled
LSE405,LSE,FIRE,F1,HQF,HQF,,,0,,Unknown / not modeled
LSE406,LSE,FIRE,F1,HQF,HQF,,,0,,Unknown / not modeled
LSE407,LSE,FIRE,F1,HQF,HQF,,,0,,Unknown / not modeled
LSE408,LSE,FIRE,F1,HQF,HQF,,,0,,Unknown / not modeled
LSE409,LSE,FIRE,F1,HQF,HQF,,,0,,Unknown / not modeled
M101,M,FIRE,F1,101,101,,,0,,Unknown / not modeled
M101B,M,FIRE,F1,101,101,,,0,,Unknown / not modeled
M102,M,FIRE,F1,102,102,,,0,,Unknown / not modeled
M102B,M,FIRE,F1,102,102,,,0,,Unknown / not modeled
M103,M,FIRE,F1,103,103,,,0,,Unknown / not modeled
M103B,M,FIRE,F1,103,103,,,0,,Unknown / not modeled
M104,M,FIRE,F1,104,104,,,0,,Unknown / not modeled
M104B,M,FIRE,F1,104,104,,,0,,Unknown / not modeled
M105,M,FIRE,F1,105,105,,,0,,Unknown / not modeled
M105B,M,FIRE,F1,105,105,,,0,,Unknown / not modeled
M106,M,FIRE,F1,106,106,,,0,,Unknown / not modeled
M106B,M,FIRE,F1,106,106,,,0,,Unknown / not modeled
M107,M,FIRE,F1,107,107,,,0,,Unknown / not modeled
M107B,M,FIRE,F1,107,107,,,0,,Unknown / not modeled
M108,M,FIRE,F1,108,108,,,0,,Unknown / not modeled
M108B,M,FIRE,F1,108,108,,,0,,Unknown / not modeled
M109,M,FIRE,F1,109,109,,,0,,Unknown / not modeled
M109B,M,FIRE,F1,109,109,,,0,,Unknown / not modeled
M110,M,FIRE,F1,110,110,,,0,,Unknown / not modeled
M110B,M,FIRE,F1,110,110,,,0,,Unknown / not modeled
M111,MOJ,FIRE,F1,100,100,,,0,,Unknown / not modeled
M112,MOJ,FIRE,F1,100,100,,,0,,Unknown / not modeled
M113,MOJ,FIRE,F1,100,100,,,0,,Unknown / not modeled
M114,MOJ,FIRE,F1,100,100,,,0,,Unknown / not modeled
M115,MOJ,FIRE,F1,100,100,,,0,,Unknown / not modeled
M116,MOJ,FIRE,F1,100,100,,,0,,Unknown / not modeled
M201,M,FIRE,F1,201,201,,,0,,Unknown / not modeled
M201B,M,FIRE,F1,201,201,,,0,,Unknown / not modeled
M201P,M,FIRE,F1,201,201,,,0,,Unknown / not modeled
M202,M,FIRE,F1,202,202,,,0,,Unknown / not modeled
M202B,M,FIRE,F1,202,202,,,0,,Unknown / not modeled
M202P,M,FIRE,F1,202,202,,,0,,Unknown / not modeled
M203,M,FIRE,F1,203,203,,,0,,Unknown / not modeled
M203B,M,FIRE,F1,203,203,,,0,,Unknown / not modeled
M203P,M,FIRE,F1,203,203,,,0,,Unknown / not modeled
M204,M,FIRE,F1,204,204,,,0,,Unknown / not modeled
M204B,M,FIRE,F1,204,204,,,0,,Unknown / not modeled
M204P,M,FIRE,F1,204,204,,,0,,Unknown / not modeled
M205,M,FIRE,F1,204,204,,,0,,Unknown / not modeled
M205B,M,FIRE,F1,204,204,,,0,,Unknown / not modeled
M205P,M,FIRE,F1,204,204,,,0,,Unknown / not modeled
M206,M,FIRE,F1,206,206,,,0,,Unknown / not modeled
M206B,M,FIRE,F1,206,206,,,0,,Unknown / not modeled
M206P,M,FIRE,F1,206,206,,,0,,Unknown / not modeled
M207,M,FIRE,F1,207,207,,,0,,Unknown / not modeled
M207B,M,FIRE,F1,207,207,,,0,,Unknown / not modeled
M207P,M,FIRE,F1,207,207,,,0,,Unknown / not modeled
M208,M,FIRE,F1,208,208,,,0,,Unknown / not modeled
M208B,M,FIRE,F1,208,208,,,0,,Unknown / not modeled
M208P,M,FIRE,F1,208,208,,,0,,Unknown / not modeled
M209,M,FIRE,F1,209,209,,,0,,Unknown / not modeled
M209B,M,FIRE,F1,209,209,,,0,,Unknown / not modeled
M209P,M,FIRE,F1,209,209,,,0,,Unknown / not modeled
M210,M,FIRE,F1,210,210,,,0,,Unknown / not modeled
M210B,M,FIRE,F1,210,210,,,0,,Unknown / not modeled
M210P,M,FIRE,F1,210,210,,,0,,Unknown / not modeled
M301,M,FIRE,F1,301,301,,,0,,Unknown / not modeled
M301B,M,FIRE,F1,301,301,,,0,,Unknown / not modeled
M302,M,FIRE,F1,302,302,,,0,,Unknown / not modeled
M302B,M,FIRE,F1,302,302,,,0,,Unknown / not modeled
M303,M,FIRE,F1,303,303,,,0,,Unknown / not modeled
M303B,M,FIRE,F1,303,303,,,0,,Unknown / not modeled
M304,M,FIRE,F1,304,304,,,0,,Unknown / not modeled
M340,M,FIRE,F1,304,304,,,0,,Unknown / not modeled
M401,M,FIRE,F1,401,401,,TRANSPORT; MEDIC,1,,User-provided Fairfax/City medic family rule
M401B,M,FIRE,F1,401,401,,TRANSPORT; MEDIC,1,,User-provided Fairfax/City medic family rule
M401C,M,FIRE,F1,401,401,,TRANSPORT; MEDIC,1,,User-provided Fairfax/City medic family rule
M401E,M,FIRE,F1,401,401,,TRANSPORT; MEDIC,1,,User-provided Fairfax/City medic family rule
M401F,M,FIRE,F1,401,401,,TRANSPORT; MEDIC,1,,User-provided Fairfax/City medic family rule
M402,M,FIRE,F1,402,402,,TRANSPORT; MEDIC,1,,User-provided Fairfax/City medic family rule
M402B,M,FIRE,F1,402,402,,TRANSPORT; MEDIC,1,,User-provided Fairfax/City medic family rule
M402E,M,FIRE,F1,402,402,,TRANSPORT; MEDIC,1,,User-provided Fairfax/City medic family rule
M403,M,FIRE,F1,403,403,,TRANSPORT; MEDIC,1,,User-provided Fairfax/City medic family rule
M403B,M,FIRE,F1,403,403,,TRANSPORT; MEDIC,1,,User-provided Fairfax/City medic family rule
M403E,M,FIRE,F1,403,403,,TRANSPORT; MEDIC,1,,User-provided Fairfax/City medic family rule
M404,M,FIRE,F1,404,404,,TRANSPORT; MEDIC,1,,User-provided Fairfax/City medic family rule
M404B,M,FIRE,F1,404,404,,TRANSPORT; MEDIC,1,,User-provided Fairfax/City medic family rule
M404E,M,FIRE,F1,404,404,,TRANSPORT; MEDIC,1,,User-provided Fairfax/City medic family rule
M405,M,FIRE,F1,405,405,,TRANSPORT; MEDIC,1,,User-provided Fairfax/City medic family rule
M405B,M,FIRE,F1,405,405,,TRANSPORT; MEDIC,1,,User-provided Fairfax/City medic family rule
M405E,M,FIRE,F1,405,405,,TRANSPORT; MEDIC,1,,User-provided Fairfax/City medic family rule
M407,M,FIRE,F1,407,407,,TRANSPORT; MEDIC,1,,User-provided Fairfax/City medic family rule
M407B,M,FIRE,F1,407,407,,TRANSPORT; MEDIC,1,,User-provided Fairfax/City medic family rule
M407E,M,FIRE,F1,407,407,,TRANSPORT; MEDIC,1,,User-provided Fairfax/City medic family rule
M408,M,FIRE,F1,408,408,,TRANSPORT; MEDIC,1,,User-provided Fairfax/City medic family rule
M408B,M,FIRE,F1,408,408,,TRANSPORT; MEDIC,1,,User-provided Fairfax/City medic family rule
M408E,M,FIRE,F1,408,408,,TRANSPORT; MEDIC,1,,User-provided Fairfax/City medic family rule
M409,M,FIRE,F1,409,409,,TRANSPORT; MEDIC,1,,User-provided Fairfax/City medic family rule
M409B,M,FIRE,F1,409,409,,TRANSPORT; MEDIC,1,,User-provided Fairfax/City medic family rule
M409E,M,FIRE,F1,409,409,,TRANSPORT; MEDIC,1,,User-provided Fairfax/City medic family rule
M410,M,FIRE,F1,410,410,,TRANSPORT; MEDIC,1,,User-provided Fairfax/City medic family rule
M410B,M,FIRE,F1,410,410,,TRANSPORT; MEDIC,1,,User-provided Fairfax/City medic family rule
M410E,M,FIRE,F1,410,410,,TRANSPORT; MEDIC,1,,User-provided Fairfax/City medic family rule
M411,M,FIRE,F1,411,411,,TRANSPORT; MEDIC,1,,User-provided Fairfax/City medic family rule
M411B,M,FIRE,F1,411,411,,TRANSPORT; MEDIC,1,,User-provided Fairfax/City medic family rule
M411E,M,FIRE,F1,411,411,,TRANSPORT; MEDIC,1,,User-provided Fairfax/City medic family rule
M412,M,FIRE,F1,412,412,,TRANSPORT; MEDIC,1,,User-provided Fairfax/City medic family rule
M412B,M,FIRE,F1,412,412,,TRANSPORT; MEDIC,1,,User-provided Fairfax/City medic family rule
M412E,M,FIRE,F1,412,412,,TRANSPORT; MEDIC,1,,User-provided Fairfax/City medic family rule
M413,M,FIRE,F1,413,413,,TRANSPORT; MEDIC,1,,User-provided Fairfax/City medic family rule
M413B,M,FIRE,F1,413,413,,TRANSPORT; MEDIC,1,,User-provided Fairfax/City medic family rule
M413E,M,FIRE,F1,413,413,,TRANSPORT; MEDIC,1,,User-provided Fairfax/City medic family rule
M414,M,FIRE,F1,414,414,,TRANSPORT; MEDIC,1,,User-provided Fairfax/City medic family rule
M414B,M,FIRE,F1,414,414,,TRANSPORT; MEDIC,1,,User-provided Fairfax/City medic family rule
M414E,M,FIRE,F1,414,414,,TRANSPORT; MEDIC,1,,User-provided Fairfax/City medic family rule
M415,M,FIRE,F1,415,415,,TRANSPORT; MEDIC,1,,User-provided Fairfax/City medic family rule
M415B,M,FIRE,F1,415,415,,TRANSPORT; MEDIC,1,,User-provided Fairfax/City medic family rule
M415E,M,FIRE,F1,415,415,,TRANSPORT; MEDIC,1,,User-provided Fairfax/City medic family rule
M416,M,FIRE,F1,416,416,,TRANSPORT; MEDIC,1,,User-provided Fairfax/City medic family rule
M416B,M,FIRE,F1,416,416,,TRANSPORT; MEDIC,1,,User-provided Fairfax/City medic family rule
M416E,M,FIRE,F1,416,416,,TRANSPORT; MEDIC,1,,User-provided Fairfax/City medic family rule
M417,M,FIRE,F1,417,417,,TRANSPORT; MEDIC,1,,User-provided Fairfax/City medic family rule
M417B,M,FIRE,F1,417,417,,TRANSPORT; MEDIC,1,,User-provided Fairfax/City medic family rule
M417E,M,FIRE,F1,417,417,,TRANSPORT; MEDIC,1,,User-provided Fairfax/City medic family rule
M418,M,FIRE,F1,418,418,,TRANSPORT; MEDIC,1,,User-provided Fairfax/City medic family rule
M418B,M,FIRE,F1,418,418,,TRANSPORT; MEDIC,1,,User-provided Fairfax/City medic family rule
M418E,M,FIRE,F1,418,418,,TRANSPORT; MEDIC,1,,User-provided Fairfax/City medic family rule
M419,M,FIRE,F1,419,419,,TRANSPORT; MEDIC,1,,User-provided Fairfax/City medic family rule
M419B,M,FIRE,F1,419,419,,TRANSPORT; MEDIC,1,,User-provided Fairfax/City medic family rule
M419E,M,FIRE,F1,419,419,,TRANSPORT; MEDIC,1,,User-provided Fairfax/City medic family rule
M420,M,FIRE,F1,420,420,,TRANSPORT; MEDIC,1,,User-provided Fairfax/City medic family rule
M420B,M,FIRE,F1,420,420,,TRANSPORT; MEDIC,1,,User-provided Fairfax/City medic family rule
M420E,M,FIRE,F1,420,420,,TRANSPORT; MEDIC,1,,User-provided Fairfax/City medic family rule
M421,M,FIRE,F1,421,421,,TRANSPORT; MEDIC,1,,User-provided Fairfax/City medic family rule
M421B,M,FIRE,F1,421,421,,TRANSPORT; MEDIC,1,,User-provided Fairfax/City medic family rule
M421E,M,FIRE,F1,421,421,,TRANSPORT; MEDIC,1,,User-provided Fairfax/City medic family rule
M422,M,FIRE,F1,422,422,,TRANSPORT; MEDIC,1,,User-provided Fairfax/City medic family rule
M422B,M,FIRE,F1,422,422,,TRANSPORT; MEDIC,1,,User-provided Fairfax/City medic family rule
M422E,M,FIRE,F1,422,422,,TRANSPORT; MEDIC,1,,User-provided Fairfax/City medic family rule
M423,M,FIRE,F1,423,423,,TRANSPORT; MEDIC,1,,User-provided Fairfax/City medic family rule
M423B,M,FIRE,F1,423,423,,TRANSPORT; MEDIC,1,,User-provided Fairfax/City medic family rule
M423E,M,FIRE,F1,423,423,,TRANSPORT; MEDIC,1,,User-provided Fairfax/City medic family rule
M424,M,FIRE,F1,424,424,,TRANSPORT; MEDIC,1,,User-provided Fairfax/City medic family rule
M424B,M,FIRE,F1,424,424,,TRANSPORT; MEDIC,1,,User-provided Fairfax/City medic family rule
M424E,M,FIRE,F1,424,424,,TRANSPORT; MEDIC,1,,User-provided Fairfax/City medic family rule
M425,M,FIRE,F1,425,425,,TRANSPORT; MEDIC,1,,User-provided Fairfax/City medic family rule
M425B,M,FIRE,F1,425,425,,TRANSPORT; MEDIC,1,,User-provided Fairfax/City medic family rule
M425E,M,FIRE,F1,425,425,,TRANSPORT; MEDIC,1,,User-provided Fairfax/City medic family rule
M426,M,FIRE,F1,426,426,,TRANSPORT; MEDIC,1,,User-provided Fairfax/City medic family rule
M426B,M,FIRE,F1,426,426,,TRANSPORT; MEDIC,1,,User-provided Fairfax/City medic family rule
M426E,M,FIRE,F1,426,426,,TRANSPORT; MEDIC,1,,User-provided Fairfax/City medic family rule
M427,M,FIRE,F1,427,427,,TRANSPORT; MEDIC,1,,User-provided Fairfax/City medic family rule
M427B,M,FIRE,F1,427,427,,TRANSPORT; MEDIC,1,,User-provided Fairfax/City medic family rule
M427E,M,FIRE,F1,427,427,,TRANSPORT; MEDIC,1,,User-provided Fairfax/City medic family rule
M428,M,FIRE,F1,428,428,,TRANSPORT; MEDIC,1,,User-provided Fairfax/City medic family rule
M428B,M,FIRE,F1,428,428,,TRANSPORT; MEDIC,1,,User-provided Fairfax/City medic family rule
M428E,M,FIRE,F1,428,428,,TRANSPORT; MEDIC,1,,User-provided Fairfax/City medic family rule
M429,M,FIRE,F1,429,429,,TRANSPORT; MEDIC,1,,User-provided Fairfax/City medic family rule
M429B,M,FIRE,F1,429,429,,TRANSPORT; MEDIC,1,,User-provided Fairfax/City medic family rule
M429E,M,FIRE,F1,429,429,,TRANSPORT; MEDIC,1,,User-provided Fairfax/City medic family rule
M430,M,FIRE,F1,430,430,,TRANSPORT; MEDIC,1,,User-provided Fairfax/City medic family rule
M430B,M,FIRE,F1,430,430,,TRANSPORT; MEDIC,1,,User-provided Fairfax/City medic family rule
M430E,M,FIRE,F1,430,430,,TRANSPORT; MEDIC,1,,User-provided Fairfax/City medic family rule
M431,M,FIRE,F1,431,431,,TRANSPORT; MEDIC,1,,User-provided Fairfax/City medic family rule
M431B,M,FIRE,F1,431,431,,TRANSPORT; MEDIC,1,,User-provided Fairfax/City medic family rule
M431E,M,FIRE,F1,431,431,,TRANSPORT; MEDIC,1,,User-provided Fairfax/City medic family rule
M432,M,FIRE,F1,432,432,,TRANSPORT; MEDIC,1,,User-provided Fairfax/City medic family rule
M432B,M,FIRE,F1,432,432,,TRANSPORT; MEDIC,1,,User-provided Fairfax/City medic family rule
M432E,M,FIRE,F1,432,432,,TRANSPORT; MEDIC,1,,User-provided Fairfax/City medic family rule
M433,M,FIRE,F1,433,433,,TRANSPORT; MEDIC,1,,User-provided Fairfax/City medic family rule
M433B,M,FIRE,F1,433,433,,TRANSPORT; MEDIC,1,,User-provided Fairfax/City medic family rule
M433E,M,FIRE,F1,433,433,,TRANSPORT; MEDIC,1,,User-provided Fairfax/City medic family rule
M434,M,FIRE,F1,434,434,,TRANSPORT; MEDIC,1,,User-provided Fairfax/City medic family rule
M434B,M,FIRE,F1,434,434,,TRANSPORT; MEDIC,1,,User-provided Fairfax/City medic family rule
M434E,M,FIRE,F1,434,434,,TRANSPORT; MEDIC,1,,User-provided Fairfax/City medic family rule
M435,M,FIRE,F1,435,435,,TRANSPORT; MEDIC,1,,User-provided Fairfax/City medic family rule
M435B,M,FIRE,F1,435,435,,TRANSPORT; MEDIC,1,,User-provided Fairfax/City medic family rule
M435E,M,FIRE,F1,435,435,,TRANSPORT; MEDIC,1,,User-provided Fairfax/City medic family rule
M436,M,FIRE,F1,436,436,,TRANSPORT; MEDIC,1,,User-provided Fairfax/City medic family rule
M436B,M,FIRE,F1,436,436,,TRANSPORT; MEDIC,1,,User-provided Fairfax/City medic family rule
M436E,M,FIRE,F1,436,436,,TRANSPORT; MEDIC,1,,User-provided Fairfax/City medic family rule
M437,M,FIRE,F1,437,437,,TRANSPORT; MEDIC,1,,User-provided Fairfax/City medic family rule
M437B,M,FIRE,F1,437,437,,TRANSPORT; MEDIC,1,,User-provided Fairfax/City medic family rule
M437E,M,FIRE,F1,437,437,,TRANSPORT; MEDIC,1,,User-provided Fairfax/City medic family rule
M438,M,FIRE,F1,438,438,,TRANSPORT; MEDIC,1,,User-provided Fairfax/City medic family rule
M438B,M,FIRE,F1,438,438,,TRANSPORT; MEDIC,1,,User-provided Fairfax/City medic family rule
M438E,M,FIRE,F1,438,438,,TRANSPORT; MEDIC,1,,User-provided Fairfax/City medic family rule
M439,M,FIRE,F1,439,439,,TRANSPORT; MEDIC,1,,User-provided Fairfax/City medic family rule
M439B,M,FIRE,F1,439,439,,TRANSPORT; MEDIC,1,,User-provided Fairfax/City medic family rule
M439E,M,FIRE,F1,439,439,,TRANSPORT; MEDIC,1,,User-provided Fairfax/City medic family rule
M440,M,FIRE,F1,440,440,,TRANSPORT; MEDIC,1,,User-provided Fairfax/City medic family rule
M440B,M,FIRE,F1,440,440,,TRANSPORT; MEDIC,1,,User-provided Fairfax/City medic family rule
M440E,M,FIRE,F1,440,440,,TRANSPORT; MEDIC,1,,User-provided Fairfax/City medic family rule
M441,M,FIRE,F1,441,441,,TRANSPORT; MEDIC,1,,User-provided Fairfax/City medic family rule
M441B,M,FIRE,F1,441,441,,TRANSPORT; MEDIC,1,,User-provided Fairfax/City medic family rule
M441E,M,FIRE,F1,441,441,,TRANSPORT; MEDIC,1,,User-provided Fairfax/City medic family rule
M442,M,FIRE,F1,442,442,,TRANSPORT; MEDIC,1,,User-provided Fairfax/City medic family rule
M444,M,FIRE,F1,444,444,,TRANSPORT; MEDIC,1,,User-provided Fairfax/City medic family rule
M444B,M,FIRE,F1,444,444,,TRANSPORT; MEDIC,1,,User-provided Fairfax/City medic family rule
M444E,M,FIRE,F1,444,444,,TRANSPORT; MEDIC,1,,User-provided Fairfax/City medic family rule
M463,MNR,FIRE,F1,467,467,,,0,,Unknown / not modeled
M463B,MNR,FIRE,F1,467,467,,,0,,Unknown / not modeled
M464,MNR,FIRE,F1,467,467,,,0,,Unknown / not modeled
M464B,MNR,FIRE,F1,467,467,,,0,,Unknown / not modeled
M465,MNR,FIRE,F1,467,467,,,0,,Unknown / not modeled
M465B,MNR,FIRE,F1,467,467,,,0,,Unknown / not modeled
M466,MNR,FIRE,F1,467,467,,,0,,Unknown / not modeled
M466B,MNR,FIRE,F1,467,467,,,0,,Unknown / not modeled
M467,MNR,FIRE,F1,467,467,,,0,,Unknown / not modeled
M467B,MNR,FIRE,F1,467,467,,,0,,Unknown / not modeled
M481,TRNGM,FIRE,F1,445,445,,,0,,Unknown / not modeled
M482,TRNGM,FIRE,F1,445,445,,,0,,Unknown / not modeled
M483,TRNGM,FIRE,F1,445,445,,,0,,Unknown / not modeled
M486,TRNGM,FIRE,F1,445,445,,,0,,Unknown / not modeled
M488,TRNGM,FIRE,F1,445,445,,,0,,Unknown / not modeled
M490,TRNGM,FIRE,F1,445,445,,,0,,Unknown / not modeled
M491,TRNGM,FIRE,F1,445,445,,,0,,Unknown / not modeled
M492,TRNGM,FIRE,F1,445,445,,,0,,Unknown / not modeled
M493,TRNGM,FIRE,F1,445,445,,,0,,Unknown / not modeled
M494,TRNGM,FIRE,F1,445,445,,,0,,Unknown / not modeled
M499,M,FIRE,F1,445,445,,TRANSPORT; MEDIC,1,,User-provided Fairfax/City medic family rule
M501,M,FIRE,F1,501,501,,,0,,Unknown / not modeled
M501A,M,FIRE,F1,501,501,,,0,,Unknown / not modeled
M501B,M,FIRE,F1,501,501,,,0,,Unknown / not modeled
M501C,M,FIRE,F1,501,501,,,0,,Unknown / not modeled
M501D,M,FIRE,F1,501,501,,,0,,Unknown / not modeled
M502,M,FIRE,F1,502,502,,,0,,Unknown / not modeled
M502B,M,FIRE,F1,502,502,,,0,,Unknown / not modeled
M502C,M,FIRE,F1,502,502,,,0,,Unknown / not modeled
M503,M,FIRE,F1,503,503,,,0,,Unknown / not modeled
M503B,M,FIRE,F1,503,503,,,0,,Unknown / not modeled
M504,M,FIRE,F1,504,504,,,0,,Unknown / not modeled
M504B,M,FIRE,F1,504,504,,,0,,Unknown / not modeled
M505,M,FIRE,F1,505,505,,,0,,Unknown / not modeled
M505B,M,FIRE,F1,505,505,,,0,,Unknown / not modeled
M506,M,FIRE,F1,506,506,,,0,,Unknown / not modeled
M506B,M,FIRE,F1,506,506,,,0,,Unknown / not modeled
M507,M,FIRE,F1,507,507,,,0,,Unknown / not modeled
M507B,M,FIRE,F1,507,507,,,0,,Unknown / not modeled
M507C,M,FIRE,F1,507,507,,,0,,Unknown / not modeled
M508,M,FIRE,F1,508,508,,,0,,Unknown / not modeled
M508B,M,FIRE,F1,508,508,,,0,,Unknown / not modeled
M509,M,FIRE,F1,509,509,,,0,,Unknown / not modeled
M509A,M,FIRE,F1,509,509,,,0,,Unknown / not modeled
M509B,M,FIRE,F1,509,509,,,0,,Unknown / not modeled
M509C,M,FIRE,F1,509,509,,,0,,Unknown / not modeled
M510,M,FIRE,F1,510,510,,,0,,Unknown / not modeled
M510B,M,FIRE,F1,510,510,,,0,,Unknown / not modeled
M511,M,FIRE,F1,511,511,,,0,,Unknown / not modeled
M511B,M,FIRE,F1,511,511,,,0,,Unknown / not modeled
M512,M,FIRE,F1,512,512,,,0,,Unknown / not modeled
M512B,M,FIRE,F1,512,512,,,0,,Unknown / not modeled
M512C,M,FIRE,F1,512,512,,,0,,Unknown / not modeled
M513,M,FIRE,F1,513,513,,,0,,Unknown / not modeled
M513B,M,FIRE,F1,513,513,,,0,,Unknown / not modeled
M513C,M,FIRE,F1,513,513,,,0,,Unknown / not modeled
M514,M,FIRE,F1,514,514,,,0,,Unknown / not modeled
M514B,M,FIRE,F1,514,514,,,0,,Unknown / not modeled
M514C,M,FIRE,F1,514,514,,,0,,Unknown / not modeled
M515,M,FIRE,F1,515,515,,,0,,Unknown / not modeled
M515B,M,FIRE,F1,515,515,,,0,,Unknown / not modeled
M516,M,FIRE,F1,516,516,,,0,,Unknown / not modeled
M516B,M,FIRE,F1,516,516,,,0,,Unknown / not modeled
M517,M,FIRE,F1,517,517,,,0,,Unknown / not modeled
M517B,M,FIRE,F1,517,517,,,0,,Unknown / not modeled
M517C,M,FIRE,F1,517,517,,,0,,Unknown / not modeled
M518,M,FIRE,F1,518,518,,,0,,Unknown / not modeled
M518B,M,FIRE,F1,518,518,,,0,,Unknown / not modeled
M519,M,FIRE,F1,519,519,,,0,,Unknown / not modeled
M519B,M,FIRE,F1,519,519,,,0,,Unknown / not modeled
M520,M,FIRE,F1,520,520,,,0,,Unknown / not modeled
M520B,M,FIRE,F1,520,520,,,0,,Unknown / not modeled
M521,M,FIRE,F1,521,521,,,0,,Unknown / not modeled
M521B,M,FIRE,F1,521,521,,,0,,Unknown / not modeled
M521C,M,FIRE,F1,521,521,,,0,,Unknown / not modeled
M521D,M,FIRE,F1,521,521,,,0,,Unknown / not modeled
M522,M,FIRE,F1,522,522,,,0,,Unknown / not modeled
M522B,M,FIRE,F1,522,522,,,0,,Unknown / not modeled
M523,M,FIRE,F1,523,523,,,0,,Unknown / not modeled
M523B,M,FIRE,F1,523,523,,,0,,Unknown / not modeled
M523C,M,FIRE,F1,523,523,,,0,,Unknown / not modeled
M524,M,FIRE,F1,524,524,,,0,,Unknown / not modeled
M524B,M,FIRE,F1,524,524,,,0,,Unknown / not modeled
M525,M,FIRE,F1,525,525,,,0,,Unknown / not modeled
M525B,M,FIRE,F1,525,525,,,0,,Unknown / not modeled
M525C,M,FIRE,F1,525,525,,,0,,Unknown / not modeled
M526,M,FIRE,F1,526,526,,,0,,Unknown / not modeled
M526B,M,FIRE,F1,526,526,,,0,,Unknown / not modeled
M551,M,FIRE,F1,511,511,,,0,,Unknown / not modeled
M553,M,FIRE,F1,503,503,,,0,,Unknown / not modeled
M554,M,FIRE,F1,504,504,,,0,,Unknown / not modeled
M556,M,FIRE,F1,506,506,,,0,,Unknown / not modeled
M589,M,FIRE,F1,509,509,,,0,,Unknown / not modeled
M591,M,FIRE,F1,524,524,,,0,,Unknown / not modeled
M603,M,FIRE,F1,603,603,,,0,,Unknown / not modeled
M603B,M,FIRE,F1,603,603,,,0,,Unknown / not modeled
M604,M,FIRE,F1,604,604,,,0,,Unknown / not modeled
M604B,M,FIRE,F1,604,604,,,0,,Unknown / not modeled
M606,M,FIRE,F1,606,606,,,0,,Unknown / not modeled
M606B,M,FIRE,F1,606,606,,,0,,Unknown / not modeled
M606C,M,FIRE,F1,606,606,,,0,,Unknown / not modeled
M607,M,FIRE,F1,607,607,,,0,,Unknown / not modeled
M607B,M,FIRE,F1,607,607,,,0,,Unknown / not modeled
M608,M,FIRE,F1,608,608,,,0,,Unknown / not modeled
M608B,M,FIRE,F1,608,608,,,0,,Unknown / not modeled
M609,M,FIRE,F1,609,609,,,0,,Unknown / not modeled
M609B,M,FIRE,F1,609,609,,,0,,Unknown / not modeled
M609C,M,FIRE,F1,609,609,,,0,,Unknown / not modeled
M610,M,FIRE,F1,610,610,,,0,,Unknown / not modeled
M612,M,FIRE,F1,612,612,,,0,,Unknown / not modeled
M612B,M,FIRE,F1,612,612,,,0,,Unknown / not modeled
M613,M,FIRE,F1,613,613,,,0,,Unknown / not modeled
M613B,M,FIRE,F1,613,613,,,0,,Unknown / not modeled
M613C,M,FIRE,F1,613,613,,,0,,Unknown / not modeled
M613D,M,FIRE,F1,613,613,,,0,,Unknown / not modeled
M613E,M,FIRE,F1,613,613,,,0,,Unknown / not modeled
M613EE,M,FIRE,F1,613,613,,,0,,Unknown / not modeled
M613F,M,FIRE,F1,613,613,,,0,,Unknown / not modeled
M613G,M,FIRE,F1,613,613,,,0,,Unknown / not modeled
M614,M,FIRE,F1,614,614,,,0,,Unknown / not modeled
M614B,M,FIRE,F1,614,614,,,0,,Unknown / not modeled
M614C,M,FIRE,F1,614,614,,,0,,Unknown / not modeled
M615,M,FIRE,F1,615,615,,,0,,Unknown / not modeled
M615B,M,FIRE,F1,615,615,,,0,,Unknown / not modeled
M615C,M,FIRE,F1,615,615,,,0,,Unknown / not modeled
M617,M,FIRE,F1,617,617,,,0,,Unknown / not modeled
M617B,M,FIRE,F1,617,617,,,0,,Unknown / not modeled
M617C,M,FIRE,F1,617,617,,,0,,Unknown / not modeled
M618,M,FIRE,F1,618,618,,,0,,Unknown / not modeled
M619,M,FIRE,F1,619,619,,,0,,Unknown / not modeled
M621,M,FIRE,F1,621,621,,,0,,Unknown / not modeled
M621B,M,FIRE,F1,621,621,,,0,,Unknown / not modeled
M622,M,FIRE,F1,622,622,,,0,,Unknown / not modeled
M622B,M,FIRE,F1,622,622,,,0,,Unknown / not modeled
M623,M,FIRE,F1,623,623,,,0,,Unknown / not modeled
M623B,M,FIRE,F1,623,623,,,0,,Unknown / not modeled
M625,M,FIRE,F1,625,625,,,0,,Unknown / not modeled
M625B,M,FIRE,F1,625,625,,,0,,Unknown / not modeled
M625C,M,FIRE,F1,625,625,,,0,,Unknown / not modeled
M626,M,FIRE,F1,626,626,,,0,,Unknown / not modeled
M626B,M,FIRE,F1,626,626,,,0,,Unknown / not modeled
M627,M,FIRE,F1,627,627,,,0,,Unknown / not modeled
M627B,M,FIRE,F1,627,627,,,0,,Unknown / not modeled
M635,M,FIRE,F1,635,635,,,0,,Unknown / not modeled
M635B,M,FIRE,F1,635,635,,,0,,Unknown / not modeled
M635C,M,FIRE,F1,635,635,,,0,,Unknown / not modeled
M680,M,FIRE,F1,600,600,,,0,,Unknown / not modeled
M681,M,FIRE,F1,600,600,,,0,,Unknown / not modeled
M682,M,FIRE,F1,600,600,,,0,,Unknown / not modeled
M698,M,FIRE,F1,699,699,,,0,,Unknown / not modeled
M699,M,FIRE,F1,699,699,,,0,,Unknown / not modeled
M701,M,FIRE,F1,701,701,,,0,,Unknown / not modeled
M703,M,FIRE,F1,703,703,,,0,,Unknown / not modeled
M703b,M,FIRE,F1,703,700,,,0,,Unknown / not modeled
M704,M,FIRE,F1,704,704,,,0,,Unknown / not modeled
M705,M,FIRE,F1,705,705,,,0,,Unknown / not modeled
M707,M,FIRE,F1,707,707,,,0,,Unknown / not modeled
M708,M,FIRE,F1,708,708,,,0,,Unknown / not modeled
M708B,M,FIRE,F1,708,708,,,0,,Unknown / not modeled
M710,M,FIRE,F1,710,710,,,0,,Unknown / not modeled
M711,M,FIRE,F1,711,711,,,0,,Unknown / not modeled
M712,M,FIRE,F1,712,712,,,0,,Unknown / not modeled
M713,M,FIRE,F1,713,713,,,0,,Unknown / not modeled
M714,M,FIRE,F1,714,714,,,0,,Unknown / not modeled
M715,M,FIRE,F1,715,715,,,0,,Unknown / not modeled
M717,M,FIRE,F1,717,717,,,0,,Unknown / not modeled
M723,M,FIRE,F1,723,723,,,0,,Unknown / not modeled
M724,M,FIRE,F1,724,724,,,0,,Unknown / not modeled
M725,M,FIRE,F1,725,725,,,0,,Unknown / not modeled
M726,M,FIRE,F1,726,726,,,0,,Unknown / not modeled
M729,M,FIRE,F1,729,729,,,0,,Unknown / not modeled
M729B,M,FIRE,F1,729,729,,,0,,Unknown / not modeled
M730,M,FIRE,F1,730,730,,,0,,Unknown / not modeled
M731,M,FIRE,F1,731,731,,,0,,Unknown / not modeled
M732,M,FIRE,F1,732,732,,,0,,Unknown / not modeled
M735,M,FIRE,F1,735,735,,,0,,Unknown / not modeled
M740,M,FIRE,F1,740,740,,,0,,Unknown / not modeled
M741,M,FIRE,F1,741,741,,,0,,Unknown / not modeled
M741B,M,FIRE,F1,741,741,,,0,,Unknown / not modeled
M741C,M,FIRE,F1,741,741,,,0,,Unknown / not modeled
M741D,M,FIRE,F1,741,741,,,0,,Unknown / not modeled
M741E,M,FIRE,F1,741,741,,,0,,Unknown / not modeled
M741F,M,FIRE,F1,741,741,,,0,,Unknown / not modeled
M742,M,FIRE,F1,742,742,,,0,,Unknown / not modeled
M742B,M,FIRE,F1,742,742,,,0,,Unknown / not modeled
M742C,M,FIRE,F1,742,742,,,0,,Unknown / not modeled
M742D,M,FIRE,F1,742,742,,,0,,Unknown / not modeled
M742E,M,FIRE,F1,742,742,,,0,,Unknown / not modeled
M742F,M,FIRE,F1,742,742,,,0,,Unknown / not modeled
M750,M,FIRE,F1,750,750,,,0,,Unknown / not modeled
M750B,M,FIRE,F1,750,750,,,0,,Unknown / not modeled
M810P,M,FIRE,F1,810,810,,,0,,Unknown / not modeled
M812P,M,FIRE,F1,812,812,,,0,,Unknown / not modeled
M816P,M,FIRE,F1,816,816,,,0,,Unknown / not modeled
M818P,M,FIRE,F1,818,818,,,0,,Unknown / not modeled
M820P,M,FIRE,F1,820,820,,,0,,Unknown / not modeled
M825P,M,FIRE,F1,825,825,,,0,,Unknown / not modeled
M826P,M,FIRE,F1,826,826,,,0,,Unknown / not modeled
M829P,M,FIRE,F1,829,829,,,0,,Unknown / not modeled
M830P,M,FIRE,F1,830,830,,,0,,Unknown / not modeled
M838P,M,FIRE,F1,838,838,,,0,,Unknown / not modeled
M840P,M,FIRE,F1,840,840,,,0,,Unknown / not modeled
M843P,M,FIRE,F1,843,843,,,0,,Unknown / not modeled
M844P,M,FIRE,F1,844,844,,,0,,Unknown / not modeled
M845P,M,FIRE,F1,845,845,,,0,,Unknown / not modeled
M846P,M,FIRE,F1,846,846,,,0,,Unknown / not modeled
M847P,M,FIRE,F1,847,847,,,0,,Unknown / not modeled
M849P,M,FIRE,F1,849,849,,,0,,Unknown / not modeled
M855P,M,FIRE,F1,855,855,,,0,,Unknown / not modeled
MA108,LAOJ,FIRE,F1,108,108,,,0,,Unknown / not modeled
MAB401,AB,FIRE,F1,427,427,,,0,,Unknown / not modeled
MAB623,AB,FIRE,F1,623,623,,,0,,Unknown / not modeled
MAB627,AB,FIRE,F1,627,627,,,0,,Unknown / not modeled
MAB726,AB,FIRE,F1,726,726,,,0,,Unknown / not modeled
MAU108,MAU,FIRE,F1,108,108,,,0,,Unknown / not modeled
MAU207,MAU,FIRE,F1,207,207,,,0,,Unknown / not modeled
MAU210,MAU,FIRE,F1,210,210,,,0,,Unknown / not modeled
MAU512,MAU,FIRE,F1,512,512,,,0,,Unknown / not modeled
MAU515,MAU,FIRE,F1,515,515,,,0,,Unknown / not modeled
MAU525,MAU,FIRE,F1,525,525,,,0,,Unknown / not modeled
MAU608,MAU,FIRE,F1,608,608,,,0,,Unknown / not modeled
MAU716,MAU,FIRE,F1,716,716,,,0,,Unknown / not modeled
MAU733,MAU,FIRE,F1,733,733,,,0,,Unknown / not modeled
MAU806,MAU,FIRE,F1,806,806,,,0,,Unknown / not modeled
MAU816,MAU,FIRE,F1,816,816,,,0,,Unknown / not modeled
MC100,ADM,FIRE,F1,100,100,,,0,,Unknown / not modeled
MCCU2,MCUOJ,FIRE,F1,200,200,,,0,,Unknown / not modeled
MCH901,ADM,FIRE,F1,900,900,,,0,,Unknown / not modeled
MCH902,ADM,FIRE,F1,900,900,,,0,,Unknown / not modeled
MCP300,ADM,FIRE,F1,301,301,,,0,,Unknown / not modeled
MCP400,MCP,FIRE,F1,434,434,,,0,,Unknown / not modeled
MCP401,MCP,FIRE,F1,434,434,,,0,,Unknown / not modeled
MCP402,MCP,FIRE,F1,418,418,,,0,,Unknown / not modeled
MCP430,MCP,FIRE,F1,430,430,,,0,,Unknown / not modeled
MCP430-1,MCP,FIRE,F1,430,430,,,0,,Unknown / not modeled
MCP430-2,MCP,FIRE,F1,430,430,,,0,,Unknown / not modeled
MCP430-3,MCP,FIRE,F1,430,430,,,0,,Unknown / not modeled
MCP438,MCP,FIRE,F1,438,438,,,0,,Unknown / not modeled
MCP440,MCP,FIRE,F1,440,440,,,0,,Unknown / not modeled
MCP443,MCP,FIRE,F1,433,433,,,0,,Unknown / not modeled
MCP499,MCP,FIRE,F1,445,445,,,0,,Unknown / not modeled
MCP503,ADM,FIRE,F1,503,503,,,0,,Unknown / not modeled
MCP680,ADM,FIRE,F1,600,600,,,0,,Unknown / not modeled
MCP800,ADM,FIRE,F1,800,800,,,0,,Unknown / not modeled
MCP800B,ADM,FIRE,F1,800,800,,,0,,Unknown / not modeled
MCSU301,MCU,FIRE,F1,301,301,,,0,,Unknown / not modeled
MCSU302,MCU,FIRE,F1,302,302,,,0,,Unknown / not modeled
MCSU401,MCU,FIRE,F1,442,442,,,0,,Unknown / not modeled
MCSU402,MCU,FIRE,F1,419,419,,,0,,Unknown / not modeled
MCSU415,MCU,FIRE,F1,415,415,,,0,,Unknown / not modeled
MCSU419,MCU,FIRE,F1,419,419,,,0,,Unknown / not modeled
MCSU435,MCU,FIRE,F1,435,435,,,0,,Unknown / not modeled
MCSU442,MCU,FIRE,F1,442,442,,,0,,Unknown / not modeled
MCSU507,MCU,FIRE,F1,507,507,,,0,,Unknown / not modeled
MCSU516,MCU,FIRE,F1,516,516,,,0,,Unknown / not modeled
MCSU523,MCU,FIRE,F1,523,523,,,0,,Unknown / not modeled
MCSU524,MCU,FIRE,F1,524,524,,,0,,Unknown / not modeled
MCSU603,MCU,FIRE,F1,603,603,,,0,,Unknown / not modeled
MCSU615,MCU,FIRE,F1,635,635,,,0,,Unknown / not modeled
MCU364,MCU,FIRE,F1,304,304,,,0,,Unknown / not modeled
MCU415,MCU,FIRE,F1,415,415,,,0,,Unknown / not modeled
MCU429,MCU,FIRE,F1,429,429,,,0,,Unknown / not modeled
MCU435,MCU,FIRE,F1,435,435,,,0,,Unknown / not modeled
MCU442,MCU,FIRE,F1,442,442,,,0,,Unknown / not modeled
MCU603,MCUOJ,FIRE,F1,603,603,,,0,,Unknown / not modeled
MCU615,MCUOJ,FIRE,F1,615,615,,,0,,Unknown / not modeled
MCU841,MCUOJ,FIRE,F1,841,841,,,0,,Unknown / not modeled
MCU855,MCUOJ,FIRE,F1,855,855,,,0,,Unknown / not modeled
MD100,OMD,FIRE,F1,100,100,,,0,,Unknown / not modeled
MD116,OMD,FIRE,F1,100,100,,,0,,Unknown / not modeled
MD600,OMD,FIRE,F1,600,600,,,0,,Unknown / not modeled
MD601,OMD,FIRE,F1,600,600,,,0,,Unknown / not modeled
MD602,OMD,FIRE,F1,600,600,,,0,,Unknown / not modeled
MDU427,MDU,FIRE,F1,427,427,,,0,,Unknown / not modeled
MDU434,MDU,FIRE,F1,434,434,,,0,,Unknown / not modeled
MDU600,MDU,FIRE,F1,600,600,,,0,,Unknown / not modeled
MDU619,MDU,FIRE,F1,619,619,,,0,,Unknown / not modeled
METRO800,ADM,FIRE,F1,800,800,,,0,,Unknown / not modeled
MH800,ADM,FIRE,F1,800,800,,,0,,Unknown / not modeled
MH800B,ADM,FIRE,F1,800,800,,,0,,Unknown / not modeled
MP824,ADM,FIRE,F1,800,800,,,0,,Unknown / not modeled
MP828,ADM,FIRE,F1,800,800,,,0,,Unknown / not modeled
MP833,ADM,FIRE,F1,800,800,,,0,,Unknown / not modeled
MP837,ADM,FIRE,F1,800,800,,,0,,Unknown / not modeled
MP855,ADM,FIRE,F1,800,800,,,0,,Unknown / not modeled
MSCU603,MCU,FIRE,F1,603,603,,,0,,Unknown / not modeled
MSU102,MS,FIRE,F1,109,109,,,0,,Unknown / not modeled
MSU722,MCUOJ,FIRE,F1,722,722,,,0,,Unknown / not modeled
MSU726,MCUOJ,FIRE,F1,726,726,,,0,,Unknown / not modeled
MVU512,ADM,FIRE,F1,512,512,,,0,,Unknown / not modeled
NEMS800,ADM,FIRE,F1,800,800,,,0,,Unknown / not modeled
NOVEC,ADM,FIRE,F1,400,400,,,0,,Unknown / not modeled
O600,DCOJ,FIRE,F1,622,622,,,0,,Unknown / not modeled
O600B,DCOJ,FIRE,F1,600,600,,,0,,Unknown / not modeled
O610,DCOJ,FIRE,F1,600,600,,,0,,Unknown / not modeled
O611,DCOJ,FIRE,F1,600,600,,,0,,Unknown / not modeled
O612,DCOJ,FIRE,F1,600,600,,,0,,Unknown / not modeled
O613,DCOJ,FIRE,F1,600,600,,,0,,Unknown / not modeled
OAIDE600,ADM,FIRE,F1,600,600,,,0,,Unknown / not modeled
OD800,ADM,FIRE,F1,800,800,,,0,,Unknown / not modeled
ODA,OPS,FIRE,F1,400,HM,,,0,,Unknown / not modeled
ODA800,ADM,FIRE,F1,800,800,,,0,,Unknown / not modeled
ODAA,OPS,FIRE,F1,400,HM,,,0,,Unknown / not modeled
ODAB,OPS,FIRE,F1,400,HM,,,0,,Unknown / not modeled
ODAC,OPS,FIRE,F1,400,HM,,,0,,Unknown / not modeled
ODAO,OPS,FIRE,F1,400,HM,,,0,,Unknown / not modeled
OEM401,OEM,FIRE,F1,400,PSTOC,,,0,,Unknown / not modeled
OEM402,OEM,FIRE,F1,400,PSTOC,,,0,,Unknown / not modeled
OEM403,OEM,FIRE,F1,400,PSTOC,,,0,,Unknown / not modeled
OEM404,OEM,FIRE,F1,400,PSTOC,,,0,,Unknown / not modeled
OEM405,OEM,FIRE,F1,400,PSTOC,,,0,,Unknown / not modeled
OEM406,OEM,FIRE,F1,400,PSTOC,,,0,,Unknown / not modeled
OEM407,OEM,FIRE,F1,400,PSTOC,,,0,,Unknown / not modeled
OEM408,OEM,FIRE,F1,400,PSTOC,,,0,,Unknown / not modeled
OEM409,OEM,FIRE,F1,400,PSTOC,,,0,,Unknown / not modeled
OEM410,OEM,FIRE,F1,400,PSTOC,,,0,,Unknown / not modeled
OEM501,OEM,FIRE,F1,501,501,,,0,,Unknown / not modeled
OEM502,OEM,FIRE,F1,502,502,,,0,,Unknown / not modeled
OEM503,OEM,FIRE,F1,503,503,,,0,,Unknown / not modeled
OEM504,OEM,FIRE,F1,504,504,,,0,,Unknown / not modeled
OEM505,OEM,FIRE,F1,505,505,,,0,,Unknown / not modeled
OEM506,OEM,FIRE,F1,506,506,,,0,,Unknown / not modeled
OEM600,OEM,FIRE,F1,600,600,,,0,,Unknown / not modeled
OEM601,OEM,FIRE,F1,600,600,,,0,,Unknown / not modeled
OEM602,OEM,FIRE,F1,600,600,,,0,,Unknown / not modeled
OEM603,OEM,FIRE,F1,600,600,,,0,,Unknown / not modeled
OEM604,OEM,FIRE,F1,600,600,,,0,,Unknown / not modeled
OEM605,OEM,FIRE,F1,600,600,,,0,,Unknown / not modeled
OEM606,OEM,FIRE,F1,600,600,,,0,,Unknown / not modeled
OEM607,OEM,FIRE,F1,600,600,,,0,,Unknown / not modeled
OEM608,OEM,FIRE,F1,600,600,,,0,,Unknown / not modeled
OEM609,OEM,FIRE,F1,600,600,,,0,,Unknown / not modeled
OEM800,OEM,FIRE,F1,800,800,,,0,,Unknown / not modeled
OEM801,OEM,FIRE,F1,800,800,,,0,,Unknown / not modeled
OEM802,OEM,FIRE,F1,800,800,,,0,,Unknown / not modeled
OEM803,OEM,FIRE,F1,800,800,,,0,,Unknown / not modeled
OEM804,OEM,FIRE,F1,800,800,,,0,,Unknown / not modeled
OEM890,OEM,FIRE,F1,800,800,,,0,,Unknown / not modeled
OEM891,OEM,FIRE,F1,800,800,,,0,,Unknown / not modeled
OEM892,OEM,FIRE,F1,800,800,,,0,,Unknown / not modeled
OEM893,OEM,FIRE,F1,800,800,,,0,,Unknown / not modeled
OEM894,OEM,FIRE,F1,800,800,,,0,,Unknown / not modeled
OEM895,OEM,FIRE,F1,800,800,,,0,,Unknown / not modeled
OEM896,OEM,FIRE,F1,800,800,,,0,,Unknown / not modeled
OEMDUTY,OEM,FIRE,F1,400,PSTOC,,,0,,Unknown / not modeled
OHS800,ADM,FIRE,F1,800,800,,,0,,Unknown / not modeled
OMD,OMD,FIRE,F1,400,HM,,,0,,Unknown / not modeled
OMD401,OMD,FIRE,F1,HQF,HQF,,,0,,Unknown / not modeled
OMD402,OMD,FIRE,F1,HQF,HQF,,,0,,Unknown / not modeled
OMD600B,OMD,FIRE,F1,600,600,,,0,,Unknown / not modeled
OMD800,OMD,FIRE,F1,800,800,,,0,,Unknown / not modeled
OP502,ADM,FIRE,F1,502,502,,,0,,Unknown / not modeled
OP503,ADM,FIRE,F1,503,503,,,0,,Unknown / not modeled
OP504,ADM,FIRE,F1,504,504,,,0,,Unknown / not modeled
OP506,ADM,FIRE,F1,506,506,,,0,,Unknown / not modeled
OP508,ADM,FIRE,F1,508,508,,,0,,Unknown / not modeled
OP510,ADM,FIRE,F1,510,510,,,0,,Unknown / not modeled
OP518,ADM,FIRE,F1,518,518,,,0,,Unknown / not modeled
OP519,ADM,FIRE,F1,519,519,,,0,,Unknown / not modeled
OPCHF100,ADM,FIRE,F1,100,100,,,0,,Unknown / not modeled
OPS401,OPS,FIRE,F1,HQF,HQF,,,0,,Unknown / not modeled
OPS402,OPS,FIRE,F1,HQF,HQF,,,0,,Unknown / not modeled
OPS403,OPS,FIRE,F1,HQF,HQF,,,0,,Unknown / not modeled
OPS404,OPS,FIRE,F1,HQF,HQF,,,0,,Unknown / not modeled
OPS405,OPS,FIRE,F1,HQF,HQF,,,0,,Unknown / not modeled
OPS406,OPS,FIRE,F1,444,444,,,0,,Unknown / not modeled
OPS407,ADM,FIRE,F1,HQF,HQF,,,0,,Unknown / not modeled
OPS408,OPS,FIRE,F1,HQF,HQF,,,0,,Unknown / not modeled
OPS409,OPS,FIRE,F1,HQF,HQF,,,0,,Unknown / not modeled
OPS410,OPS,FIRE,F1,HQF,HQF,,,0,,Unknown / not modeled
OPS411,OPS,FIRE,F1,HQF,HQF,,,0,,Unknown / not modeled
OPS412,OPS,FIRE,F1,HQF,HQF,,,0,,Unknown / not modeled
OPS430,OPS,FIRE,F1,430,430,,,0,,Unknown / not modeled
OPS500,ADM,FIRE,F1,500,500,,,0,,Unknown / not modeled
OPS501,ADM,FIRE,F1,501,501,,,0,,Unknown / not modeled
OPSAC900,ADM,FIRE,F1,900,900,,,0,,Unknown / not modeled
OPSDC900,ADM,FIRE,F1,900,900,,,0,,Unknown / not modeled
P210,ADM,FIRE,F1,210,210,,,0,,Unknown / not modeled
PA801,M,FIRE,F1,801,801,,,0,,Unknown / not modeled
PA801B,M,FIRE,F1,801,801,,,0,,Unknown / not modeled
PA802,M,FIRE,F1,802,802,,,0,,Unknown / not modeled
PA805,M,FIRE,F1,805,805,,,0,,Unknown / not modeled
PA806,M,FIRE,F1,806,806,,,0,,Unknown / not modeled
PA807,M,FIRE,F1,807,807,,,0,,Unknown / not modeled
PA808,M,FIRE,F1,808,808,,,0,,Unknown / not modeled
PA809,M,FIRE,F1,809,809,,,0,,Unknown / not modeled
PA810,M,FIRE,F1,810,810,,,0,,Unknown / not modeled
PA811,M,FIRE,F1,811,811,,,0,,Unknown / not modeled
PA811B,M,FIRE,F1,811,811,,,0,,Unknown / not modeled
PA812,M,FIRE,F1,812,812,,,0,,Unknown / not modeled
PA812B,M,FIRE,F1,812,812,,,0,,Unknown / not modeled
PA813,M,FIRE,F1,813,813,,,0,,Unknown / not modeled
PA814,M,FIRE,F1,814,814,,,0,,Unknown / not modeled
PA814B,M,FIRE,F1,814,814,,,0,,Unknown / not modeled
PA816,M,FIRE,F1,816,816,,,0,,Unknown / not modeled
PA817,M,FIRE,F1,817,817,,,0,,Unknown / not modeled
PA818,M,FIRE,F1,818,818,,,0,,Unknown / not modeled
PA819,M,FIRE,F1,819,819,,,0,,Unknown / not modeled
PA820,M,FIRE,F1,820,820,,,0,,Unknown / not modeled
PA820B,M,FIRE,F1,820,820,,,0,,Unknown / not modeled
PA821,M,FIRE,F1,821,821,,,0,,Unknown / not modeled
PA823,M,FIRE,F1,823,823,,,0,,Unknown / not modeled
PA824,M,FIRE,F1,824,824,,,0,,Unknown / not modeled
PA824B,M,FIRE,F1,824,824,,,0,,Unknown / not modeled
PA825,M,FIRE,F1,825,825,,,0,,Unknown / not modeled
PA826,M,FIRE,F1,826,826,,,0,,Unknown / not modeled
PA826B,M,FIRE,F1,826,826,,,0,,Unknown / not modeled
PA828,M,FIRE,F1,828,828,,,0,,Unknown / not modeled
PA829,M,FIRE,F1,829,829,,,0,,Unknown / not modeled
PA830,M,FIRE,F1,830,830,,,0,,Unknown / not modeled
PA831,M,FIRE,F1,831,831,,,0,,Unknown / not modeled
PA832,M,FIRE,F1,832,832,,,0,,Unknown / not modeled
PA833,M,FIRE,F1,833,833,,,0,,Unknown / not modeled
PA834,M,FIRE,F1,834,834,,,0,,Unknown / not modeled
PA835,M,FIRE,F1,835,835,,,0,,Unknown / not modeled
PA835B,M,FIRE,F1,835,835,,,0,,Unknown / not modeled
PA836,M,FIRE,F1,836,836,,,0,,Unknown / not modeled
PA837,M,FIRE,F1,837,837,,,0,,Unknown / not modeled
PA838,M,FIRE,F1,838,838,,,0,,Unknown / not modeled
PA839,M,FIRE,F1,839,839,,,0,,Unknown / not modeled
PA840,M,FIRE,F1,840,840,,,0,,Unknown / not modeled
PA840B,M,FIRE,F1,840,840,,,0,,Unknown / not modeled
PA841,M,FIRE,F1,841,841,,,0,,Unknown / not modeled
PA842,MOJ,FIRE,F1,842,842,,,0,,Unknown / not modeled
PA843,M,FIRE,F1,843,843,,,0,,Unknown / not modeled
PA844,M,FIRE,F1,844,844,,,0,,Unknown / not modeled
PA845,M,FIRE,F1,845,845,,,0,,Unknown / not modeled
PA845B,M,FIRE,F1,845,845,,,0,,Unknown / not modeled
PA846,M,FIRE,F1,846,846,,,0,,Unknown / not modeled
PA847,M,FIRE,F1,847,847,,,0,,Unknown / not modeled
PA848,M,FIRE,F1,848,848,,,0,,Unknown / not modeled
PA849,M,FIRE,F1,849,849,,,0,,Unknown / not modeled
PA849B,M,FIRE,F1,849,849,,,0,,Unknown / not modeled
PA849C,M,FIRE,F1,849,849,,,0,,Unknown / not modeled
PA855,M,FIRE,F1,855,855,,,0,,Unknown / not modeled
PA858,M,FIRE,F1,835,835,,,0,,Unknown / not modeled
PA899,M,FIRE,F1,800,800,,,0,,Unknown / not modeled
PBE709,E,FIRE,F1,709,709,,,0,,Unknown / not modeled
PBE713,E,FIRE,F1,713,713,,,0,,Unknown / not modeled
PBE714,E,FIRE,F1,714,714,,,0,,Unknown / not modeled
PBE717,E,FIRE,F1,717,717,,,0,,Unknown / not modeled
PBT610,ADM,FIRE,F1,610,610,,,0,,Unknown / not modeled
PBT610B,ADM,FIRE,F1,610,610,,,0,,Unknown / not modeled
PE101,E,FIRE,F1,101,101,,,0,,Unknown / not modeled
PE101B,E,FIRE,F1,101,101,,,0,,Unknown / not modeled
PE102,E,FIRE,F1,102,102,,,0,,Unknown / not modeled
PE102B,E,FIRE,F1,102,102,,,0,,Unknown / not modeled
PE103,E,FIRE,F1,103,103,,,0,,Unknown / not modeled
PE103B,E,FIRE,F1,103,103,,,0,,Unknown / not modeled
PE104,E,FIRE,F1,104,104,,,0,,Unknown / not modeled
PE104B,E,FIRE,F1,104,104,,,0,,Unknown / not modeled
PE105,E,FIRE,F1,105,105,,,0,,Unknown / not modeled
PE105B,E,FIRE,F1,105,105,,,0,,Unknown / not modeled
PE106,E,FIRE,F1,106,106,,,0,,Unknown / not modeled
PE106B,E,FIRE,F1,106,106,,,0,,Unknown / not modeled
PE107B,E,FIRE,F1,100,100,,,0,,Unknown / not modeled
PE108,E,FIRE,F1,108,108,,,0,,Unknown / not modeled
PE108B,E,FIRE,F1,108,108,,,0,,Unknown / not modeled
PE109,E,FIRE,F1,109,109,,,0,,Unknown / not modeled
PE109B,E,FIRE,F1,109,109,,,0,,Unknown / not modeled
PE110,E,FIRE,F1,110,110,,,0,,Unknown / not modeled
PE110B,E,FIRE,F1,110,110,,,0,,Unknown / not modeled
PE501,E,FIRE,F1,501,501,,,0,,Unknown / not modeled
PE501B,E,FIRE,F1,501,501,,,0,,Unknown / not modeled
PE501C,E,FIRE,F1,501,501,,,0,,Unknown / not modeled
PE502,E,FIRE,F1,502,502,,,0,,Unknown / not modeled
PE502B,E,FIRE,F1,502,502,,,0,,Unknown / not modeled
PE503,E,FIRE,F1,503,503,,,0,,Unknown / not modeled
PE503B,E,FIRE,F1,503,503,,,0,,Unknown / not modeled
PE504,E,FIRE,F1,504,504,,,0,,Unknown / not modeled
PE504B,E,FIRE,F1,504,504,,,0,,Unknown / not modeled
PE505,E,FIRE,F1,505,505,,,0,,Unknown / not modeled
PE505B,E,FIRE,F1,505,505,,,0,,Unknown / not modeled
PE506,E,FIRE,F1,506,506,,,0,,Unknown / not modeled
PE506B,E,FIRE,F1,506,506,,,0,,Unknown / not modeled
PE507,E,FIRE,F1,507,507,,,0,,Unknown / not modeled
PE507B,E,FIRE,F1,507,507,,,0,,Unknown / not modeled
PE508,E,FIRE,F1,508,508,,,0,,Unknown / not modeled
PE508B,E,FIRE,F1,508,508,,,0,,Unknown / not modeled
PE509,E,FIRE,F1,509,509,,,0,,Unknown / not modeled
PE509B,E,FIRE,F1,509,509,,,0,,Unknown / not modeled
PE510,E,FIRE,F1,510,510,,,0,,Unknown / not modeled
PE510B,E,FIRE,F1,510,510,,,0,,Unknown / not modeled
PE511,E,FIRE,F1,511,511,,,0,,Unknown / not modeled
PE511B,E,FIRE,F1,511,511,,,0,,Unknown / not modeled
PE512,E,FIRE,F1,512,512,,,0,,Unknown / not modeled
PE512B,E,FIRE,F1,512,512,,,0,,Unknown / not modeled
PE513,E,FIRE,F1,513,513,,,0,,Unknown / not modeled
PE513B,E,FIRE,F1,513,513,,,0,,Unknown / not modeled
PE514,E,FIRE,F1,514,514,,,0,,Unknown / not modeled
PE514B,E,FIRE,F1,514,514,,,0,,Unknown / not modeled
PE515,E,FIRE,F1,515,515,,,0,,Unknown / not modeled
PE515B,E,FIRE,F1,515,515,,,0,,Unknown / not modeled
PE516,E,FIRE,F1,516,516,,,0,,Unknown / not modeled
PE516B,E,FIRE,F1,516,516,,,0,,Unknown / not modeled
PE517,E,FIRE,F1,517,517,,,0,,Unknown / not modeled
PE517B,E,FIRE,F1,517,517,,,0,,Unknown / not modeled
PE518,E,FIRE,F1,518,518,,,0,,Unknown / not modeled
PE518B,E,FIRE,F1,518,518,,,0,,Unknown / not modeled
PE519,E,FIRE,F1,519,519,,,0,,Unknown / not modeled
PE519B,E,FIRE,F1,519,519,,,0,,Unknown / not modeled
PE520,E,FIRE,F1,520,520,,,0,,Unknown / not modeled
PE520B,E,FIRE,F1,520,520,,,0,,Unknown / not modeled
PE521,E,FIRE,F1,521,521,,,0,,Unknown / not modeled
PE521B,E,FIRE,F1,521,521,,,0,,Unknown / not modeled
PE522,E,FIRE,F1,522,522,,,0,,Unknown / not modeled
PE522B,E,FIRE,F1,522,522,,,0,,Unknown / not modeled
PE523,E,FIRE,F1,523,523,,,0,,Unknown / not modeled
PE523B,E,FIRE,F1,523,523,,,0,,Unknown / not modeled
PE524,E,FIRE,F1,524,524,,,0,,Unknown / not modeled
PE524B,E,FIRE,F1,524,524,,,0,,Unknown / not modeled
PE525,E,FIRE,F1,525,525,,,0,,Unknown / not modeled
PE525B,E,FIRE,F1,525,525,,,0,,Unknown / not modeled
PE526,E,FIRE,F1,526,526,,,0,,Unknown / not modeled
PE526B,E,FIRE,F1,526,526,,,0,,Unknown / not modeled
PE560,E,FIRE,F1,500,500,,,0,,Unknown / not modeled
PE561,E,FIRE,F1,500,500,,,0,,Unknown / not modeled
PE562,E,FIRE,F1,500,500,,,0,,Unknown / not modeled
PE563,E,FIRE,F1,500,500,,,0,,Unknown / not modeled
PE564,E,FIRE,F1,500,500,,,0,,Unknown / not modeled
PE565,E,FIRE,F1,500,500,,,0,,Unknown / not modeled
PE566,E,FIRE,F1,500,500,,,0,,Unknown / not modeled
PE567,E,FIRE,F1,500,500,,,0,,Unknown / not modeled
PE568,E,FIRE,F1,500,500,,,0,,Unknown / not modeled
PE569,E,FIRE,F1,500,500,,,0,,Unknown / not modeled
PE601,E,FIRE,F1,601,601,,,0,,Unknown / not modeled
PE601B,E,FIRE,F1,601,601,,,0,,Unknown / not modeled
PE602,E,FIRE,F1,602,602,,,0,,Unknown / not modeled
PE603,E,FIRE,F1,603,603,,,0,,Unknown / not modeled
PE604,E,FIRE,F1,604,604,,,0,,Unknown / not modeled
PE605,E,FIRE,F1,605,605,,,0,,Unknown / not modeled
PE606,E,FIRE,F1,606,606,,,0,,Unknown / not modeled
PE606B,E,FIRE,F1,606,606,,,0,,Unknown / not modeled
PE606C,E,FIRE,F1,606,606,,,0,,Unknown / not modeled
PE607,E,FIRE,F1,607,607,,,0,,Unknown / not modeled
PE608,E,FIRE,F1,608,608,,,0,,Unknown / not modeled
PE609,E,FIRE,F1,609,609,,,0,,Unknown / not modeled
PE609B,E,FIRE,F1,609,609,,,0,,Unknown / not modeled
PE610,E,FIRE,F1,610,610,,,0,,Unknown / not modeled
PE611,E,FIRE,F1,611,611,,,0,,Unknown / not modeled
PE611B,E,FIRE,F1,611,611,,,0,,Unknown / not modeled
PE612,E,FIRE,F1,612,612,,,0,,Unknown / not modeled
PE612B,E,FIRE,F1,612,612,,,0,,Unknown / not modeled
PE618,E,FIRE,F1,618,618,,,0,,Unknown / not modeled
PE618B,E,FIRE,F1,618,618,,,0,,Unknown / not modeled
PE619,E,FIRE,F1,619,619,,,0,,Unknown / not modeled
PE620,E,FIRE,F1,620,620,,,0,,Unknown / not modeled
PE620B,E,FIRE,F1,620,620,,,0,,Unknown / not modeled
PE622,E,FIRE,F1,622,622,,,0,,Unknown / not modeled
PE622B,E,FIRE,F1,622,622,,,0,,Unknown / not modeled
PE623,E,FIRE,F1,623,623,,,0,,Unknown / not modeled
PE624,E,FIRE,F1,624,624,,,0,,Unknown / not modeled
PE624B,E,FIRE,F1,624,624,,,0,,Unknown / not modeled
PE626,E,FIRE,F1,626,626,,,0,,Unknown / not modeled
PE627,E,FIRE,F1,627,627,,,0,,Unknown / not modeled
PE680,E,FIRE,F1,600,600,,,0,,Unknown / not modeled
PE681,E,FIRE,F1,600,600,,,0,,Unknown / not modeled
PE701,E,FIRE,F1,701,701,,,0,,Unknown / not modeled
PE702,E,FIRE,F1,702,702,,,0,,Unknown / not modeled
PE703,E,FIRE,F1,703,703,,,0,,Unknown / not modeled
PE703B,E,FIRE,F1,703,703,,,0,,Unknown / not modeled
PE703C,E,FIRE,F1,703,703,,,0,,Unknown / not modeled
PE704,E,FIRE,F1,704,704,,,0,,Unknown / not modeled
PE705,E,FIRE,F1,705,705,,,0,,Unknown / not modeled
PE705B,E,FIRE,F1,705,705,,,0,,Unknown / not modeled
PE706,E,FIRE,F1,706,706,,,0,,Unknown / not modeled
PE707,E,FIRE,F1,707,707,,,0,,Unknown / not modeled
PE708,E,FIRE,F1,708,708,,,0,,Unknown / not modeled
PE709,E,FIRE,F1,709,709,,,0,,Unknown / not modeled
PE709B,E,FIRE,F1,709,709,,,0,,Unknown / not modeled
PE710,E,FIRE,F1,710,710,,,0,,Unknown / not modeled
PE711,E,FIRE,F1,711,711,,,0,,Unknown / not modeled
PE712,E,FIRE,F1,712,712,,,0,,Unknown / not modeled
PE713,E,FIRE,F1,713,713,,,0,,Unknown / not modeled
PE713B,E,FIRE,F1,713,713,,,0,,Unknown / not modeled
PE714,E,FIRE,F1,714,714,,,0,,Unknown / not modeled
PE715,E,FIRE,F1,715,715,,,0,,Unknown / not modeled
PE716,E,FIRE,F1,716,716,,,0,,Unknown / not modeled
PE717,E,FIRE,F1,717,717,,,0,,Unknown / not modeled
PE718,E,FIRE,F1,718,718,,,0,,Unknown / not modeled
PE719,E,FIRE,F1,719,719,,,0,,Unknown / not modeled
PE720,E,FIRE,F1,720,720,,,0,,Unknown / not modeled
PE721,E,FIRE,F1,721,721,,,0,,Unknown / not modeled
PE722,E,FIRE,F1,722,722,,,0,,Unknown / not modeled
PE723,E,FIRE,F1,723,723,,,0,,Unknown / not modeled
PE724,E,FIRE,F1,724,724,,,0,,Unknown / not modeled
PE725,E,FIRE,F1,725,725,,,0,,Unknown / not modeled
PE726,E,FIRE,F1,726,726,,,0,,Unknown / not modeled
PE727,E,FIRE,F1,727,727,,,0,,Unknown / not modeled
PE728,E,FIRE,F1,728,728,,,0,,Unknown / not modeled
PE729,E,FIRE,F1,729,729,,,0,,Unknown / not modeled
PE729B,E,FIRE,F1,729,729,,,0,,Unknown / not modeled
PE730,E,FIRE,F1,730,730,,,0,,Unknown / not modeled
PE731,E,FIRE,F1,731,731,,,0,,Unknown / not modeled
PE732,E,FIRE,F1,732,732,,,0,,Unknown / not modeled
PE733,E,FIRE,F1,733,733,,,0,,Unknown / not modeled
PE734,E,FIRE,F1,734,734,,,0,,Unknown / not modeled
PE735,E,FIRE,F1,735,735,,,0,,Unknown / not modeled
PE740,E,FIRE,F1,740,740,,,0,,Unknown / not modeled
PE750,E,FIRE,F1,750,750,,,0,,Unknown / not modeled
PE802,E,FIRE,F1,802,802,,,0,,Unknown / not modeled
PE805,E,FIRE,F1,805,805,,,0,,Unknown / not modeled
PE805B,E,FIRE,F1,805,805,,,0,,Unknown / not modeled
PE806,E,FIRE,F1,806,806,,,0,,Unknown / not modeled
PE830,E,FIRE,F1,830,830,,,0,,Unknown / not modeled
PE830B,E,FIRE,F1,830,830,,,0,,Unknown / not modeled
PE834,E,FIRE,F1,834,834,,,0,,Unknown / not modeled
PE836,E,FIRE,F1,836,836,,,0,,Unknown / not modeled
PE836B,E,FIRE,F1,836,836,,,0,,Unknown / not modeled
PE838,E,FIRE,F1,838,838,,,0,,Unknown / not modeled
PE840,E,FIRE,F1,840,840,,,0,,Unknown / not modeled
PE841,E,FIRE,F1,841,841,,,0,,Unknown / not modeled
PE841B,E,FIRE,F1,841,841,,,0,,Unknown / not modeled
PE842,E,FIRE,F1,842,842,,,0,,Unknown / not modeled
PE844,E,FIRE,F1,844,844,,,0,,Unknown / not modeled
PE845,E,FIRE,F1,845,845,,,0,,Unknown / not modeled
PE846,E,FIRE,F1,846,846,,,0,,Unknown / not modeled
PE846B,E,FIRE,F1,846,846,,,0,,Unknown / not modeled
PE848,E,FIRE,F1,848,848,,,0,,Unknown / not modeled
PE902,E,FIRE,F1,900,900,,,0,,Unknown / not modeled
PE910,E,FIRE,F1,900,900,,,0,,Unknown / not modeled
PE931,E,FIRE,F1,900,900,,,0,,Unknown / not modeled
PEK717,E,FIRE,F1,717,717,,,0,,Unknown / not modeled
PEK836,E,FIRE,F1,836,836,,,0,,Unknown / not modeled
PH401,PH,FIRE,F1,401,401,,,0,,Unknown / not modeled
PH410,PH,FIRE,F1,410,410,,,0,,Unknown / not modeled
PH414,PH,FIRE,F1,414,414,,,0,,Unknown / not modeled
PH417,PH,FIRE,F1,417,417,,,0,,Unknown / not modeled
PH421,PH,FIRE,F1,421,421,,,0,,Unknown / not modeled
PIO401,PIO,FIRE,F1,HQF,HQF,,,0,,Unknown / not modeled
PIO402,PIO,FIRE,F1,HQF,HQF,,,0,,Unknown / not modeled
PIO403,PIO,FIRE,F1,HQF,HQF,,,0,,Unknown / not modeled
PIO404,PIO,FIRE,F1,HQF,HQF,,,0,,Unknown / not modeled
PIO405,PIO,FIRE,F1,HQF,HQF,,,0,,Unknown / not modeled
PIO406,PIO,FIRE,F1,HQF,HQF,,,0,,Unknown / not modeled
PIO407,PIO,FIRE,F1,HQF,HQF,,,0,,Unknown / not modeled
PIO502,PIO,FIRE,F1,500,500,,,0,,Unknown / not modeled
PIO600,PIO,FIRE,F1,600,600,,,0,,Unknown / not modeled
PIO800,PIO,FIRE,F1,800,800,,,0,,Unknown / not modeled
PLAN600,ADM,FIRE,F1,600,600,,,0,,Unknown / not modeled
PLCHF100,ADM,FIRE,F1,100,100,,,0,,Unknown / not modeled
PLOW401,PLOW,FIRE,F1,401,401,,,0,,Unknown / not modeled
PLOW402,PLOW,FIRE,F1,402,402,,,0,,Unknown / not modeled
PLOW403,PLOW,FIRE,F1,403,403,,,0,,Unknown / not modeled
PLOW405,PLOW,FIRE,F1,405,405,,,0,,Unknown / not modeled
PLOW408,PLOW,FIRE,F1,408,408,,,0,,Unknown / not modeled
PLOW409,PLOW,FIRE,F1,409,409,,,0,,Unknown / not modeled
PLOW410,PLOW,FIRE,F1,410,410,,,0,,Unknown / not modeled
PLOW412,PLOW,FIRE,F1,412,412,,,0,,Unknown / not modeled
PLOW413,PLOW,FIRE,F1,413,413,,,0,,Unknown / not modeled
PLOW414,PLOW,FIRE,F1,414,414,,,0,,Unknown / not modeled
PLOW415,PLOW,FIRE,F1,415,415,,,0,,Unknown / not modeled
PLOW416,PLOW,FIRE,F1,416,416,,,0,,Unknown / not modeled
PLOW417,PLOW,FIRE,F1,417,417,,,0,,Unknown / not modeled
PLOW418,PLOW,FIRE,F1,418,418,,,0,,Unknown / not modeled
PLOW419,PLOW,FIRE,F1,419,419,,,0,,Unknown / not modeled
PLOW420,PLOW,FIRE,F1,420,420,,,0,,Unknown / not modeled
PLOW421,PLOW,FIRE,F1,421,421,,,0,,Unknown / not modeled
PLOW422,PLOW,FIRE,F1,422,422,,,0,,Unknown / not modeled
PLOW425,PLOW,FIRE,F1,425,425,,,0,,Unknown / not modeled
PLOW433,PLOW,FIRE,F1,433,433,,,0,,Unknown / not modeled
PLOW435,PLOW,FIRE,F1,435,435,,,0,,Unknown / not modeled
PLOW442,PLOW,FIRE,F1,442,442,,,0,,Unknown / not modeled
PLOW601,UTOJ,FIRE,F1,601,601,,,0,,Unknown / not modeled
PLOW609,UTOJ,FIRE,F1,609,609,,,0,,Unknown / not modeled
PLOW680,UTOJ,FIRE,F1,600,600,,,0,,Unknown / not modeled
PLOW681,UTOJ,FIRE,F1,600,600,,,0,,Unknown / not modeled
PLOW682,UTOJ,FIRE,F1,600,600,,,0,,Unknown / not modeled
PLOW683,UTOJ,FIRE,F1,600,600,,,0,,Unknown / not modeled
PLOW684,UTOJ,FIRE,F1,600,600,,,0,,Unknown / not modeled
PLOW685,UTOJ,FIRE,F1,600,600,,,0,,Unknown / not modeled
PLOW686,UTOJ,FIRE,F1,600,600,,,0,,Unknown / not modeled
PLOW687,UTOJ,FIRE,F1,600,600,,,0,,Unknown / not modeled
PLOW688,UTOJ,FIRE,F1,600,600,,,0,,Unknown / not modeled
PLOW689,UTOJ,FIRE,F1,602,602,,,0,,Unknown / not modeled
PLOW690,UTOJ,FIRE,F1,619,619,,,0,,Unknown / not modeled
PLOW699,UTOJ,FIRE,F1,699,699,,,0,,Unknown / not modeled
PLOW801,UTOJ,FIRE,F1,801,801,,,0,,Unknown / not modeled
PLOW802,UTOJ,FIRE,F1,800,800,,,0,,Unknown / not modeled
PLOW803,UTOJ,FIRE,F1,800,800,,,0,,Unknown / not modeled
PLOW804,UTOJ,FIRE,F1,800,800,,,0,,Unknown / not modeled
PLOW805,UTOJ,FIRE,F1,805,805,,,0,,Unknown / not modeled
PLOW806,UTOJ,FIRE,F1,806,806,,,0,,Unknown / not modeled
PLOW807,UTOJ,FIRE,F1,807,807,,,0,,Unknown / not modeled
PLOW808,UTOJ,FIRE,F1,808,808,,,0,,Unknown / not modeled
PLOW809,UTOJ,FIRE,F1,809,809,,,0,,Unknown / not modeled
PLOW810,UTOJ,FIRE,F1,810,810,,,0,,Unknown / not modeled
PLOW811,UTOJ,FIRE,F1,811,811,,,0,,Unknown / not modeled
PLOW812,UTOJ,FIRE,F1,812,812,,,0,,Unknown / not modeled
PLOW815,UTOJ,FIRE,F1,800,800,,,0,,Unknown / not modeled
PLOW849,UTOJ,FIRE,F1,849,849,,,0,,Unknown / not modeled
PN100,ADM,FIRE,F1,100,100,,,0,,Unknown / not modeled
PQ838,T,FIRE,F1,838,838,,,0,,Unknown / not modeled
PR501,R,FIRE,F1,501,501,,,0,,Unknown / not modeled
PR502,R,FIRE,F1,502,502,,,0,,Unknown / not modeled
PR503,R,FIRE,F1,503,503,,,0,,Unknown / not modeled
PR508,R,FIRE,F1,508,508,,,0,,Unknown / not modeled
PR510,R,FIRE,F1,510,510,,,0,,Unknown / not modeled
PR522,R,FIRE,F1,522,522,,,0,,Unknown / not modeled
PR703,R,FIRE,F1,703,703,,,0,,Unknown / not modeled
PR715,R,FIRE,F1,715,715,,,0,,Unknown / not modeled
PR717,R,FIRE,F1,717,717,,,0,,Unknown / not modeled
PR729,R,FIRE,F1,729,729,,,0,,Unknown / not modeled
PR742,R,FIRE,F1,742,742,,,0,,Unknown / not modeled
PR742B,R,FIRE,F1,742,742,,,0,,Unknown / not modeled
PRBE709,E,FIRE,F1,709,709,,,0,,Unknown / not modeled
PRBE713,E,FIRE,F1,713,713,,,0,,Unknown / not modeled
PRE602,E,FIRE,F1,602,602,,,0,,Unknown / not modeled
PRE709,E,FIRE,F1,709,709,,,0,,Unknown / not modeled
PRE713,E,FIRE,F1,713,713,,,0,,Unknown / not modeled
PRE714,E,FIRE,F1,714,714,,,0,,Unknown / not modeled
PREVC800,ADM,FIRE,F1,800,800,,,0,,Unknown / not modeled
PT,PT,FIRE,F1,418,418,,,0,,Unknown / not modeled
PT101,T,FIRE,F1,101,101,,,0,,Unknown / not modeled
PT104,T,FIRE,F1,104,104,,,0,,Unknown / not modeled
PT105,T,FIRE,F1,105,105,,,0,,Unknown / not modeled
PT106,T,FIRE,F1,106,106,,,0,,Unknown / not modeled
PT501,T,FIRE,F1,501,501,,,0,,Unknown / not modeled
PT504,T,FIRE,F1,504,504,,,0,,Unknown / not modeled
PT511,T,FIRE,F1,511,511,,,0,,Unknown / not modeled
PT512,T,FIRE,F1,512,512,,,0,,Unknown / not modeled
PT513,T,FIRE,F1,513,513,,,0,,Unknown / not modeled
PT514,T,FIRE,F1,514,514,,,0,,Unknown / not modeled
PT519,T,FIRE,F1,519,519,,,0,,Unknown / not modeled
PT520,T,FIRE,F1,520,520,,,0,,Unknown / not modeled
PT523,T,FIRE,F1,523,523,,,0,,Unknown / not modeled
PT525,T,FIRE,F1,525,525,,,0,,Unknown / not modeled
PT703,T,FIRE,F1,703,703,,,0,,Unknown / not modeled
PT706,T,FIRE,F1,706,706,,,0,,Unknown / not modeled
PT708,T,FIRE,F1,708,708,,,0,,Unknown / not modeled
PT710,T,FIRE,F1,710,710,,,0,,Unknown / not modeled
PT712,T,FIRE,F1,712,712,,,0,,Unknown / not modeled
PT715,T,FIRE,F1,715,715,,,0,,Unknown / not modeled
PT716,T,FIRE,F1,716,716,,,0,,Unknown / not modeled
PT718,T,FIRE,F1,718,718,,,0,,Unknown / not modeled
PT719,T,FIRE,F1,719,719,,,0,,Unknown / not modeled
PT723,T,FIRE,F1,723,723,,,0,,Unknown / not modeled
PT724,T,FIRE,F1,724,724,,,0,,Unknown / not modeled
PT725,T,FIRE,F1,725,725,,,0,,Unknown / not modeled
PT731,T,FIRE,F1,731,731,,,0,,Unknown / not modeled
PT734,T,FIRE,F1,734,734,,,0,,Unknown / not modeled
PT735,T,FIRE,F1,735,735,,,0,,Unknown / not modeled
PT740,T,FIRE,F1,740,740,,,0,,Unknown / not modeled
PTL103,TL,FIRE,F1,103,103,,,0,,Unknown / not modeled
PTL104,TL,FIRE,F1,104,104,,,0,,Unknown / not modeled
PTL105,TL,FIRE,F1,105,105,,,0,,Unknown / not modeled
PTL106,TL,FIRE,F1,106,106,,,0,,Unknown / not modeled
PTL501,TL,FIRE,F1,501,501,,,0,,Unknown / not modeled
PTL504,TL,FIRE,F1,504,504,,,0,,Unknown / not modeled
PTL511,TL,FIRE,F1,511,511,,,0,,Unknown / not modeled
PTL512,TL,FIRE,F1,512,512,,,0,,Unknown / not modeled
PTL513,TL,FIRE,F1,513,513,,,0,,Unknown / not modeled
PTL514,TL,FIRE,F1,514,514,,,0,,Unknown / not modeled
PTL519,TL,FIRE,F1,519,519,,,0,,Unknown / not modeled
PTL520,TL,FIRE,F1,520,520,,,0,,Unknown / not modeled
PTL521,TL,FIRE,F1,521,521,,,0,,Unknown / not modeled
PTL523,TL,FIRE,F1,523,523,,,0,,Unknown / not modeled
PTL524,TL,FIRE,F1,524,524,,,0,,Unknown / not modeled
PTL525,TL,FIRE,F1,525,525,,,0,,Unknown / not modeled
PTL703,TL,FIRE,F1,703,703,,,0,,Unknown / not modeled
PTL705,TL,FIRE,F1,705,705,,,0,,Unknown / not modeled
PTL706,TL,FIRE,F1,706,706,,,0,,Unknown / not modeled
PTL708,TL,FIRE,F1,708,708,,,0,,Unknown / not modeled
PTL710,TL,FIRE,F1,710,710,,,0,,Unknown / not modeled
PTL712,TL,FIRE,F1,712,712,,,0,,Unknown / not modeled
PTL715,TL,FIRE,F1,715,715,,,0,,Unknown / not modeled
PTL716,TL,FIRE,F1,716,716,,,0,,Unknown / not modeled
PTL718,TL,FIRE,F1,718,718,,,0,,Unknown / not modeled
PTL719,TL,FIRE,F1,719,719,,,0,,Unknown / not modeled
PTL723,TL,FIRE,F1,723,723,,,0,,Unknown / not modeled
PTL724,TL,FIRE,F1,724,724,,,0,,Unknown / not modeled
PTL725,TL,FIRE,F1,725,725,,,0,,Unknown / not modeled
PTL731,TL,FIRE,F1,731,731,,,0,,Unknown / not modeled
PTL734,TL,FIRE,F1,734,734,,,0,,Unknown / not modeled
PTL735,TL,FIRE,F1,735,735,,,0,,Unknown / not modeled
PTL740,TL,FIRE,F1,740,740,,,0,,Unknown / not modeled
Q504,T,FIRE,F1,504,504,,,0,,Unknown / not modeled
Q618,T,FIRE,F1,618,618,,,0,,Unknown / not modeled
Q806,T,FIRE,F1,806,806,,,0,,Unknown / not modeled
Q809,T,FIRE,F1,809,809,,,0,,Unknown / not modeled
Q838,T,FIRE,F1,838,838,,,0,,Unknown / not modeled
Q911,T,FIRE,F1,900,900,,,0,,Unknown / not modeled
R101,R,FIRE,F1,101,101,,,0,,Unknown / not modeled
R101M,R,FIRE,F1,101,101,,,0,,Unknown / not modeled
R102,R,FIRE,F1,102,102,,,0,,Unknown / not modeled
R102M,R,FIRE,F1,102,102,,,0,,Unknown / not modeled
R103,R,FIRE,F1,102,102,,,0,,Unknown / not modeled
R103M,R,FIRE,F1,102,102,,,0,,Unknown / not modeled
R104,R,FIRE,F1,104,104,,,0,,Unknown / not modeled
R104B,R,FIRE,F1,103,103,,,0,,Unknown / not modeled
R104M,R,FIRE,F1,104,104,,,0,,Unknown / not modeled
R105,R,FIRE,F1,105,105,,,0,,Unknown / not modeled
R105B,R,FIRE,F1,105,105,,,0,,Unknown / not modeled
R105M,R,FIRE,F1,105,105,,,0,,Unknown / not modeled
R106,R,FIRE,F1,106,106,,,0,,Unknown / not modeled
R106M,R,FIRE,F1,106,106,,,0,,Unknown / not modeled
R108,R,FIRE,F1,108,108,,,0,,Unknown / not modeled
R108M,R,FIRE,F1,108,108,,,0,,Unknown / not modeled
R109,R,FIRE,F1,109,109,,,0,,Unknown / not modeled
R109B,R,FIRE,F1,109,109,,,0,,Unknown / not modeled
R109M,R,FIRE,F1,109,109,,,0,,Unknown / not modeled
R110,R,FIRE,F1,110,110,,,0,,Unknown / not modeled
R110M,R,FIRE,F1,110,110,,,0,,Unknown / not modeled
R201,R,FIRE,F1,201,201,,,0,,Unknown / not modeled
R201M,R,FIRE,F1,201,201,,,0,,Unknown / not modeled
R202,R,FIRE,F1,202,202,,,0,,Unknown / not modeled
R202M,R,FIRE,F1,202,202,,,0,,Unknown / not modeled
R203,R,FIRE,F1,203,203,,,0,,Unknown / not modeled
R203M,R,FIRE,F1,203,203,,,0,,Unknown / not modeled
R204,R,FIRE,F1,204,204,,,0,,Unknown / not modeled
R204M,R,FIRE,F1,204,204,,,0,,Unknown / not modeled
R205,R,FIRE,F1,205,205,,,0,,Unknown / not modeled
R205M,R,FIRE,F1,205,205,,,0,,Unknown / not modeled
R206,R,FIRE,F1,206,206,,,0,,Unknown / not modeled
R206B,R,FIRE,F1,206,206,,,0,,Unknown / not modeled
R206M,R,FIRE,F1,206,206,,,0,,Unknown / not modeled
R207,R,FIRE,F1,207,207,,,0,,Unknown / not modeled
R207M,R,FIRE,F1,207,207,,,0,,Unknown / not modeled
R208,R,FIRE,F1,208,208,,,0,,Unknown / not modeled
R208M,R,FIRE,F1,208,208,,,0,,Unknown / not modeled
R209,R,FIRE,F1,209,209,,,0,,Unknown / not modeled
R209M,R,FIRE,F1,209,209,,,0,,Unknown / not modeled
R210,R,FIRE,F1,210,210,,,0,,Unknown / not modeled
R210M,R,FIRE,F1,210,210,,,0,,Unknown / not modeled
R401,R,FIRE,F1,425,425,R401M,RESCUE; HAZMAT; TROT; HEAVY; BALLISTIC; EXTRICATION,0,,User-provided Fairfax/City rescue family rule
R401B,R,FIRE,F1,425,425,R401BM,RESCUE; HAZMAT; TROT; HEAVY; BALLISTIC; EXTRICATION,0,,User-provided Fairfax/City rescue family rule
R401BM,R,FIRE,F1,425,425,R401B,RESCUE; HAZMAT; TROT; HEAVY; BALLISTIC; EXTRICATION; ALS FIRST RESP,1,AFR1 or AFR2,User-provided Fairfax/City rescue family rule
R401M,R,FIRE,F1,425,425,R401,RESCUE; HAZMAT; TROT; HEAVY; BALLISTIC; EXTRICATION; ALS FIRST RESP,1,AFR1 or AFR2,User-provided Fairfax/City rescue family rule
R402,R,FIRE,F1,444,444,R402M,RESCUE; HAZMAT; TROT; HEAVY; BALLISTIC; EXTRICATION,0,,User-provided Fairfax/City rescue family rule
R402M,R,FIRE,F1,444,444,R402,RESCUE; HAZMAT; TROT; HEAVY; BALLISTIC; EXTRICATION; ALS FIRST RESP,1,AFR1 or AFR2,User-provided Fairfax/City rescue family rule
R404,R,FIRE,F1,418,418,R404M,RESCUE; HAZMAT; TROT; HEAVY; BALLISTIC; EXTRICATION,0,,User-provided Fairfax/City rescue family rule
R404M,R,FIRE,F1,418,418,R404,RESCUE; HAZMAT; TROT; HEAVY; BALLISTIC; EXTRICATION; ALS FIRST RESP,1,AFR1 or AFR2,User-provided Fairfax/City rescue family rule
R405,R,FIRE,F1,435,435,R405M,RESCUE; HAZMAT; TROT; HEAVY; BALLISTIC; EXTRICATION,0,,User-provided Fairfax/City rescue family rule
R405M,R,FIRE,F1,435,435,R405,RESCUE; HAZMAT; TROT; HEAVY; BALLISTIC; EXTRICATION; ALS FIRST RESP,1,AFR1 or AFR2,User-provided Fairfax/City rescue family rule
R406,R,FIRE,F1,411,411,R406M,RESCUE; HAZMAT; TROT; HEAVY; BALLISTIC; EXTRICATION,0,,User-provided Fairfax/City rescue family rule
R406M,R,FIRE,F1,411,411,R406,RESCUE; HAZMAT; TROT; HEAVY; BALLISTIC; EXTRICATION; ALS FIRST RESP,1,AFR1 or AFR2,User-provided Fairfax/City rescue family rule
R408,R,FIRE,F1,426,426,R408M,RESCUE; HAZMAT; TROT; HEAVY; BALLISTIC; EXTRICATION,0,,User-provided Fairfax/City rescue family rule
R408M,R,FIRE,F1,426,426,R408,RESCUE; HAZMAT; TROT; HEAVY; BALLISTIC; EXTRICATION; ALS FIRST RESP,1,AFR1 or AFR2,User-provided Fairfax/City rescue family rule
R411,R,FIRE,F1,411,411,R411M,RESCUE; HAZMAT; TROT; HEAVY; BALLISTIC; EXTRICATION,0,,User-provided Fairfax/City rescue family rule
R411B,R,FIRE,F1,411,411,R411BM,RESCUE; HAZMAT; TROT; HEAVY; BALLISTIC; EXTRICATION,0,,User-provided Fairfax/City rescue family rule
R411BM,R,FIRE,F1,411,411,R411B,RESCUE; HAZMAT; TROT; HEAVY; BALLISTIC; EXTRICATION; ALS FIRST RESP,1,AFR1 or AFR2,User-provided Fairfax/City rescue family rule
R411M,R,FIRE,F1,411,411,R411,RESCUE; HAZMAT; TROT; HEAVY; BALLISTIC; EXTRICATION; ALS FIRST RESP,1,AFR1 or AFR2,User-provided Fairfax/City rescue family rule
R414,R,FIRE,F1,414,414,R414M,RESCUE; HAZMAT; TROT; HEAVY; BALLISTIC; EXTRICATION,0,,User-provided Fairfax/City rescue family rule
R414B,R,FIRE,F1,414,414,R414BM,RESCUE; HAZMAT; TROT; HEAVY; BALLISTIC; EXTRICATION,0,,User-provided Fairfax/City rescue family rule
R414BM,R,FIRE,F1,414,414,R414B,RESCUE; HAZMAT; TROT; HEAVY; BALLISTIC; EXTRICATION; ALS FIRST RESP,1,AFR1 or AFR2,User-provided Fairfax/City rescue family rule
R414M,R,FIRE,F1,414,414,R414,RESCUE; HAZMAT; TROT; HEAVY; BALLISTIC; EXTRICATION; ALS FIRST RESP,1,AFR1 or AFR2,User-provided Fairfax/City rescue family rule
R418,R,FIRE,F1,418,418,R418M,RESCUE; HAZMAT; TROT; HEAVY; BALLISTIC; EXTRICATION,0,,User-provided Fairfax/City rescue family rule
R418B,R,FIRE,F1,418,418,R418BM,RESCUE; HAZMAT; TROT; HEAVY; BALLISTIC; EXTRICATION,0,,User-provided Fairfax/City rescue family rule
R418BM,R,FIRE,F1,418,418,R418B,RESCUE; HAZMAT; TROT; HEAVY; BALLISTIC; EXTRICATION; ALS FIRST RESP,1,AFR1 or AFR2,User-provided Fairfax/City rescue family rule
R418M,R,FIRE,F1,418,418,R418,RESCUE; HAZMAT; TROT; HEAVY; BALLISTIC; EXTRICATION; ALS FIRST RESP,1,AFR1 or AFR2,User-provided Fairfax/City rescue family rule
R419,R,FIRE,F1,419,419,R419M,RESCUE; HAZMAT; TROT; HEAVY; BALLISTIC; EXTRICATION,0,,User-provided Fairfax/City rescue family rule
R419B,R,FIRE,F1,419,419,R419BM,RESCUE; HAZMAT; TROT; HEAVY; BALLISTIC; EXTRICATION,0,,User-provided Fairfax/City rescue family rule
R419BM,R,FIRE,F1,419,419,R419B,RESCUE; HAZMAT; TROT; HEAVY; BALLISTIC; EXTRICATION; ALS FIRST RESP,1,AFR1 or AFR2,User-provided Fairfax/City rescue family rule
R419M,R,FIRE,F1,419,419,R419,RESCUE; HAZMAT; TROT; HEAVY; BALLISTIC; EXTRICATION; ALS FIRST RESP,1,AFR1 or AFR2,User-provided Fairfax/City rescue family rule
R421,R,FIRE,F1,421,421,R421M,RESCUE; HAZMAT; TROT; HEAVY; BALLISTIC; EXTRICATION,0,,User-provided Fairfax/City rescue family rule
R421B,R,FIRE,F1,421,421,R421BM,RESCUE; HAZMAT; TROT; HEAVY; BALLISTIC; EXTRICATION,0,,User-provided Fairfax/City rescue family rule
R421BM,R,FIRE,F1,421,421,R421B,RESCUE; HAZMAT; TROT; HEAVY; BALLISTIC; EXTRICATION; ALS FIRST RESP,1,AFR1 or AFR2,User-provided Fairfax/City rescue family rule
R421M,R,FIRE,F1,421,421,R421,RESCUE; HAZMAT; TROT; HEAVY; BALLISTIC; EXTRICATION; ALS FIRST RESP,1,AFR1 or AFR2,User-provided Fairfax/City rescue family rule
R426,R,FIRE,F1,426,426,R426M,RESCUE; HAZMAT; TROT; HEAVY; BALLISTIC; EXTRICATION,0,,User-provided Fairfax/City rescue family rule
R426B,R,FIRE,F1,426,426,R426BM,RESCUE; HAZMAT; TROT; HEAVY; BALLISTIC; EXTRICATION,0,,User-provided Fairfax/City rescue family rule
R426BM,R,FIRE,F1,426,426,R426B,RESCUE; HAZMAT; TROT; HEAVY; BALLISTIC; EXTRICATION; ALS FIRST RESP,1,AFR1 or AFR2,User-provided Fairfax/City rescue family rule
R426M,R,FIRE,F1,426,426,R426,RESCUE; HAZMAT; TROT; HEAVY; BALLISTIC; EXTRICATION; ALS FIRST RESP,1,AFR1 or AFR2,User-provided Fairfax/City rescue family rule
R426MB,R,FIRE,F1,426,426,,RESCUE; HAZMAT; TROT; HEAVY; BALLISTIC; EXTRICATION,0,,User-provided Fairfax/City rescue family rule
R439,R,FIRE,F1,439,439,R439M,RESCUE; HAZMAT; TROT; HEAVY; BALLISTIC; EXTRICATION,0,,User-provided Fairfax/City rescue family rule
R439B,R,FIRE,F1,439,439,R439BM,RESCUE; HAZMAT; TROT; HEAVY; BALLISTIC; EXTRICATION,0,,User-provided Fairfax/City rescue family rule
R439BM,R,FIRE,F1,439,439,R439B,RESCUE; HAZMAT; TROT; HEAVY; BALLISTIC; EXTRICATION; ALS FIRST RESP,1,AFR1 or AFR2,User-provided Fairfax/City rescue family rule
R439M,R,FIRE,F1,439,439,R439,RESCUE; HAZMAT; TROT; HEAVY; BALLISTIC; EXTRICATION; ALS FIRST RESP,1,AFR1 or AFR2,User-provided Fairfax/City rescue family rule
R444,R,FIRE,F1,444,444,R444M,RESCUE; HAZMAT; TROT; HEAVY; BALLISTIC; EXTRICATION,0,,User-provided Fairfax/City rescue family rule
R444B,R,FIRE,F1,444,444,R444BM,RESCUE; HAZMAT; TROT; HEAVY; BALLISTIC; EXTRICATION,0,,User-provided Fairfax/City rescue family rule
R444BM,R,FIRE,F1,444,444,R444B,RESCUE; HAZMAT; TROT; HEAVY; BALLISTIC; EXTRICATION; ALS FIRST RESP,1,AFR1 or AFR2,User-provided Fairfax/City rescue family rule
R444M,R,FIRE,F1,444,444,R444,RESCUE; HAZMAT; TROT; HEAVY; BALLISTIC; EXTRICATION; ALS FIRST RESP,1,AFR1 or AFR2,User-provided Fairfax/City rescue family rule
R463,RNR,FIRE,F1,463,463,,,0,,Unknown / not modeled
R465,R,FIRE,F1,465,465,,RESCUE; HAZMAT; TROT; HEAVY; BALLISTIC; EXTRICATION,0,,User-provided Fairfax/City rescue family rule
R466,R,FIRE,F1,466,466,,RESCUE; HAZMAT; TROT; HEAVY; BALLISTIC; EXTRICATION,0,,User-provided Fairfax/City rescue family rule
R490,R,FIRE,F1,HQF,HQF,,RESCUE; HAZMAT; TROT; HEAVY; BALLISTIC; EXTRICATION,0,,User-provided Fairfax/City rescue family rule
R491,TRNGR,FIRE,F1,445,445,,,0,,Unknown / not modeled
R492,TRNGR,FIRE,F1,445,445,,,0,,Unknown / not modeled
R493,TRNGR,FIRE,F1,445,445,,,0,,Unknown / not modeled
R497,TRNGR,FIRE,F1,445,445,,,0,,Unknown / not modeled
R501,R,FIRE,F1,501,501,,,0,,Unknown / not modeled
R502,R,FIRE,F1,502,502,,,0,,Unknown / not modeled
R502B,R,FIRE,F1,502,502,,,0,,Unknown / not modeled
R502F,R,FIRE,F1,502,502,,,0,,Unknown / not modeled
R502M,R,FIRE,F1,502,502,,,0,,Unknown / not modeled
R503,R,FIRE,F1,503,503,,,0,,Unknown / not modeled
R503F,R,FIRE,F1,503,503,,,0,,Unknown / not modeled
R503M,R,FIRE,F1,503,503,,,0,,Unknown / not modeled
R503P,R,FIRE,F1,503,503,,,0,,Unknown / not modeled
R504,R,FIRE,F1,504,504,,,0,,Unknown / not modeled
R504B,R,FIRE,F1,504,504,,,0,,Unknown / not modeled
R506,R,FIRE,F1,506,506,,,0,,Unknown / not modeled
R506B,R,FIRE,F1,506,506,,,0,,Unknown / not modeled
R508,R,FIRE,F1,508,508,,,0,,Unknown / not modeled
R508B,R,FIRE,F1,508,508,,,0,,Unknown / not modeled
R508F,R,FIRE,F1,508,508,,,0,,Unknown / not modeled
R508M,R,FIRE,F1,508,508,,,0,,Unknown / not modeled
R508P,R,FIRE,F1,508,508,,,0,,Unknown / not modeled
R510,R,FIRE,F1,510,510,,,0,,Unknown / not modeled
R510B,R,FIRE,F1,510,510,,,0,,Unknown / not modeled
R510F,R,FIRE,F1,510,510,,,0,,Unknown / not modeled
R510M,R,FIRE,F1,510,510,,,0,,Unknown / not modeled
R510P,R,FIRE,F1,510,510,,,0,,Unknown / not modeled
R519,R,FIRE,F1,519,519,,,0,,Unknown / not modeled
R521,R,FIRE,F1,521,521,,,0,,Unknown / not modeled
R522,R,FIRE,F1,522,522,,,0,,Unknown / not modeled
R522B,R,FIRE,F1,522,522,,,0,,Unknown / not modeled
R522M,R,FIRE,F1,522,522,,,0,,Unknown / not modeled
R522P,R,FIRE,F1,522,522,,,0,,Unknown / not modeled
R607,R,FIRE,F1,607,607,,,0,,Unknown / not modeled
R608,ROJ,FIRE,F1,608,608,,,0,,Unknown / not modeled
R609,ROJ,FIRE,F1,609,609,,,0,,Unknown / not modeled
R615,ROJ,FIRE,F1,615,615,,,0,,Unknown / not modeled
R617,ROJ,FIRE,F1,617,617,,,0,,Unknown / not modeled
R620,R,FIRE,F1,620,620,,,0,,Unknown / not modeled
R623,ROJ,FIRE,F1,623,623,,,0,,Unknown / not modeled
R625,ROJ,FIRE,F1,625,625,,,0,,Unknown / not modeled
R635,R,FIRE,F1,635,635,,,0,,Unknown / not modeled
R680,ROJ,FIRE,F1,600,600,,,0,,Unknown / not modeled
R703,R,FIRE,F1,703,703,,,0,,Unknown / not modeled
R710,R,FIRE,F1,710,710,,,0,,Unknown / not modeled
R715,R,FIRE,F1,715,715,,,0,,Unknown / not modeled
R717,R,FIRE,F1,717,717,,,0,,Unknown / not modeled
R729,R,FIRE,F1,729,729,,,0,,Unknown / not modeled
R741,R,FIRE,F1,741,741,,,0,,Unknown / not modeled
R741B,R,FIRE,F1,741,741,,,0,,Unknown / not modeled
R742,R,FIRE,F1,742,742,,,0,,Unknown / not modeled
R742B,R,FIRE,F1,742,742,,,0,,Unknown / not modeled
R801,R,FIRE,F1,801,801,,,0,,Unknown / not modeled
R806,R,FIRE,F1,806,806,,,0,,Unknown / not modeled
R806B,R,FIRE,F1,806,806,,,0,,Unknown / not modeled
R806BM,R,FIRE,F1,806,806,,,0,,Unknown / not modeled
R806M,R,FIRE,F1,806,806,,,0,,Unknown / not modeled
R808,R,FIRE,F1,808,808,,,0,,Unknown / not modeled
R814,R,FIRE,F1,814,814,,,0,,Unknown / not modeled
R814B,R,FIRE,F1,814,814,,,0,,Unknown / not modeled
R818,R,FIRE,F1,818,818,,,0,,Unknown / not modeled
R820,R,FIRE,F1,820,820,,,0,,Unknown / not modeled
R820M,R,FIRE,F1,820,820,,,0,,Unknown / not modeled
R827,R,FIRE,F1,827,827,,,0,,Unknown / not modeled
R833,R,FIRE,F1,833,833,,,0,,Unknown / not modeled
R840,R,FIRE,F1,840,840,,,0,,Unknown / not modeled
R840M,R,FIRE,F1,840,840,,,0,,Unknown / not modeled
R847,R,FIRE,F1,847,847,,,0,,Unknown / not modeled
R847M,R,FIRE,F1,847,847,,,0,,Unknown / not modeled
R849,R,FIRE,F1,849,849,,,0,,Unknown / not modeled
R902,R,FIRE,F1,900,900,,,0,,Unknown / not modeled
R903,R,FIRE,F1,900,900,,,0,,Unknown / not modeled
R906,R,FIRE,F1,900,900,,,0,,Unknown / not modeled
R908,R,FIRE,F1,900,900,,,0,,Unknown / not modeled
R910,R,FIRE,F1,900,900,,,0,,Unknown / not modeled
R914,R,FIRE,F1,900,900,,,0,,Unknown / not modeled
R915,R,FIRE,F1,900,900,,,0,,Unknown / not modeled
R919,R,FIRE,F1,900,900,,,0,,Unknown / not modeled
R920,R,FIRE,F1,900,900,,,0,,Unknown / not modeled
R924,R,FIRE,F1,900,900,,,0,,Unknown / not modeled
RADIO1,ADM,FIRE,F1,COM,COM,,,0,,Unknown / not modeled
RADIO1,ADM,FIRE,F1,COM,COM,,,0,,Unknown / not modeled
RADIO2,ADM,FIRE,F1,COM,COM,,,0,,Unknown / not modeled
RADIO3,ADM,FIRE,F1,COM,COM,,,0,,Unknown / not modeled
RADIO3,ADM,FIRE,F1,COM,COM,,,0,,Unknown / not modeled
RADIO4,ADM,FIRE,F1,COM,COM,,,0,,Unknown / not modeled
RADIO5,ADM,FIRE,F1,COM,COM,,,0,,Unknown / not modeled
RADIO6,ADM,FIRE,F1,COM,COM,,,0,,Unknown / not modeled
RADIO7,ADM,FIRE,F1,COM,COM,,,0,,Unknown / not modeled
RADIO8,ADM,FIRE,F1,COM,COM,,,0,,Unknown / not modeled
RADIO9,ADM,FIRE,F1,COM,COM,,,0,,Unknown / not modeled
RADMGR,ADM,FIRE,F1,COM,COM,,,0,,Unknown / not modeled
RAIL800,ADM,FIRE,F1,800,800,,,0,,Unknown / not modeled
RC501,ADM,FIRE,F1,501,501,,,0,,Unknown / not modeled
RC502,ADM,FIRE,F1,502,502,,,0,,Unknown / not modeled
RC503,ADM,FIRE,F1,503,503,,,0,,Unknown / not modeled
RC505,ADM,FIRE,F1,505,505,,,0,,Unknown / not modeled
RC507,ADM,FIRE,F1,507,507,,,0,,Unknown / not modeled
RC508,ADM,FIRE,F1,508,508,,,0,,Unknown / not modeled
RC510,ADM,FIRE,F1,510,510,,,0,,Unknown / not modeled
RC511,ADM,FIRE,F1,511,511,,,0,,Unknown / not modeled
RC512,ADM,FIRE,F1,512,512,,,0,,Unknown / not modeled
RC513,ADM,FIRE,F1,513,513,,,0,,Unknown / not modeled
RC514,ADM,FIRE,F1,514,514,,,0,,Unknown / not modeled
RC516,ADM,FIRE,F1,516,516,,,0,,Unknown / not modeled
RC517,ADM,FIRE,F1,517,517,,,0,,Unknown / not modeled
RC518,ADM,FIRE,F1,518,518,,,0,,Unknown / not modeled
RC520,ADM,FIRE,F1,520,520,,,0,,Unknown / not modeled
RC521,ADM,FIRE,F1,521,521,,,0,,Unknown / not modeled
RCFD1,ADM,FIRE,F1,HQF,HQF,,,0,,Unknown / not modeled
RCFD2,ADM,FIRE,F1,HQF,HQF,,,0,,Unknown / not modeled
RCFD3,ADM,FIRE,F1,HQF,HQF,,,0,,Unknown / not modeled
RCFD4,ADM,FIRE,F1,HQF,HQF,,,0,,Unknown / not modeled
RCFD5,ADM,FIRE,F1,HQF,HQF,,,0,,Unknown / not modeled
RE161,E,FIRE,F1,161,161,,,0,,Unknown / not modeled
RE324,E,FIRE,F1,303,303,,,0,,Unknown / not modeled
RE433,E,FIRE,F1,433,433,RE433M,RESCUE; ENGINE; HEAVY; BALLISTIC; EXTRICATION,0,,User-provided Rescue Engine 433 family rule
RE433B,E,FIRE,F1,433,433,RE433BM,RESCUE; ENGINE; HEAVY; BALLISTIC; EXTRICATION,0,,User-provided Rescue Engine 433 family rule
RE433BM,E,FIRE,F1,433,433,RE433B,RESCUE; ENGINE; HEAVY; BALLISTIC; EXTRICATION; ALS FIRST RESP,1,AFR1 or AFR2,User-provided Rescue Engine 433 family rule
RE433M,E,FIRE,F1,433,433,RE433,RESCUE; ENGINE; HEAVY; BALLISTIC; EXTRICATION; ALS FIRST RESP,1,AFR1 or AFR2,User-provided Rescue Engine 433 family rule
RE521,E,FIRE,F1,521,521,,,0,,Unknown / not modeled
RE521M,E,FIRE,F1,521,521,,,0,,Unknown / not modeled
RE521P,E,FIRE,F1,521,521,,,0,,Unknown / not modeled
RE602,E,FIRE,F1,602,602,,,0,,Unknown / not modeled
RE604,E,FIRE,F1,604,604,,,0,,Unknown / not modeled
RE621,E,FIRE,F1,621,621,,,0,,Unknown / not modeled
RE709,E,FIRE,F1,709,709,,,0,,Unknown / not modeled
RE713,E,FIRE,F1,713,713,,,0,,Unknown / not modeled
RE714,E,FIRE,F1,714,714,,,0,,Unknown / not modeled
RE818,E,FIRE,F1,818,818,,,0,,Unknown / not modeled
RE827,E,FIRE,F1,827,827,,,0,,Unknown / not modeled
RE833,E,FIRE,F1,833,833,,,0,,Unknown / not modeled
RE840,E,FIRE,F1,840,840,,,0,,Unknown / not modeled
RE840M,E,FIRE,F1,840,840,,,0,,Unknown / not modeled
RE849,E,FIRE,F1,849,849,,,0,,Unknown / not modeled
RE905,E,FIRE,F1,900,900,,,0,,Unknown / not modeled
RE907,E,FIRE,F1,900,900,,,0,,Unknown / not modeled
RE917,E,FIRE,F1,900,900,,,0,,Unknown / not modeled
RECON801,ADM,FIRE,F1,800,800,,,0,,Unknown / not modeled
RECON802,ADM,FIRE,F1,800,800,,,0,,Unknown / not modeled
RECON803,ADM,FIRE,F1,800,800,,,0,,Unknown / not modeled
RECON804,ADM,FIRE,F1,800,800,,,0,,Unknown / not modeled
RECON805,ADM,FIRE,F1,800,800,,,0,,Unknown / not modeled
RECON806,ADM,FIRE,F1,800,800,,,0,,Unknown / not modeled
RECON807,ADM,FIRE,F1,800,800,,,0,,Unknown / not modeled
RECON808,ADM,FIRE,F1,800,800,,,0,,Unknown / not modeled
RECON809,ADM,FIRE,F1,800,800,,,0,,Unknown / not modeled
RECON810,ADM,FIRE,F1,800,800,,,0,,Unknown / not modeled
RECON811,ADM,FIRE,F1,800,800,,,0,,Unknown / not modeled
RECON812,ADM,FIRE,F1,800,800,,,0,,Unknown / not modeled
RECON813,ADM,FIRE,F1,800,800,,,0,,Unknown / not modeled
RECON814,ADM,FIRE,F1,800,800,,,0,,Unknown / not modeled
RECON815,ADM,FIRE,F1,800,800,,,0,,Unknown / not modeled
RECON816,ADM,FIRE,F1,800,800,,,0,,Unknown / not modeled
RECON817,ADM,FIRE,F1,800,800,,,0,,Unknown / not modeled
RECON818,ADM,FIRE,F1,800,800,,,0,,Unknown / not modeled
RECON819,ADM,FIRE,F1,800,800,,,0,,Unknown / not modeled
RECON820,ADM,FIRE,F1,800,800,,,0,,Unknown / not modeled
RECON821,ADM,FIRE,F1,800,800,,,0,,Unknown / not modeled
RECON822,ADM,FIRE,F1,800,800,,,0,,Unknown / not modeled
RECON823,ADM,FIRE,F1,800,800,,,0,,Unknown / not modeled
RECON824,ADM,FIRE,F1,800,800,,,0,,Unknown / not modeled
RECON825,ADM,FIRE,F1,800,800,,,0,,Unknown / not modeled
RECON826,ADM,FIRE,F1,800,800,,,0,,Unknown / not modeled
RECON827,ADM,FIRE,F1,800,800,,,0,,Unknown / not modeled
RECON828,ADM,FIRE,F1,800,800,,,0,,Unknown / not modeled
RECON829,ADM,FIRE,F1,800,800,,,0,,Unknown / not modeled
RECON830,ADM,FIRE,F1,800,800,,,0,,Unknown / not modeled
RECON831,ADM,FIRE,F1,800,800,,,0,,Unknown / not modeled
RECON832,ADM,FIRE,F1,800,800,,,0,,Unknown / not modeled
RECON833,ADM,FIRE,F1,800,800,,,0,,Unknown / not modeled
RECON834,ADM,FIRE,F1,800,800,,,0,,Unknown / not modeled
RECON835,ADM,FIRE,F1,800,800,,,0,,Unknown / not modeled
RECON836,ADM,FIRE,F1,800,800,,,0,,Unknown / not modeled
RECON837,ADM,FIRE,F1,800,800,,,0,,Unknown / not modeled
RECON838,ADM,FIRE,F1,800,800,,,0,,Unknown / not modeled
RECON839,ADM,FIRE,F1,800,800,,,0,,Unknown / not modeled
RECON840,ADM,FIRE,F1,800,800,,,0,,Unknown / not modeled
RECON841,ADM,FIRE,F1,800,800,,,0,,Unknown / not modeled
RECON842,ADM,FIRE,F1,800,800,,,0,,Unknown / not modeled
RECON843,ADM,FIRE,F1,800,800,,,0,,Unknown / not modeled
RECON844,ADM,FIRE,F1,800,800,,,0,,Unknown / not modeled
RECON845,ADM,FIRE,F1,800,800,,,0,,Unknown / not modeled
RECON846,ADM,FIRE,F1,800,800,,,0,,Unknown / not modeled
RECON847,ADM,FIRE,F1,800,800,,,0,,Unknown / not modeled
RECON848,ADM,FIRE,F1,800,800,,,0,,Unknown / not modeled
RECON849,ADM,FIRE,F1,800,800,,,0,,Unknown / not modeled
RECON850,ADM,FIRE,F1,800,800,,,0,,Unknown / not modeled
RECON855,ADM,FIRE,F1,800,800,,,0,,Unknown / not modeled
RECON858,ADM,FIRE,F1,800,800,,,0,,Unknown / not modeled
REFER,ADM,FIRE,F1,600,600,,,0,,Unknown / not modeled
REHAB401,RU,FIRE,F1,434,434,,,0,,Unknown / not modeled
REHAB402,RU,FIRE,F1,437,437,,,0,,Unknown / not modeled
REHAB413,RU,FIRE,F1,413,413,,,0,,Unknown / not modeled
REHAB434,RU,FIRE,F1,434,434,,,0,,Unknown / not modeled
REHAB490,TRNGRU,FIRE,F1,445,445,,,0,,Unknown / not modeled
REHAB501,ADM,FIRE,F1,501,501,,,0,,Unknown / not modeled
REHAB503,ADM,FIRE,F1,503,503,,,0,,Unknown / not modeled
REHAB516,ADM,FIRE,F1,516,516,,,0,,Unknown / not modeled
REHAB520,ADM,FIRE,F1,520,520,,,0,,Unknown / not modeled
REHAB524,ADM,FIRE,F1,524,524,,,0,,Unknown / not modeled
REHAB609,ADM,FIRE,F1,609,609,,,0,,Unknown / not modeled
REHAB60,ADM,FIRE,F1,609,609,,,0,,Unknown / not modeled
REHAB614,ADM,FIRE,F1,614,614,,,0,,Unknown / not modeled
REHAB623,ADM,FIRE,F1,623,623,,,0,,Unknown / not modeled
REHAB800,ADM,FIRE,F1,805,805,,,0,,Unknown / not modeled
RM401,RM,FIRE,F1,400,LDC,,,0,,Unknown / not modeled
RM402,RM,FIRE,F1,400,LDC,,,0,,Unknown / not modeled
RM403,RM,FIRE,F1,400,LDC,,,0,,Unknown / not modeled
RM404,RM,FIRE,F1,400,LDC,,,0,,Unknown / not modeled
RM405,RM,FIRE,F1,400,LDC,,,0,,Unknown / not modeled
RM406,RM,FIRE,F1,400,LDC,,,0,,Unknown / not modeled
RM407,RM,FIRE,F1,400,LDC,,,0,,Unknown / not modeled
RM408,RM,FIRE,F1,400,LDC,,,0,,Unknown / not modeled
RM409,RM,FIRE,F1,400,LDC,,,0,,Unknown / not modeled
RM410,RM,FIRE,F1,400,LDC,,,0,,Unknown / not modeled
RM411,RM,FIRE,F1,400,LDC,,,0,,Unknown / not modeled
RM412,RM,FIRE,F1,400,LDC,,,0,,Unknown / not modeled
RM413,RM,FIRE,F1,400,LDC,,,0,,Unknown / not modeled
RM414,RM,FIRE,F1,400,LDC,,,0,,Unknown / not modeled
RM415,RM,FIRE,F1,400,LDC,,,0,,Unknown / not modeled
RMC800,ADM,FIRE,F1,800,800,,,0,,Unknown / not modeled
ROCCL800,ADM,FIRE,F1,800,800,,,0,,Unknown / not modeled
RSU490,ADM,FIRE,F1,HQF,HQF,,,0,,Unknown / not modeled
RSU491,ADM,FIRE,F1,HQF,HQF,,,0,,Unknown / not modeled
RSU492,ADM,FIRE,F1,HQF,HQF,,,0,,Unknown / not modeled
RSU493,ADM,FIRE,F1,HQF,HQF,,,0,,Unknown / not modeled
RSU494,ADM,FIRE,F1,HQF,HQF,,,0,,Unknown / not modeled
RSU495,ADM,FIRE,F1,HQF,HQF,,,0,,Unknown / not modeled
RSU496,ADM,FIRE,F1,HQF,HQF,,,0,,Unknown / not modeled
RSU497,ADM,FIRE,F1,HQF,HQF,,,0,,Unknown / not modeled
RSU498,ADM,FIRE,F1,HQF,HQF,,,0,,Unknown / not modeled
RSU499,ADM,FIRE,F1,HQF,HQF,,,0,,Unknown / not modeled
SAF100,SAFOJ,FIRE,F1,100,100,,,0,,Unknown / not modeled
SAF101,SAFOJ,FIRE,F1,101,101,,,0,,Unknown / not modeled
SAF201,SAFOJ,FIRE,F1,202,202,,,0,,Unknown / not modeled
SAF320,SAFOJ,FIRE,F1,301,300,,,0,,Unknown / not modeled
SAF321,SAFOJ,FIRE,F1,301,300,,,0,,Unknown / not modeled
SAF322,SAFOJ,FIRE,F1,301,300,,,0,,Unknown / not modeled
SAF401,SAF,FIRE,F1,421,421,,,0,,Unknown / not modeled
SAF402,SAF,FIRE,F1,437,437,,,0,,Unknown / not modeled
SAF403,SAF,FIRE,F1,430,430,,,0,,Unknown / not modeled
SAF404,SAF,FIRE,F1,HQF,HQF,,,0,,Unknown / not modeled
SAF405,SAF,FIRE,F1,HQF,HQF,,,0,,Unknown / not modeled
SAF406,SAF,FIRE,F1,HQF,HQF,,,0,,Unknown / not modeled
SAF483,TRNGSF,FIRE,F1,445,445,,,0,,Unknown / not modeled
SAF486,TRNGSF,FIRE,F1,445,445,,,0,,Unknown / not modeled
SAF490,TRNGSF,FIRE,F1,445,445,,,0,,Unknown / not modeled
SAF491,TRNGSF,FIRE,F1,445,445,,,0,,Unknown / not modeled
SAF501,SAFOJ,FIRE,F1,501,501,,,0,,Unknown / not modeled
SAF502,SAFOJ,FIRE,F1,526,526,,,0,,Unknown / not modeled
SAF503,SAFOJ,FIRE,F1,503,503,,,0,,Unknown / not modeled
SAF504,SAFOJ,FIRE,F1,504,504,,,0,,Unknown / not modeled
SAF505,SAFOJ,FIRE,F1,505,505,,,0,,Unknown / not modeled
SAF506,SAFOJ,FIRE,F1,506,506,,,0,,Unknown / not modeled
SAF507,SAFOJ,FIRE,F1,507,507,,,0,,Unknown / not modeled
SAF508,SAFOJ,FIRE,F1,508,508,,,0,,Unknown / not modeled
SAF509,SAFOJ,FIRE,F1,509,509,,,0,,Unknown / not modeled
SAF510,SAFOJ,FIRE,F1,510,510,,,0,,Unknown / not modeled
SAF513,SAFOJ,FIRE,F1,513,513,,,0,,Unknown / not modeled
SAF591,SAFOJ,FIRE,F1,500,500,,,0,,Unknown / not modeled
SAF601,SAFOJ,FIRE,F1,622,622,,,0,,Unknown / not modeled
SAF601B,SAFOJ,FIRE,F1,622,622,,,0,,Unknown / not modeled
SAF602,SAFOJ,FIRE,F1,602,602,,,0,,Unknown / not modeled
SAF602B,SAFOJ,FIRE,F1,602,602,,,0,,Unknown / not modeled
SAF603,SAFOJ,FIRE,F1,603,603,,,0,,Unknown / not modeled
SAF603B,SAFOJ,FIRE,F1,603,603,,,0,,Unknown / not modeled
SAF671,SAFOJ,FIRE,F1,600,600,,,0,,Unknown / not modeled
SAF800,SAFOJ,FIRE,F1,800,800,,,0,,Unknown / not modeled
SAF800B,SAFOJ,FIRE,F1,800,800,,,0,,Unknown / not modeled
SAF900,ADM,FIRE,F1,900,900,,,0,,Unknown / not modeled
SAF900B,ADM,FIRE,F1,900,900,,,0,,Unknown / not modeled
SAF901,SAF,FIRE,F1,900,900,,,0,,Unknown / not modeled
SAFAIDE,SAFOJ,FIRE,F1,601,601,,,0,,Unknown / not modeled
SAFAIDE,SAFOJ,FIRE,F1,602,602,,,0,,Unknown / not modeled
SAFAIDE,SAFOJ,FIRE,F1,603,603,,,0,,Unknown / not modeled
SAFBC900,SAFOJ,FIRE,F1,900,900,,,0,,Unknown / not modeled
SAFO,SAF,FIRE,F1,432,432,,,0,,Unknown / not modeled
SBO800,ADM,FIRE,F1,800,800,,,0,,Unknown / not modeled
SC800,ADM,FIRE,F1,800,800,,,0,,Unknown / not modeled
SD800,ADM,FIRE,F1,800,800,,,0,,Unknown / not modeled
SDA800,ADM,FIRE,F1,800,800,,,0,,Unknown / not modeled
SEMS800,ADM,FIRE,F1,800,800,,,0,,Unknown / not modeled
SH210,SHU,FIRE,F1,210,210,,,0,,Unknown / not modeled
SHC800,ADM,FIRE,F1,800,800,,,0,,Unknown / not modeled
SHELTER,ADM,FIRE,F1,600,600,,,0,,Unknown / not modeled
SHRU209,SHU,FIRE,F1,209,209,,,0,,Unknown / not modeled
SHRU424,SHU,FIRE,F1,424,424,,,0,,Unknown / not modeled
SHRU431,SHU,FIRE,F1,431,431,,,0,,Unknown / not modeled
SHRU436,SHU,FIRE,F1,436,436,,,0,,Unknown / not modeled
SHRU437,SHU,FIRE,F1,437,437,,,0,,Unknown / not modeled
SHRU440,SHU,FIRE,F1,440,440,,,0,,Unknown / not modeled
SHU424,SHU,FIRE,F1,424,424,,,0,,Unknown / not modeled
SHU431,SHU,FIRE,F1,431,431,,,0,,Unknown / not modeled
SHU436,SHU,FIRE,F1,436,436,,,0,,Unknown / not modeled
SHU437,SHU,FIRE,F1,437,437,,,0,,Unknown / not modeled
SHU440,SHU,FIRE,F1,440,440,,,0,,Unknown / not modeled
SO100,ADM,FIRE,F1,100,100,,,0,,Unknown / not modeled
SO302,F,FIRE,F1,302,302,,,0,,Unknown / not modeled
SO617,ADM,FIRE,F1,617,617,,,0,,Unknown / not modeled
SOBC900,ACOJ,FIRE,F1,900,900,,,0,,Unknown / not modeled
SOBO800,ADM,FIRE,F1,800,800,,,0,,Unknown / not modeled
SPO501,ADM,FIRE,F1,501,501,,,0,,Unknown / not modeled
SRT352,SRV,FIRE,F1,304,304,,,0,,Unknown / not modeled
SRV401,SRV,FIRE,F1,HQ,LDC,,,0,,Unknown / not modeled
SRV402,SRV,FIRE,F1,HQ,LDC,,,0,,Unknown / not modeled
SRV403,SRV,FIRE,F1,HQ,LDC,,,0,,Unknown / not modeled
SRV404,SRV,FIRE,F1,HQ,LDC,,,0,,Unknown / not modeled
SRV405,SRV,FIRE,F1,HQ,LDC,,,0,,Unknown / not modeled
SRV406,SRV,FIRE,F1,HQ,LDC,,,0,,Unknown / not modeled
SRV407,SRV,FIRE,F1,HQ,LDC,,,0,,Unknown / not modeled
SRV408,SRV,FIRE,F1,HQ,LDC,,,0,,Unknown / not modeled
SRV409,SRV,FIRE,F1,HQ,LDC,,,0,,Unknown / not modeled
SU201,ADM,FIRE,F1,201,201,,,0,,Unknown / not modeled
SU202,ADM,FIRE,F1,202,202,,,0,,Unknown / not modeled
SU203,ADM,FIRE,F1,203,203,,,0,,Unknown / not modeled
SU204,ADM,FIRE,F1,204,204,,,0,,Unknown / not modeled
SU205,ADM,FIRE,F1,205,205,,,0,,Unknown / not modeled
SU206,ADM,FIRE,F1,206,206,,,0,,Unknown / not modeled
SU207,ADM,FIRE,F1,207,207,,,0,,Unknown / not modeled
SU208,ADM,FIRE,F1,208,208,,,0,,Unknown / not modeled
SU209,ADM,FIRE,F1,209,209,,,0,,Unknown / not modeled
SU210,ADM,FIRE,F1,210,210,,,0,,Unknown / not modeled
SU609,ADM,FIRE,F1,609,609,,,0,,Unknown / not modeled
SU609B,ADM,FIRE,F1,609,609,,,0,,Unknown / not modeled
SU703,ADM,FIRE,F1,703,703,,,0,,Unknown / not modeled
SU725,ADM,FIRE,F1,725,725,,,0,,Unknown / not modeled
SU729,ADM,FIRE,F1,729,729,,,0,,Unknown / not modeled
SU731,ADM,FIRE,F1,731,731,,,0,,Unknown / not modeled
SU909,ADM,FIRE,F1,900,900,,,0,,Unknown / not modeled
SU913,ADM,FIRE,F1,900,900,,,0,,Unknown / not modeled
SU951,ADM,FIRE,F1,900,900,,,0,,Unknown / not modeled
SV502,ADM,FIRE,F1,502,502,,,0,,Unknown / not modeled
SV503,ADM,FIRE,F1,503,503,,,0,,Unknown / not modeled
SV506,ADM,FIRE,F1,506,506,,,0,,Unknown / not modeled
SV507,ADM,FIRE,F1,507,507,,,0,,Unknown / not modeled
SV508,ADM,FIRE,F1,508,508,,,0,,Unknown / not modeled
SV511,ADM,FIRE,F1,511,511,,,0,,Unknown / not modeled
SV512,ADM,FIRE,F1,512,512,,,0,,Unknown / not modeled
SV515,ADM,FIRE,F1,515,515,,,0,,Unknown / not modeled
SV517,ADM,FIRE,F1,517,517,,,0,,Unknown / not modeled
SV518,ADM,FIRE,F1,518,518,,,0,,Unknown / not modeled
SV519,ADM,FIRE,F1,519,519,,,0,,Unknown / not modeled
SV524,ADM,FIRE,F1,524,524,,,0,,Unknown / not modeled
SV525,ADM,FIRE,F1,525,525,,,0,,Unknown / not modeled
SV591,ADM,FIRE,F1,519,519,,,0,,Unknown / not modeled
SV602,ADM,FIRE,F1,602,602,,,0,,Unknown / not modeled
SV604,ADM,FIRE,F1,604,604,,,0,,Unknown / not modeled
SV606,ADM,FIRE,F1,606,606,,,0,,Unknown / not modeled
SV608,ADM,FIRE,F1,608,608,,,0,,Unknown / not modeled
SV609,ADM,FIRE,F1,609,609,,,0,,Unknown / not modeled
SV611,ADM,FIRE,F1,611,611,,,0,,Unknown / not modeled
SV613,ADM,FIRE,F1,613,613,,,0,,Unknown / not modeled
SV615,ADM,FIRE,F1,615,615,,,0,,Unknown / not modeled
SV617,ADM,FIRE,F1,617,617,,,0,,Unknown / not modeled
SV618,ADM,FIRE,F1,618,618,,,0,,Unknown / not modeled
SV621,ADM,FIRE,F1,621,621,,,0,,Unknown / not modeled
SV625,ADM,FIRE,F1,625,625,,,0,,Unknown / not modeled
SV635,ADM,FIRE,F1,635,635,,,0,,Unknown / not modeled
SW100,SWOJ,FIRE,F1,100,100,,,0,,Unknown / not modeled
SW105,SWOJ,FIRE,F1,105,105,,,0,,Unknown / not modeled
SW204,SWOJ,FIRE,F1,204,204,,,0,,Unknown / not modeled
SW209,SWOJ,FIRE,F1,209,209,,,0,,Unknown / not modeled
SW210,SWOJ,FIRE,F1,210,210,,,0,,Unknown / not modeled
SW397,SWOJ,FIRE,F1,301,301,,,0,,Unknown / not modeled
SW401,SW,FIRE,F1,425,425,,,0,,Unknown / not modeled
SW401B,SW,FIRE,F1,425,425,,,0,,Unknown / not modeled
SW404,SW,FIRE,F1,418,418,,,0,,Unknown / not modeled
SW404B,SW,FIRE,F1,418,418,,,0,,Unknown / not modeled
SW405,SW,FIRE,F1,435,435,,,0,,Unknown / not modeled
SW405B,SW,FIRE,F1,435,435,,,0,,Unknown / not modeled
SW407,SW,FIRE,F1,407,407,,,0,,Unknown / not modeled
SW407B,SW,FIRE,F1,407,407,,,0,,Unknown / not modeled
SW409,SW,FIRE,F1,409,409,,,0,,Unknown / not modeled
SW410,SW,FIRE,F1,410,410,,,0,,Unknown / not modeled
SW410B,SW,FIRE,F1,410,410,,,0,,Unknown / not modeled
SW411,SW,FIRE,F1,411,411,,,0,,Unknown / not modeled
SW412,SW,FIRE,F1,412,412,,,0,,Unknown / not modeled
SW412B,SW,FIRE,F1,412,412,,,0,,Unknown / not modeled
SW412C,SW,FIRE,F1,412,412,,,0,,Unknown / not modeled
SW412D,SW,FIRE,F1,412,412,,,0,,Unknown / not modeled
SW414,SW,FIRE,F1,414,414,,,0,,Unknown / not modeled
SW414B,SW,FIRE,F1,414,414,,,0,,Unknown / not modeled
SW416,SW,FIRE,F1,416,416,,,0,,Unknown / not modeled
SW416B,SW,FIRE,F1,416,416,,,0,,Unknown / not modeled
SW418,SW,FIRE,F1,418,418,,,0,,Unknown / not modeled
SW420,SW,FIRE,F1,420,420,,,0,,Unknown / not modeled
SW420B,SW,FIRE,F1,420,420,,,0,,Unknown / not modeled
SW421,SW,FIRE,F1,421,421,,,0,,Unknown / not modeled
SW421B,SW,FIRE,F1,421,421,,,0,,Unknown / not modeled
SW430,SW,FIRE,F1,430,430,,,0,,Unknown / not modeled
SW432,SW,FIRE,F1,432,432,,,0,,Unknown / not modeled
SW432B,SW,FIRE,F1,432,432,,,0,,Unknown / not modeled
SW433,SW,FIRE,F1,433,433,,,0,,Unknown / not modeled
SW433B,SW,FIRE,F1,433,433,,,0,,Unknown / not modeled
SW439,SW,FIRE,F1,439,439,,,0,,Unknown / not modeled
SW439B,SW,FIRE,F1,439,439,,,0,,Unknown / not modeled
SW440,SW,FIRE,F1,440,440,,,0,,Unknown / not modeled
SW441,SW,FIRE,F1,441,441,,,0,,Unknown / not modeled
SW504,SWOJ,FIRE,F1,504,504,,,0,,Unknown / not modeled
SW507,SWOJ,FIRE,F1,507,507,,,0,,Unknown / not modeled
SW507B,SWOJ,FIRE,F1,507,507,,,0,,Unknown / not modeled
SW510,SWOJ,FIRE,F1,510,510,,,0,,Unknown / not modeled
SW517,SWOJ,FIRE,F1,517,517,,,0,,Unknown / not modeled
SW522,SWOJ,FIRE,F1,522,522,,,0,,Unknown / not modeled
SW523,SWOJ,FIRE,F1,523,523,,,0,,Unknown / not modeled
SW524,SWOJ,FIRE,F1,524,524,,,0,,Unknown / not modeled
SW524B,SWOJ,FIRE,F1,524,524,,,0,,Unknown / not modeled
SW607,SWOJ,FIRE,F1,607,607,,,0,,Unknown / not modeled
SW610,SWOJ,FIRE,F1,610,610,,,0,,Unknown / not modeled
SW610B,SWOJ,FIRE,F1,610,610,,,0,,Unknown / not modeled
SW620,SWOJ,FIRE,F1,620,620,,,0,,Unknown / not modeled
SW623,SWOJ,FIRE,F1,623,623,,,0,,Unknown / not modeled
SW635,SWOJ,FIRE,F1,635,635,,,0,,Unknown / not modeled
SW680,SWOJ,FIRE,F1,699,699,,,0,,Unknown / not modeled
SW681,SWOJ,FIRE,F1,699,699,,,0,,Unknown / not modeled
SW682,SWOJ,FIRE,F1,699,699,,,0,,Unknown / not modeled
SW683,SWOJ,FIRE,F1,699,699,,,0,,Unknown / not modeled
SW710,SWOJ,FIRE,F1,710,710,,,0,,Unknown / not modeled
SW710B,SWOJ,FIRE,F1,710,710,,,0,,Unknown / not modeled
SW714,SWOJ,FIRE,F1,714,714,,,0,,Unknown / not modeled
SW725,SWOJ,FIRE,F1,725,725,,,0,,Unknown / not modeled
SW729,SWOJ,FIRE,F1,729,729,,,0,,Unknown / not modeled
SW730,SWOJ,FIRE,F1,730,730,,,0,,Unknown / not modeled
SW730B,SWOJ,FIRE,F1,730,730,,,0,,Unknown / not modeled
SW731,SWOJ,FIRE,F1,731,731,,,0,,Unknown / not modeled
SW806,SWOJ,FIRE,F1,806,806,,,0,,Unknown / not modeled
SW825,SWOJ,FIRE,F1,825,825,,,0,,Unknown / not modeled
SW847,SWOJ,FIRE,F1,847,847,,,0,,Unknown / not modeled
SW849,SWOJ,FIRE,F1,849,847,,,0,,Unknown / not modeled
SW856,SWOJ,FIRE,F1,856,856,,,0,,Unknown / not modeled
SW857,SWOJ,FIRE,F1,857,857,,,0,,Unknown / not modeled
SWRT,BTI,FIRE,F1,412,412,,,0,,Unknown / not modeled
SWS825,SWOJ,FIRE,F1,825,825,,,0,,Unknown / not modeled
T104,T,FIRE,F1,104,104,,,0,,Unknown / not modeled
T104B,T,FIRE,F1,104,104,,,0,,Unknown / not modeled
T104M,T,FIRE,F1,104,104,,,0,,Unknown / not modeled
T105,T,FIRE,F1,105,105,,,0,,Unknown / not modeled
T105B,T,FIRE,F1,105,105,,,0,,Unknown / not modeled
T105M,T,FIRE,F1,105,105,,,0,,Unknown / not modeled
T106,T,FIRE,F1,106,106,,,0,,Unknown / not modeled
T106B,T,FIRE,F1,106,106,,,0,,Unknown / not modeled
T106M,T,FIRE,F1,106,106,,,0,,Unknown / not modeled
T109,T,FIRE,F1,109,109,,,0,,Unknown / not modeled
T201,T,FIRE,F1,201,201,,,0,,Unknown / not modeled
T201B,T,FIRE,F1,201,201,,,0,,Unknown / not modeled
T201M,T,FIRE,F1,201,201,,,0,,Unknown / not modeled
T202,T,FIRE,F1,202,202,,,0,,Unknown / not modeled
T202B,T,FIRE,F1,202,202,,,0,,Unknown / not modeled
T202M,T,FIRE,F1,202,202,,,0,,Unknown / not modeled
T203,T,FIRE,F1,203,203,,,0,,Unknown / not modeled
T203B,T,FIRE,F1,203,203,,,0,,Unknown / not modeled
T203M,T,FIRE,F1,203,203,,,0,,Unknown / not modeled
T204,T,FIRE,F1,204,204,,,0,,Unknown / not modeled
T204B,T,FIRE,F1,204,204,,,0,,Unknown / not modeled
T204M,T,FIRE,F1,204,204,,,0,,Unknown / not modeled
T205,T,FIRE,F1,205,205,,,0,,Unknown / not modeled
T205B,T,FIRE,F1,205,205,,,0,,Unknown / not modeled
T205M,T,FIRE,F1,205,205,,,0,,Unknown / not modeled
T205P,T,FIRE,F1,205,205,,,0,,Unknown / not modeled
T206,T,FIRE,F1,206,206,,,0,,Unknown / not modeled
T206B,T,FIRE,F1,206,206,,,0,,Unknown / not modeled
T206M,T,FIRE,F1,206,206,,,0,,Unknown / not modeled
T207,T,FIRE,F1,207,207,,,0,,Unknown / not modeled
T207B,T,FIRE,F1,207,207,,,0,,Unknown / not modeled
T207M,T,FIRE,F1,207,207,,,0,,Unknown / not modeled
T208,T,FIRE,F1,208,208,,,0,,Unknown / not modeled
T208B,T,FIRE,F1,208,208,,,0,,Unknown / not modeled
T208M,T,FIRE,F1,208,208,,,0,,Unknown / not modeled
T209,T,FIRE,F1,209,209,,,0,,Unknown / not modeled
T209B,T,FIRE,F1,209,209,,,0,,Unknown / not modeled
T209M,T,FIRE,F1,209,209,,,0,,Unknown / not modeled
T210,T,FIRE,F1,210,210,,,0,,Unknown / not modeled
T210B,T,FIRE,F1,210,210,,,0,,Unknown / not modeled
T210M,T,FIRE,F1,210,210,,,0,,Unknown / not modeled
T338,T,FIRE,F1,303,303,,,0,,Unknown / not modeled
T401,T,FIRE,F1,401,401,T401M,TRUCK; HEAVY; BALLISTIC; EXTRICATION,0,,User-provided Fairfax/City aerial family rule
T401B,T,FIRE,F1,401,401,T401BM,TRUCK; HEAVY; BALLISTIC; EXTRICATION,0,,User-provided Fairfax/City aerial family rule
T401BM,T,FIRE,F1,401,401,T401B,TRUCK; HEAVY; BALLISTIC; EXTRICATION; ALS FIRST RESP,1,AFR1 or AFR2,User-provided Fairfax/City aerial family rule
T401M,T,FIRE,F1,401,401,T401,TRUCK; HEAVY; BALLISTIC; EXTRICATION; ALS FIRST RESP,1,AFR1 or AFR2,User-provided Fairfax/City aerial family rule
T403,T,FIRE,F1,403,403,T403M,TRUCK; HEAVY; BALLISTIC; EXTRICATION,0,,User-provided Fairfax/City aerial family rule
T403B,T,FIRE,F1,403,403,T403BM,TRUCK; HEAVY; BALLISTIC; EXTRICATION,0,,User-provided Fairfax/City aerial family rule
T403BM,T,FIRE,F1,403,403,T403B,TRUCK; HEAVY; BALLISTIC; EXTRICATION; ALS FIRST RESP,1,AFR1 or AFR2,User-provided Fairfax/City aerial family rule
T403M,T,FIRE,F1,403,403,T403,TRUCK; HEAVY; BALLISTIC; EXTRICATION; ALS FIRST RESP,1,AFR1 or AFR2,User-provided Fairfax/City aerial family rule
T405,T,FIRE,F1,405,405,T405M,TRUCK; HEAVY; BALLISTIC; EXTRICATION,0,,User-provided Fairfax/City aerial family rule
T405B,T,FIRE,F1,405,405,T405BM,TRUCK; HEAVY; BALLISTIC; EXTRICATION,0,,User-provided Fairfax/City aerial family rule
T405BM,T,FIRE,F1,405,405,T405B,TRUCK; HEAVY; BALLISTIC; EXTRICATION; ALS FIRST RESP,1,AFR1 or AFR2,User-provided Fairfax/City aerial family rule
T405M,T,FIRE,F1,405,405,T405,TRUCK; HEAVY; BALLISTIC; EXTRICATION; ALS FIRST RESP,1,AFR1 or AFR2,User-provided Fairfax/City aerial family rule
T407,T,FIRE,F1,407,407,T407M,TRUCK; HEAVY; BALLISTIC; EXTRICATION,0,,User-provided Fairfax/City aerial family rule
T407B,T,FIRE,F1,407,407,,TRUCK; HEAVY; BALLISTIC; EXTRICATION,0,,User-provided Fairfax/City aerial family rule
T407M,T,FIRE,F1,407,407,T407,TRUCK; HEAVY; BALLISTIC; EXTRICATION; ALS FIRST RESP,1,AFR1 or AFR2,User-provided Fairfax/City aerial family rule
T407MB,T,FIRE,F1,407,407,,TRUCK; HEAVY; BALLISTIC; EXTRICATION,0,,User-provided Fairfax/City aerial family rule
T408,T,FIRE,F1,408,408,T408M,TRUCK; HEAVY; BALLISTIC; EXTRICATION,0,,User-provided Fairfax/City aerial family rule
T408B,T,FIRE,F1,408,408,T408BM,TRUCK; HEAVY; BALLISTIC; EXTRICATION,0,,User-provided Fairfax/City aerial family rule
T408BM,T,FIRE,F1,408,408,T408B,TRUCK; HEAVY; BALLISTIC; EXTRICATION; ALS FIRST RESP,1,AFR1 or AFR2,User-provided Fairfax/City aerial family rule
T408M,T,FIRE,F1,408,408,T408,TRUCK; HEAVY; BALLISTIC; EXTRICATION; ALS FIRST RESP,1,AFR1 or AFR2,User-provided Fairfax/City aerial family rule
T409,T,FIRE,F1,409,409,T409M,TRUCK; HEAVY; BALLISTIC; EXTRICATION,0,,User-provided Fairfax/City aerial family rule
T409B,T,FIRE,F1,409,409,,TRUCK; HEAVY; BALLISTIC; EXTRICATION,0,,User-provided Fairfax/City aerial family rule
T409M,T,FIRE,F1,409,409,T409,TRUCK; HEAVY; BALLISTIC; EXTRICATION; ALS FIRST RESP,1,AFR1 or AFR2,User-provided Fairfax/City aerial family rule
T409MB,T,FIRE,F1,409,409,,TRUCK; HEAVY; BALLISTIC; EXTRICATION,0,,User-provided Fairfax/City aerial family rule
T410,T,FIRE,F1,410,410,T410M,TRUCK; HEAVY; BALLISTIC; EXTRICATION,0,,User-provided Fairfax/City aerial family rule
T410B,T,FIRE,F1,410,410,T410BM,TRUCK; HEAVY; BALLISTIC; EXTRICATION,0,,User-provided Fairfax/City aerial family rule
T410BM,T,FIRE,F1,410,410,T410B,TRUCK; HEAVY; BALLISTIC; EXTRICATION; ALS FIRST RESP,1,AFR1 or AFR2,User-provided Fairfax/City aerial family rule
T410M,T,FIRE,F1,410,410,T410,TRUCK; HEAVY; BALLISTIC; EXTRICATION; ALS FIRST RESP,1,AFR1 or AFR2,User-provided Fairfax/City aerial family rule
T411,T,FIRE,F1,411,411,T411M,TRUCK; HEAVY; BALLISTIC; EXTRICATION,0,,User-provided Fairfax/City aerial family rule
T411B,T,FIRE,F1,411,411,T411BM,TRUCK; HEAVY; BALLISTIC; EXTRICATION,0,,User-provided Fairfax/City aerial family rule
T411BM,T,FIRE,F1,411,411,T411B,TRUCK; HEAVY; BALLISTIC; EXTRICATION; ALS FIRST RESP,1,AFR1 or AFR2,User-provided Fairfax/City aerial family rule
T411M,T,FIRE,F1,411,411,T411,TRUCK; HEAVY; BALLISTIC; EXTRICATION; ALS FIRST RESP,1,AFR1 or AFR2,User-provided Fairfax/City aerial family rule
T422,T,FIRE,F1,422,422,T422M,TRUCK; HEAVY; BALLISTIC; EXTRICATION,0,,User-provided Fairfax/City aerial family rule
T422B,T,FIRE,F1,422,422,,TRUCK; HEAVY; BALLISTIC; EXTRICATION,0,,User-provided Fairfax/City aerial family rule
T422M,T,FIRE,F1,422,422,T422,TRUCK; HEAVY; BALLISTIC; EXTRICATION; ALS FIRST RESP,1,AFR1 or AFR2,User-provided Fairfax/City aerial family rule
T424,T,FIRE,F1,424,424,T424M,TRUCK; HEAVY; BALLISTIC; EXTRICATION,0,,User-provided Fairfax/City aerial family rule
T424B,T,FIRE,F1,424,424,T424BM,TRUCK; HEAVY; BALLISTIC; EXTRICATION,0,,User-provided Fairfax/City aerial family rule
T424BM,T,FIRE,F1,424,424,T424B,TRUCK; HEAVY; BALLISTIC; EXTRICATION; ALS FIRST RESP,1,AFR1 or AFR2,User-provided Fairfax/City aerial family rule
T424M,T,FIRE,F1,424,424,T424,TRUCK; HEAVY; BALLISTIC; EXTRICATION; ALS FIRST RESP,1,AFR1 or AFR2,User-provided Fairfax/City aerial family rule
T425,T,FIRE,F1,425,425,T425M,TRUCK; HEAVY; BALLISTIC; EXTRICATION,0,,User-provided Fairfax/City aerial family rule
T425B,T,FIRE,F1,425,425,T425BM,TRUCK; HEAVY; BALLISTIC; EXTRICATION,0,,User-provided Fairfax/City aerial family rule
T425BM,T,FIRE,F1,425,425,T425B,TRUCK; HEAVY; BALLISTIC; EXTRICATION; ALS FIRST RESP,1,AFR1 or AFR2,User-provided Fairfax/City aerial family rule
T425M,T,FIRE,F1,425,425,T425,TRUCK; HEAVY; BALLISTIC; EXTRICATION; ALS FIRST RESP,1,AFR1 or AFR2,User-provided Fairfax/City aerial family rule
T427,T,FIRE,F1,427,427,T427M,TRUCK; HEAVY; BALLISTIC; EXTRICATION,0,,User-provided Fairfax/City aerial family rule
T427B,T,FIRE,F1,427,427,,TRUCK; HEAVY; BALLISTIC; EXTRICATION,0,,User-provided Fairfax/City aerial family rule
T427M,T,FIRE,F1,427,427,T427,TRUCK; HEAVY; BALLISTIC; EXTRICATION; ALS FIRST RESP,1,AFR1 or AFR2,User-provided Fairfax/City aerial family rule
T427MB,T,FIRE,F1,427,427,,TRUCK; HEAVY; BALLISTIC; EXTRICATION,0,,User-provided Fairfax/City aerial family rule
T429,T,FIRE,F1,429,429,T429M,TRUCK; HEAVY; BALLISTIC; EXTRICATION,0,,User-provided Fairfax/City aerial family rule
T429B,T,FIRE,F1,429,429,T429BM,TRUCK; HEAVY; BALLISTIC; EXTRICATION,0,,User-provided Fairfax/City aerial family rule
T429BM,T,FIRE,F1,429,429,T429B,TRUCK; HEAVY; BALLISTIC; EXTRICATION; ALS FIRST RESP,1,AFR1 or AFR2,User-provided Fairfax/City aerial family rule
T429M,T,FIRE,F1,429,429,T429,TRUCK; HEAVY; BALLISTIC; EXTRICATION; ALS FIRST RESP,1,AFR1 or AFR2,User-provided Fairfax/City aerial family rule
T430,T,FIRE,F1,430,430,T430M,TRUCK; HEAVY; BALLISTIC; EXTRICATION,0,,User-provided Fairfax/City aerial family rule
T430B,T,FIRE,F1,430,430,T430BM,TRUCK; HEAVY; BALLISTIC; EXTRICATION,0,,User-provided Fairfax/City aerial family rule
T430BM,T,FIRE,F1,430,430,T430B,TRUCK; HEAVY; BALLISTIC; EXTRICATION; ALS FIRST RESP,1,AFR1 or AFR2,User-provided Fairfax/City aerial family rule
T430M,T,FIRE,F1,430,430,T430,TRUCK; HEAVY; BALLISTIC; EXTRICATION; ALS FIRST RESP,1,AFR1 or AFR2,User-provided Fairfax/City aerial family rule
T436,T,FIRE,F1,436,436,T436M,TRUCK; HEAVY; BALLISTIC; EXTRICATION,0,,User-provided Fairfax/City aerial family rule
T436B,T,FIRE,F1,436,436,T436BM,TRUCK; HEAVY; BALLISTIC; EXTRICATION,0,,User-provided Fairfax/City aerial family rule
T436BM,T,FIRE,F1,436,436,T436B,TRUCK; HEAVY; BALLISTIC; EXTRICATION; ALS FIRST RESP,1,AFR1 or AFR2,User-provided Fairfax/City aerial family rule
T436M,T,FIRE,F1,436,436,T436,TRUCK; HEAVY; BALLISTIC; EXTRICATION; ALS FIRST RESP,1,AFR1 or AFR2,User-provided Fairfax/City aerial family rule
T438,T,FIRE,F1,438,438,T438M,TRUCK; HEAVY; BALLISTIC; EXTRICATION,0,,User-provided Fairfax/City aerial family rule
T438B,T,FIRE,F1,438,438,T438BM,TRUCK; HEAVY; BALLISTIC; EXTRICATION,0,,User-provided Fairfax/City aerial family rule
T438BM,T,FIRE,F1,438,438,T438B,TRUCK; HEAVY; BALLISTIC; EXTRICATION; ALS FIRST RESP,1,AFR1 or AFR2,User-provided Fairfax/City aerial family rule
T438M,T,FIRE,F1,438,438,T438,TRUCK; HEAVY; BALLISTIC; EXTRICATION; ALS FIRST RESP,1,AFR1 or AFR2,User-provided Fairfax/City aerial family rule
T440,T,FIRE,F1,440,440,T440M,TRUCK; HEAVY; BALLISTIC; EXTRICATION,0,,User-provided Fairfax/City aerial family rule
T440B,T,FIRE,F1,440,440,T440BM,TRUCK; HEAVY; BALLISTIC; EXTRICATION,0,,User-provided Fairfax/City aerial family rule
T440BM,T,FIRE,F1,440,440,T440B,TRUCK; HEAVY; BALLISTIC; EXTRICATION; ALS FIRST RESP,1,AFR1 or AFR2,User-provided Fairfax/City aerial family rule
T440M,T,FIRE,F1,440,440,T440,TRUCK; HEAVY; BALLISTIC; EXTRICATION; ALS FIRST RESP,1,AFR1 or AFR2,User-provided Fairfax/City aerial family rule
T441,T,FIRE,F1,441,441,T441M,TRUCK; HEAVY; BALLISTIC; EXTRICATION,0,,User-provided Fairfax/City aerial family rule
T441B,T,FIRE,F1,441,441,T441BM,TRUCK; HEAVY; BALLISTIC; EXTRICATION,0,,User-provided Fairfax/City aerial family rule
T441BM,T,FIRE,F1,441,441,T441B,TRUCK; HEAVY; BALLISTIC; EXTRICATION; ALS FIRST RESP,1,AFR1 or AFR2,User-provided Fairfax/City aerial family rule
T441M,T,FIRE,F1,441,441,T441,TRUCK; HEAVY; BALLISTIC; EXTRICATION; ALS FIRST RESP,1,AFR1 or AFR2,User-provided Fairfax/City aerial family rule
T442,T,FIRE,F1,442,442,,TRUCK; HEAVY; BALLISTIC; EXTRICATION,0,,User-provided Fairfax/City aerial family rule
T444M,TLNR,FIRE,F1,445,445,,,0,,Unknown / not modeled
T463,T,FIRE,F1,463,463,T463M,TRUCK; HEAVY; BALLISTIC; EXTRICATION,0,,User-provided Fairfax/City aerial family rule
T463B,T,FIRE,F1,463,463,,TRUCK; HEAVY; BALLISTIC; EXTRICATION,0,,User-provided Fairfax/City aerial family rule
T463M,T,FIRE,F1,463,463,T463,TRUCK; HEAVY; BALLISTIC; EXTRICATION; ALS FIRST RESP,1,AFR1 or AFR2,User-provided Fairfax/City aerial family rule
T464,T,FIRE,F1,464,464,T464M,TRUCK; HEAVY; BALLISTIC; EXTRICATION,0,,User-provided Fairfax/City aerial family rule
T464B,T,FIRE,F1,464,464,,TRUCK; HEAVY; BALLISTIC; EXTRICATION,0,,User-provided Fairfax/City aerial family rule
T464M,T,FIRE,F1,464,464,T464,TRUCK; HEAVY; BALLISTIC; EXTRICATION; ALS FIRST RESP,1,AFR1 or AFR2,User-provided Fairfax/City aerial family rule
T466,T,FIRE,F1,466,466,T466M,TRUCK; HEAVY; BALLISTIC; EXTRICATION,0,,User-provided Fairfax/City aerial family rule
T466B,T,FIRE,F1,466,466,,TRUCK; HEAVY; BALLISTIC; EXTRICATION,0,,User-provided Fairfax/City aerial family rule
T466M,T,FIRE,F1,466,466,T466,TRUCK; HEAVY; BALLISTIC; EXTRICATION; ALS FIRST RESP,1,AFR1 or AFR2,User-provided Fairfax/City aerial family rule
T480,TRNGT,FIRE,F1,445,445,,,0,,Unknown / not modeled
T481,TRNGT,FIRE,F1,445,445,,,0,,Unknown / not modeled
T486,TRNGT,FIRE,F1,445,445,,,0,,Unknown / not modeled
T488,TRNGT,FIRE,F1,445,445,,,0,,Unknown / not modeled
T491,TRNGT,FIRE,F1,445,445,,,0,,Unknown / not modeled
T492,TRNGT,FIRE,F1,445,445,,,0,,Unknown / not modeled
T493,TRNGT,FIRE,F1,445,445,,,0,,Unknown / not modeled
T501,T,FIRE,F1,501,501,,,0,,Unknown / not modeled
T501M,T,FIRE,F1,501,501,,,0,,Unknown / not modeled
T501P,T,FIRE,F1,501,501,,,0,,Unknown / not modeled
T503,T,FIRE,F1,503,503,,,0,,Unknown / not modeled
T504,T,FIRE,F1,504,504,,,0,,Unknown / not modeled
T504M,T,FIRE,F1,504,504,,,0,,Unknown / not modeled
T504P,T,FIRE,F1,504,504,,,0,,Unknown / not modeled
T511,T,FIRE,F1,511,511,,,0,,Unknown / not modeled
T511F,T,FIRE,F1,511,511,,,0,,Unknown / not modeled
T511M,T,FIRE,F1,511,511,,,0,,Unknown / not modeled
T511P,T,FIRE,F1,511,511,,,0,,Unknown / not modeled
T512,T,FIRE,F1,512,512,,,0,,Unknown / not modeled
T512F,T,FIRE,F1,512,512,,,0,,Unknown / not modeled
T512M,T,FIRE,F1,512,512,,,0,,Unknown / not modeled
T512P,T,FIRE,F1,512,512,,,0,,Unknown / not modeled
T513,T,FIRE,F1,513,513,,,0,,Unknown / not modeled
T513F,T,FIRE,F1,513,513,,,0,,Unknown / not modeled
T513M,T,FIRE,F1,513,513,,,0,,Unknown / not modeled
T514,T,FIRE,F1,514,514,,,0,,Unknown / not modeled
T514F,T,FIRE,F1,514,514,,,0,,Unknown / not modeled
T519,T,FIRE,F1,519,519,,,0,,Unknown / not modeled
T520,T,FIRE,F1,520,520,,,0,,Unknown / not modeled
T520M,T,FIRE,F1,520,520,,,0,,Unknown / not modeled
T520P,T,FIRE,F1,520,520,,,0,,Unknown / not modeled
T523,T,FIRE,F1,523,523,,,0,,Unknown / not modeled
T523M,T,FIRE,F1,523,523,,,0,,Unknown / not modeled
T523P,T,FIRE,F1,523,523,,,0,,Unknown / not modeled
T524,T,FIRE,F1,524,524,,,0,,Unknown / not modeled
T525,T,FIRE,F1,525,525,,,0,,Unknown / not modeled
T525F,T,FIRE,F1,525,525,,,0,,Unknown / not modeled
T525M,T,FIRE,F1,525,525,,,0,,Unknown / not modeled
T525P,T,FIRE,F1,525,525,,,0,,Unknown / not modeled
T601,T,FIRE,F1,601,601,,,0,,Unknown / not modeled
T602,T,FIRE,F1,602,602,,,0,,Unknown / not modeled
T606,T,FIRE,F1,606,606,,,0,,Unknown / not modeled
T606B,T,FIRE,F1,606,606,,,0,,Unknown / not modeled
T611,T,FIRE,F1,611,611,,,0,,Unknown / not modeled
T618,T,FIRE,F1,618,618,,,0,,Unknown / not modeled
T619,T,FIRE,F1,619,619,,,0,,Unknown / not modeled
T620,T,FIRE,F1,620,620,,,0,,Unknown / not modeled
T621,T,FIRE,F1,621,621,,,0,,Unknown / not modeled
T680,TL,FIRE,F1,600,600,,,0,,Unknown / not modeled
T690,T,FIRE,F1,600,600,,,0,,Unknown / not modeled
T703,T,FIRE,F1,703,703,,,0,,Unknown / not modeled
T705,T,FIRE,F1,705,705,,,0,,Unknown / not modeled
T706,T,FIRE,F1,706,706,,,0,,Unknown / not modeled
T708,T,FIRE,F1,708,708,,,0,,Unknown / not modeled
T710,T,FIRE,F1,710,710,,,0,,Unknown / not modeled
T711,T,FIRE,F1,711,711,,,0,,Unknown / not modeled
T712,T,FIRE,F1,712,712,,,0,,Unknown / not modeled
T715,T,FIRE,F1,715,715,,,0,,Unknown / not modeled
T716,T,FIRE,F1,716,716,,,0,,Unknown / not modeled
T718,T,FIRE,F1,718,718,,,0,,Unknown / not modeled
T719,T,FIRE,F1,719,719,,,0,,Unknown / not modeled
T723,T,FIRE,F1,723,723,,,0,,Unknown / not modeled
T724,T,FIRE,F1,724,724,,,0,,Unknown / not modeled
T725,T,FIRE,F1,725,725,,,0,,Unknown / not modeled
T726,T,FIRE,F1,726,726,,,0,,Unknown / not modeled
T731,T,FIRE,F1,731,731,,,0,,Unknown / not modeled
T734,T,FIRE,F1,734,734,,,0,,Unknown / not modeled
T735,T,FIRE,F1,735,735,,,0,,Unknown / not modeled
T740,T,FIRE,F1,740,740,,,0,,Unknown / not modeled
T751,T,FIRE,F1,751,751,,,0,,Unknown / not modeled
T801,T,FIRE,F1,801,801,,,0,,Unknown / not modeled
T802M,T,FIRE,F1,802,802,,,0,,Unknown / not modeled
T802P,T,FIRE,F1,802,802,,,0,,Unknown / not modeled
T805,T,FIRE,F1,805,805,,,0,,Unknown / not modeled
T806,T,FIRE,F1,806,806,,,0,,Unknown / not modeled
T807,T,FIRE,F1,807,807,,,0,,Unknown / not modeled
T809,T,FIRE,F1,809,809,,,0,,Unknown / not modeled
T810,T,FIRE,F1,810,810,,,0,,Unknown / not modeled
T812,T,FIRE,F1,812,812,,,0,,Unknown / not modeled
T814,T,FIRE,F1,814,814,,,0,,Unknown / not modeled
T814B,T,FIRE,F1,814,814,,,0,,Unknown / not modeled
T816,T,FIRE,F1,816,816,,,0,,Unknown / not modeled
T818,T,FIRE,F1,818,818,,,0,,Unknown / not modeled
T819,T,FIRE,F1,819,819,,,0,,Unknown / not modeled
T820,T,FIRE,F1,820,820,,,0,,Unknown / not modeled
T820M,T,FIRE,F1,820,820,,,0,,Unknown / not modeled
T821,T,FIRE,F1,821,821,,,0,,Unknown / not modeled
T821B,T,FIRE,F1,821,821,,,0,,Unknown / not modeled
T821BM,T,FIRE,F1,821,821,,,0,,Unknown / not modeled
T821M,T,FIRE,F1,821,821,,,0,,Unknown / not modeled
T824,T,FIRE,F1,824,824,,,0,,Unknown / not modeled
T825,T,FIRE,F1,825,825,,,0,,Unknown / not modeled
T826,T,FIRE,F1,826,826,,,0,,Unknown / not modeled
T828,T,FIRE,F1,828,828,,,0,,Unknown / not modeled
T829,T,FIRE,F1,829,829,,,0,,Unknown / not modeled
T829M,T,FIRE,F1,829,829,,,0,,Unknown / not modeled
T831,T,FIRE,F1,831,831,,,0,,Unknown / not modeled
T831M,T,FIRE,F1,831,831,,,0,,Unknown / not modeled
T832,T,FIRE,F1,832,832,,,0,,Unknown / not modeled
T832M,T,FIRE,F1,832,832,,,0,,Unknown / not modeled
T833,T,FIRE,F1,833,833,,,0,,Unknown / not modeled
T834,T,FIRE,F1,834,834,,,0,,Unknown / not modeled
T834M,T,FIRE,F1,834,834,,,0,,Unknown / not modeled
T837,T,FIRE,F1,837,837,,,0,,Unknown / not modeled
T838,T,FIRE,F1,838,838,,,0,,Unknown / not modeled
T838B,T,FIRE,F1,838,838,,,0,,Unknown / not modeled
T838BM,T,FIRE,F1,838,838,,,0,,Unknown / not modeled
T838M,T,FIRE,F1,838,838,,,0,,Unknown / not modeled
T839,T,FIRE,F1,839,839,,,0,,Unknown / not modeled
T843,T,FIRE,F1,843,843,,,0,,Unknown / not modeled
T845,T,FIRE,F1,845,845,,,0,,Unknown / not modeled
T845M,T,FIRE,F1,845,845,,,0,,Unknown / not modeled
T855,T,FIRE,F1,855,855,,,0,,Unknown / not modeled
T905,T,FIRE,F1,900,900,,,0,,Unknown / not modeled
T950,T,FIRE,F1,900,900,,,0,,Unknown / not modeled
TAU302,ADM,FIRE,F1,301,300,,,0,,Unknown / not modeled
TAU302B,ADM,FIRE,F1,301,300,,,0,,Unknown / not modeled
TBO800,ADM,FIRE,F1,800,800,,,0,,Unknown / not modeled
TC800,ADM,FIRE,F1,800,800,,,0,,Unknown / not modeled
TEMS800,ADM,FIRE,F1,800,800,,,0,,Unknown / not modeled
TEMS801,ADM,FIRE,F1,800,800,,,0,,Unknown / not modeled
TEMS802,ADM,FIRE,F1,800,800,,,0,,Unknown / not modeled
TEMS803,ADM,FIRE,F1,800,800,,,0,,Unknown / not modeled
TEMS804,ADM,FIRE,F1,800,800,,,0,,Unknown / not modeled
TEMS805,ADM,FIRE,F1,800,800,,,0,,Unknown / not modeled
TEMS900,ADM,FIRE,F1,900,900,,,0,,Unknown / not modeled
TEMS900B,ADM,FIRE,F1,900,900,,,0,,Unknown / not modeled
TEST100,TESTF,FIRE,F1,100,100,,,0,,Unknown / not modeled
TEST101,TESTF,FIRE,F1,100,100,,,0,,Unknown / not modeled
TEST102,TESTF,FIRE,F1,100,100,,,0,,Unknown / not modeled
TEST103,TESTF,FIRE,F1,100,100,,,0,,Unknown / not modeled
TEST104,TESTF,FIRE,F1,100,100,,,0,,Unknown / not modeled
TEST105,TESTF,FIRE,F1,100,100,,,0,,Unknown / not modeled
TEST200,TESTF,FIRE,F1,200,200,,,0,,Unknown / not modeled
TEST201,TESTF,FIRE,F1,201,201,,,0,,Unknown / not modeled
TEST300,TESTF,FIRE,F1,300,300,,,0,,Unknown / not modeled
TEST400,TESTF,FIRE,F1,400,400,,,0,,Unknown / not modeled
TEST401,TESTF,FIRE,F1,400,400,,,0,,Unknown / not modeled
TEST402,TESTF,FIRE,F1,400,400,,,0,,Unknown / not modeled
TEST403,TESTF,FIRE,F1,400,400,,,0,,Unknown / not modeled
TEST404,TESTF,FIRE,F1,400,400,,,0,,Unknown / not modeled
TEST405,TESTF,FIRE,F1,400,400,,,0,,Unknown / not modeled
TEST500,TESTF,FIRE,F1,500,500,,,0,,Unknown / not modeled
TEST600,TESTF,FIRE,F1,600,600,,,0,,Unknown / not modeled
TEST700,TESTF,FIRE,F1,700,700,,,0,,Unknown / not modeled
TEST800,TESTF,FIRE,F1,800,800,,,0,,Unknown / not modeled
TESTF,ENR,FIRE,F1,421,421,,,0,,Unknown / not modeled
TESTF5,ENR,FIRE,F1,421,421,,,0,,Unknown / not modeled
TESTUNI,TESTF,FIRE,F1,699,699,,,0,,Unknown / not modeled
TL103,TL,FIRE,F1,103,103,,,0,,Unknown / not modeled
TL103M,TL,FIRE,F1,103,103,,,0,,Unknown / not modeled
TL104,TL,FIRE,F1,104,104,,,0,,Unknown / not modeled
TL104M,TL,FIRE,F1,104,104,,,0,,Unknown / not modeled
TL105,TL,FIRE,F1,105,105,,,0,,Unknown / not modeled
TL105M,TL,FIRE,F1,105,105,,,0,,Unknown / not modeled
TL106,TL,FIRE,F1,106,106,,,0,,Unknown / not modeled
TL106M,TL,FIRE,F1,106,106,,,0,,Unknown / not modeled
TL201,TL,FIRE,F1,201,201,,,0,,Unknown / not modeled
TL201M,TL,FIRE,F1,201,201,,,0,,Unknown / not modeled
TL202,TL,FIRE,F1,202,202,,,0,,Unknown / not modeled
TL202M,TL,FIRE,F1,202,202,,,0,,Unknown / not modeled
TL203,TL,FIRE,F1,203,203,,,0,,Unknown / not modeled
TL203M,TL,FIRE,F1,203,203,,,0,,Unknown / not modeled
TL204,TL,FIRE,F1,204,204,,,0,,Unknown / not modeled
TL204M,TL,FIRE,F1,204,204,,,0,,Unknown / not modeled
TL205,TL,FIRE,F1,205,205,,,0,,Unknown / not modeled
TL205M,TL,FIRE,F1,205,205,,,0,,Unknown / not modeled
TL206,TL,FIRE,F1,206,206,,,0,,Unknown / not modeled
TL206M,TL,FIRE,F1,206,206,,,0,,Unknown / not modeled
TL207,TL,FIRE,F1,207,207,,,0,,Unknown / not modeled
TL207M,TL,FIRE,F1,207,207,,,0,,Unknown / not modeled
TL208,TL,FIRE,F1,208,208,,,0,,Unknown / not modeled
TL208M,TL,FIRE,F1,208,208,,,0,,Unknown / not modeled
TL209,TL,FIRE,F1,209,209,,,0,,Unknown / not modeled
TL209M,TL,FIRE,F1,209,209,,,0,,Unknown / not modeled
TL210,TL,FIRE,F1,210,210,,,0,,Unknown / not modeled
TL210M,TL,FIRE,F1,210,210,,,0,,Unknown / not modeled
TL302,TL,FIRE,F1,302,302,,,0,,Unknown / not modeled
TL302M,TL,FIRE,F1,302,302,,,0,,Unknown / not modeled
TL401,TL,FIRE,F1,401,401,TL401M,TRUCK; HEAVY; BALLISTIC; EXTRICATION,0,,User-provided Fairfax/City aerial family rule
TL401B,TL,FIRE,F1,401,401,TL401BM,TRUCK; HEAVY; BALLISTIC; EXTRICATION,0,,User-provided Fairfax/City aerial family rule
TL401BM,TL,FIRE,F1,401,401,TL401B,TRUCK; HEAVY; BALLISTIC; EXTRICATION; ALS FIRST RESP,1,AFR1 or AFR2,User-provided Fairfax/City aerial family rule
TL401M,TL,FIRE,F1,401,401,TL401,TRUCK; HEAVY; BALLISTIC; EXTRICATION; ALS FIRST RESP,1,AFR1 or AFR2,User-provided Fairfax/City aerial family rule
TL403,TL,FIRE,F1,403,403,TL403M,TRUCK; HEAVY; BALLISTIC; EXTRICATION,0,,User-provided Fairfax/City aerial family rule
TL403B,TL,FIRE,F1,403,403,TL403BM,TRUCK; HEAVY; BALLISTIC; EXTRICATION,0,,User-provided Fairfax/City aerial family rule
TL403BM,TL,FIRE,F1,403,403,TL403B,TRUCK; HEAVY; BALLISTIC; EXTRICATION; ALS FIRST RESP,1,AFR1 or AFR2,User-provided Fairfax/City aerial family rule
TL403M,TL,FIRE,F1,403,403,TL403,TRUCK; HEAVY; BALLISTIC; EXTRICATION; ALS FIRST RESP,1,AFR1 or AFR2,User-provided Fairfax/City aerial family rule
TL405,TL,FIRE,F1,405,405,TL405M,TRUCK; HEAVY; BALLISTIC; EXTRICATION,0,,User-provided Fairfax/City aerial family rule
TL405B,TL,FIRE,F1,405,405,TL405BM,TRUCK; HEAVY; BALLISTIC; EXTRICATION,0,,User-provided Fairfax/City aerial family rule
TL405BM,TL,FIRE,F1,405,405,TL405B,TRUCK; HEAVY; BALLISTIC; EXTRICATION; ALS FIRST RESP,1,AFR1 or AFR2,User-provided Fairfax/City aerial family rule
TL405M,TL,FIRE,F1,405,405,TL405,TRUCK; HEAVY; BALLISTIC; EXTRICATION; ALS FIRST RESP,1,AFR1 or AFR2,User-provided Fairfax/City aerial family rule
TL408,TL,FIRE,F1,408,408,TL408M,TRUCK; HEAVY; BALLISTIC; EXTRICATION,0,,User-provided Fairfax/City aerial family rule
TL408B,TL,FIRE,F1,408,408,TL408BM,TRUCK; HEAVY; BALLISTIC; EXTRICATION,0,,User-provided Fairfax/City aerial family rule
TL408BM,TL,FIRE,F1,408,408,TL408B,TRUCK; HEAVY; BALLISTIC; EXTRICATION; ALS FIRST RESP,1,AFR1 or AFR2,User-provided Fairfax/City aerial family rule
TL408M,TL,FIRE,F1,408,408,TL408,TRUCK; HEAVY; BALLISTIC; EXTRICATION; ALS FIRST RESP,1,AFR1 or AFR2,User-provided Fairfax/City aerial family rule
TL410,TL,FIRE,F1,410,410,TL410M,TRUCK; HEAVY; BALLISTIC; EXTRICATION,0,,User-provided Fairfax/City aerial family rule
TL410BM,TL,FIRE,F1,410,410,,TRUCK; HEAVY; BALLISTIC; EXTRICATION; ALS FIRST RESP,1,AFR1 or AFR2,User-provided Fairfax/City aerial family rule
TL410M,TL,FIRE,F1,410,410,TL410,TRUCK; HEAVY; BALLISTIC; EXTRICATION; ALS FIRST RESP,1,AFR1 or AFR2,User-provided Fairfax/City aerial family rule
TL411,TL,FIRE,F1,411,411,TL411M,TRUCK; HEAVY; BALLISTIC; EXTRICATION,0,,User-provided Fairfax/City aerial family rule
TL411B,TL,FIRE,F1,411,411,TL411BM,TRUCK; HEAVY; BALLISTIC; EXTRICATION,0,,User-provided Fairfax/City aerial family rule
TL411BM,TL,FIRE,F1,411,411,TL411B,TRUCK; HEAVY; BALLISTIC; EXTRICATION; ALS FIRST RESP,1,AFR1 or AFR2,User-provided Fairfax/City aerial family rule
TL411M,TL,FIRE,F1,411,411,TL411,TRUCK; HEAVY; BALLISTIC; EXTRICATION; ALS FIRST RESP,1,AFR1 or AFR2,User-provided Fairfax/City aerial family rule
TL422,TL,FIRE,F1,422,422,TL422M,TRUCK; HEAVY; BALLISTIC; EXTRICATION,0,,User-provided Fairfax/City aerial family rule
TL422B,TL,FIRE,F1,422,422,TL422BM,TRUCK; HEAVY; BALLISTIC; EXTRICATION,0,,User-provided Fairfax/City aerial family rule
TL422BM,TL,FIRE,F1,422,422,TL422B,TRUCK; HEAVY; BALLISTIC; EXTRICATION; ALS FIRST RESP,1,AFR1 or AFR2,User-provided Fairfax/City aerial family rule
TL422M,TL,FIRE,F1,422,422,TL422,TRUCK; HEAVY; BALLISTIC; EXTRICATION; ALS FIRST RESP,1,AFR1 or AFR2,User-provided Fairfax/City aerial family rule
TL424,TL,FIRE,F1,424,424,TL424M,TRUCK; HEAVY; BALLISTIC; EXTRICATION,0,,User-provided Fairfax/City aerial family rule
TL424B,TL,FIRE,F1,424,424,TL424BM,TRUCK; HEAVY; BALLISTIC; EXTRICATION,0,,User-provided Fairfax/City aerial family rule
TL424BM,TL,FIRE,F1,424,424,TL424B,TRUCK; HEAVY; BALLISTIC; EXTRICATION; ALS FIRST RESP,1,AFR1 or AFR2,User-provided Fairfax/City aerial family rule
TL424M,TL,FIRE,F1,424,424,TL424,TRUCK; HEAVY; BALLISTIC; EXTRICATION; ALS FIRST RESP,1,AFR1 or AFR2,User-provided Fairfax/City aerial family rule
TL425,TL,FIRE,F1,425,425,TL425M,TRUCK; HEAVY; BALLISTIC; EXTRICATION,0,,User-provided Fairfax/City aerial family rule
TL425BM,TL,FIRE,F1,425,425,,TRUCK; HEAVY; BALLISTIC; EXTRICATION; ALS FIRST RESP,1,AFR1 or AFR2,User-provided Fairfax/City aerial family rule
TL425M,TL,FIRE,F1,425,425,TL425,TRUCK; HEAVY; BALLISTIC; EXTRICATION; ALS FIRST RESP,1,AFR1 or AFR2,User-provided Fairfax/City aerial family rule
TL429,TL,FIRE,F1,429,429,TL429M,TRUCK; HEAVY; BALLISTIC; EXTRICATION,0,,User-provided Fairfax/City aerial family rule
TL429BM,TL,FIRE,F1,429,429,,TRUCK; HEAVY; BALLISTIC; EXTRICATION; ALS FIRST RESP,1,AFR1 or AFR2,User-provided Fairfax/City aerial family rule
TL429M,TL,FIRE,F1,429,429,TL429,TRUCK; HEAVY; BALLISTIC; EXTRICATION; ALS FIRST RESP,1,AFR1 or AFR2,User-provided Fairfax/City aerial family rule
TL430,TL,FIRE,F1,430,430,TL430M,TRUCK; HEAVY; BALLISTIC; EXTRICATION,0,,User-provided Fairfax/City aerial family rule
TL430B,TL,FIRE,F1,430,430,TL430BM,TRUCK; HEAVY; BALLISTIC; EXTRICATION,0,,User-provided Fairfax/City aerial family rule
TL430BM,TL,FIRE,F1,430,430,TL430B,TRUCK; HEAVY; BALLISTIC; EXTRICATION; ALS FIRST RESP,1,AFR1 or AFR2,User-provided Fairfax/City aerial family rule
TL430M,TL,FIRE,F1,430,430,TL430,TRUCK; HEAVY; BALLISTIC; EXTRICATION; ALS FIRST RESP,1,AFR1 or AFR2,User-provided Fairfax/City aerial family rule
TL436,TL,FIRE,F1,436,436,TL436M,TRUCK; HEAVY; BALLISTIC; EXTRICATION,0,,User-provided Fairfax/City aerial family rule
TL436B,TL,FIRE,F1,436,436,TL436BM,TRUCK; HEAVY; BALLISTIC; EXTRICATION,0,,User-provided Fairfax/City aerial family rule
TL436BM,TL,FIRE,F1,436,436,TL436B,TRUCK; HEAVY; BALLISTIC; EXTRICATION; ALS FIRST RESP,1,AFR1 or AFR2,User-provided Fairfax/City aerial family rule
TL436M,TL,FIRE,F1,436,436,TL436,TRUCK; HEAVY; BALLISTIC; EXTRICATION; ALS FIRST RESP,1,AFR1 or AFR2,User-provided Fairfax/City aerial family rule
TL438,TL,FIRE,F1,438,438,TL438M,TRUCK; HEAVY; BALLISTIC; EXTRICATION,0,,User-provided Fairfax/City aerial family rule
TL438BM,TL,FIRE,F1,438,438,,TRUCK; HEAVY; BALLISTIC; EXTRICATION; ALS FIRST RESP,1,AFR1 or AFR2,User-provided Fairfax/City aerial family rule
TL438M,TL,FIRE,F1,438,438,TL438,TRUCK; HEAVY; BALLISTIC; EXTRICATION; ALS FIRST RESP,1,AFR1 or AFR2,User-provided Fairfax/City aerial family rule
TL440,TL,FIRE,F1,440,440,TL440M,TRUCK; HEAVY; BALLISTIC; EXTRICATION,0,,User-provided Fairfax/City aerial family rule
TL440B,TL,FIRE,F1,440,440,TL440BM,TRUCK; HEAVY; BALLISTIC; EXTRICATION,0,,User-provided Fairfax/City aerial family rule
TL440BM,TL,FIRE,F1,440,440,TL440B,TRUCK; HEAVY; BALLISTIC; EXTRICATION; ALS FIRST RESP,1,AFR1 or AFR2,User-provided Fairfax/City aerial family rule
TL440M,TL,FIRE,F1,440,440,TL440,TRUCK; HEAVY; BALLISTIC; EXTRICATION; ALS FIRST RESP,1,AFR1 or AFR2,User-provided Fairfax/City aerial family rule
TL441,TL,FIRE,F1,441,441,TL441M,TRUCK; HEAVY; BALLISTIC; EXTRICATION,0,,User-provided Fairfax/City aerial family rule
TL441BM,TL,FIRE,F1,441,441,,TRUCK; HEAVY; BALLISTIC; EXTRICATION; ALS FIRST RESP,1,AFR1 or AFR2,User-provided Fairfax/City aerial family rule
TL441M,TL,FIRE,F1,441,441,TL441,TRUCK; HEAVY; BALLISTIC; EXTRICATION; ALS FIRST RESP,1,AFR1 or AFR2,User-provided Fairfax/City aerial family rule
TL442,TL,FIRE,F1,442,442,,TRUCK; HEAVY; BALLISTIC; EXTRICATION,0,,User-provided Fairfax/City aerial family rule
TL463,TL,FIRE,F1,463,463,TL463M,TRUCK; HEAVY; BALLISTIC; EXTRICATION,0,,User-provided Fairfax/City aerial family rule
TL463B,TL,FIRE,F1,463,463,TL463BM,TRUCK; HEAVY; BALLISTIC; EXTRICATION,0,,User-provided Fairfax/City aerial family rule
TL463BM,TL,FIRE,F1,463,463,TL463B,TRUCK; HEAVY; BALLISTIC; EXTRICATION; ALS FIRST RESP,1,AFR1 or AFR2,User-provided Fairfax/City aerial family rule
TL463M,TL,FIRE,F1,463,463,TL463,TRUCK; HEAVY; BALLISTIC; EXTRICATION; ALS FIRST RESP,1,AFR1 or AFR2,User-provided Fairfax/City aerial family rule
TL464,TL,FIRE,F1,464,464,TL464M,TRUCK; HEAVY; BALLISTIC; EXTRICATION,0,,User-provided Fairfax/City aerial family rule
TL464B,TL,FIRE,F1,464,464,TL464BM,TRUCK; HEAVY; BALLISTIC; EXTRICATION,0,,User-provided Fairfax/City aerial family rule
TL464BM,TL,FIRE,F1,464,464,TL464B,TRUCK; HEAVY; BALLISTIC; EXTRICATION; ALS FIRST RESP,1,AFR1 or AFR2,User-provided Fairfax/City aerial family rule
TL464M,TL,FIRE,F1,464,464,TL464,TRUCK; HEAVY; BALLISTIC; EXTRICATION; ALS FIRST RESP,1,AFR1 or AFR2,User-provided Fairfax/City aerial family rule
TL490,TRNGTL,FIRE,F1,445,445,,,0,,Unknown / not modeled
TL491,TRNGTL,FIRE,F1,445,445,,,0,,Unknown / not modeled
TL492,TRNGTL,FIRE,F1,445,445,,,0,,Unknown / not modeled
TL497,TRNGTL,FIRE,F1,445,445,,,0,,Unknown / not modeled
TL498,TRNGTL,FIRE,F1,445,445,,,0,,Unknown / not modeled
TL501,TL,FIRE,F1,501,501,,,0,,Unknown / not modeled
TL501M,TL,FIRE,F1,501,501,,,0,,Unknown / not modeled
TL501P,TL,FIRE,F1,501,501,,,0,,Unknown / not modeled
TL502,TL,FIRE,F1,502,502,,,0,,Unknown / not modeled
TL504,TL,FIRE,F1,504,504,,,0,,Unknown / not modeled
TL504M,TL,FIRE,F1,504,504,,,0,,Unknown / not modeled
TL504P,TL,FIRE,F1,504,504,,,0,,Unknown / not modeled
TL509,TL,FIRE,F1,509,509,,,0,,Unknown / not modeled
TL511,TL,FIRE,F1,511,511,,,0,,Unknown / not modeled
TL511F,TL,FIRE,F1,511,511,,,0,,Unknown / not modeled
TL511M,TL,FIRE,F1,511,511,,,0,,Unknown / not modeled
TL512,TL,FIRE,F1,512,512,,,0,,Unknown / not modeled
TL512F,TL,FIRE,F1,512,512,,,0,,Unknown / not modeled
TL512M,TL,FIRE,F1,512,512,,,0,,Unknown / not modeled
TL512P,TL,FIRE,F1,512,512,,,0,,Unknown / not modeled
TL513,TL,FIRE,F1,513,513,,,0,,Unknown / not modeled
TL513F,TL,FIRE,F1,513,513,,,0,,Unknown / not modeled
TL513M,TL,FIRE,F1,513,513,,,0,,Unknown / not modeled
TL514,TL,FIRE,F1,514,514,,,0,,Unknown / not modeled
TL514F,TL,FIRE,F1,514,514,,,0,,Unknown / not modeled
TL514M,TL,FIRE,F1,514,514,,,0,,Unknown / not modeled
TL519,TL,FIRE,F1,519,519,,,0,,Unknown / not modeled
TL520,TL,FIRE,F1,520,520,,,0,,Unknown / not modeled
TL520M,TL,FIRE,F1,520,520,,,0,,Unknown / not modeled
TL520P,TL,FIRE,F1,520,520,,,0,,Unknown / not modeled
TL523,TL,FIRE,F1,523,523,,,0,,Unknown / not modeled
TL523M,TL,FIRE,F1,523,523,,,0,,Unknown / not modeled
TL523P,TL,FIRE,F1,523,523,,,0,,Unknown / not modeled
TL524,TL,FIRE,F1,524,524,,,0,,Unknown / not modeled
TL524M,TL,FIRE,F1,524,524,,,0,,Unknown / not modeled
TL525,TL,FIRE,F1,525,525,,,0,,Unknown / not modeled
TL525F,TL,FIRE,F1,525,525,,,0,,Unknown / not modeled
TL525M,TL,FIRE,F1,525,525,,,0,,Unknown / not modeled
TL525P,TL,FIRE,F1,525,525,,,0,,Unknown / not modeled
TL601,TL,FIRE,F1,601,601,,,0,,Unknown / not modeled
TL602,TL,FIRE,F1,602,602,,,0,,Unknown / not modeled
TL606,TL,FIRE,F1,606,606,,,0,,Unknown / not modeled
TL611,TL,FIRE,F1,611,611,,,0,,Unknown / not modeled
TL618,TL,FIRE,F1,618,618,,,0,,Unknown / not modeled
TL619,TL,FIRE,F1,619,619,,,0,,Unknown / not modeled
TL620,TL,FIRE,F1,620,620,,,0,,Unknown / not modeled
TL680,TL,FIRE,F1,600,600,,,0,,Unknown / not modeled
TL703,TL,FIRE,F1,703,703,,,0,,Unknown / not modeled
TL705,TL,FIRE,F1,705,705,,,0,,Unknown / not modeled
TL706,TL,FIRE,F1,706,706,,,0,,Unknown / not modeled
TL708,TL,FIRE,F1,708,708,,,0,,Unknown / not modeled
TL710,TL,FIRE,F1,710,710,,,0,,Unknown / not modeled
TL712,TL,FIRE,F1,712,712,,,0,,Unknown / not modeled
TL715,TL,FIRE,F1,715,715,,,0,,Unknown / not modeled
TL716,TL,FIRE,F1,716,716,,,0,,Unknown / not modeled
TL718,TL,FIRE,F1,718,718,,,0,,Unknown / not modeled
TL719,TL,FIRE,F1,719,719,,,0,,Unknown / not modeled
TL723,TL,FIRE,F1,723,723,,,0,,Unknown / not modeled
TL723B,TL,FIRE,F1,723,723,,,0,,Unknown / not modeled
TL724,TL,FIRE,F1,724,724,,,0,,Unknown / not modeled
TL725,TL,FIRE,F1,725,725,,,0,,Unknown / not modeled
TL726,TL,FIRE,F1,726,726,,,0,,Unknown / not modeled
TL731,TL,FIRE,F1,731,731,,,0,,Unknown / not modeled
TL734,TL,FIRE,F1,734,734,,,0,,Unknown / not modeled
TL735,TL,FIRE,F1,735,735,,,0,,Unknown / not modeled
TL740,TL,FIRE,F1,740,740,,,0,,Unknown / not modeled
TL751,TLNR,FIRE,F1,751,751,,,0,,Unknown / not modeled
TL807,TL,FIRE,F1,807,807,,,0,,Unknown / not modeled
TL810,TL,FIRE,F1,810,810,,,0,,Unknown / not modeled
TL819,TL,FIRE,F1,819,819,,,0,,Unknown / not modeled
TL820,TL,FIRE,F1,820,820,,,0,,Unknown / not modeled
TL820M,TL,FIRE,F1,820,820,,,0,,Unknown / not modeled
TL821,TL,FIRE,F1,821,821,,,0,,Unknown / not modeled
TL824,TL,FIRE,F1,824,824,,,0,,Unknown / not modeled
TL824M,TL,FIRE,F1,824,824,,,0,,Unknown / not modeled
TL826,TL,FIRE,F1,826,826,,,0,,Unknown / not modeled
TL826M,TL,FIRE,F1,826,826,,,0,,Unknown / not modeled
TL833,TL,FIRE,F1,833,833,,,0,,Unknown / not modeled
TL839,TL,FIRE,F1,839,839,,,0,,Unknown / not modeled
TL843,TL,FIRE,F1,843,843,,,0,,Unknown / not modeled
TL843M,TL,FIRE,F1,843,843,,,0,,Unknown / not modeled
TL845,TL,FIRE,F1,845,845,,,0,,Unknown / not modeled
TL845M,TL,FIRE,F1,845,845,,,0,,Unknown / not modeled
TNCHF100,ADM,FIRE,F1,100,100,,,0,,Unknown / not modeled
TR100,TROJ,FIRE,F1,100,100,,,0,,Unknown / not modeled
TR110,TROJ,FIRE,F1,100,100,,,0,,Unknown / not modeled
TR401,TR,FIRE,F1,425,425,,,0,,Unknown / not modeled
TR404,TR,FIRE,F1,418,418,,,0,,Unknown / not modeled
TR405,TR,FIRE,F1,435,435,,,0,,Unknown / not modeled
TR414,TR,FIRE,F1,414,414,,,0,,Unknown / not modeled
TR418,TR,FIRE,F1,418,418,,,0,,Unknown / not modeled
TR421,TR,FIRE,F1,421,421,,,0,,Unknown / not modeled
TR439,TR,FIRE,F1,439,439,,,0,,Unknown / not modeled
TR501,TROJ,FIRE,F1,501,501,,,0,,Unknown / not modeled
TR502,TROJ,FIRE,F1,502,502,,,0,,Unknown / not modeled
TR522,TROJ,FIRE,F1,522,522,,,0,,Unknown / not modeled
TR700,TROJ,FIRE,F1,700,700,,,0,,Unknown / not modeled
TR700B,TROJ,FIRE,F1,700,700,,,0,,Unknown / not modeled
TR806,TROJ,FIRE,F1,806,806,,,0,,Unknown / not modeled
TR806B,TROJ,FIRE,F1,806,806,,,0,,Unknown / not modeled
TR806C,TROJ,FIRE,F1,806,806,,,0,,Unknown / not modeled
TR806D,TROJ,FIRE,F1,806,806,,,0,,Unknown / not modeled
TR929,TR,FIRE,F1,900,900,,,0,,Unknown / not modeled
TRNBC900,ADM,FIRE,F1,900,900,,,0,,Unknown / not modeled
TRS206,TROJ,FIRE,F1,206,206,,,0,,Unknown / not modeled
TRS418,TRS,FIRE,F1,418,418,,,0,,Unknown / not modeled
TRS421,TRS,FIRE,F1,421,421,,,0,,Unknown / not modeled
TRS439,TRS,FIRE,F1,439,439,,,0,,Unknown / not modeled
TRS522,TROJ,FIRE,F1,522,522,,,0,,Unknown / not modeled
TRS620,TROJ,FIRE,F1,620,620,,,0,,Unknown / not modeled
TRS621,TROJ,FIRE,F1,621,621,,,0,,Unknown / not modeled
TRS625,TROJ,FIRE,F1,625,625,,,0,,Unknown / not modeled
TRS625B,TROJ,FIRE,F1,625,625,,,0,,Unknown / not modeled
TRS814,TROJ,FIRE,F1,814,814,,,0,,Unknown / not modeled
TRS847,TROJ,FIRE,F1,847,847,,,0,,Unknown / not modeled
TRSU929,TRS,FIRE,F1,900,900,,,0,,Unknown / not modeled
TSC800,ADM,FIRE,F1,800,800,,,0,,Unknown / not modeled
TSU510,ADM,FIRE,F1,510,510,,,0,,Unknown / not modeled
TT410,TT,FIRE,F1,410,410,TT410M,TRUCK; HEAVY; BALLISTIC; EXTRICATION,0,,User-provided Fairfax/City aerial family rule
TT410M,TT,FIRE,F1,410,410,TT410,TRUCK; HEAVY; BALLISTIC; EXTRICATION; ALS FIRST RESP,1,AFR1 or AFR2,User-provided Fairfax/City aerial family rule
TT425,TT,FIRE,F1,425,425,TT425M,TRUCK; HEAVY; BALLISTIC; EXTRICATION,0,,User-provided Fairfax/City aerial family rule
TT425M,TT,FIRE,F1,425,425,TT425,TRUCK; HEAVY; BALLISTIC; EXTRICATION; ALS FIRST RESP,1,AFR1 or AFR2,User-provided Fairfax/City aerial family rule
TT429,TT,FIRE,F1,429,429,TT429M,TRUCK; HEAVY; BALLISTIC; EXTRICATION,0,,User-provided Fairfax/City aerial family rule
TT429M,TT,FIRE,F1,429,429,TT429,TRUCK; HEAVY; BALLISTIC; EXTRICATION; ALS FIRST RESP,1,AFR1 or AFR2,User-provided Fairfax/City aerial family rule
TT430,TT,FIRE,F1,430,430,TT430M,TRUCK; HEAVY; BALLISTIC; EXTRICATION,0,,User-provided Fairfax/City aerial family rule
TT430M,TT,FIRE,F1,430,430,TT430,TRUCK; HEAVY; BALLISTIC; EXTRICATION; ALS FIRST RESP,1,AFR1 or AFR2,User-provided Fairfax/City aerial family rule
TT601,TT,FIRE,F1,601,601,,,0,,Unknown / not modeled
TT606,TT,FIRE,F1,606,606,,,0,,Unknown / not modeled
TT606B,TT,FIRE,F1,606,606,,,0,,Unknown / not modeled
TT620,TT,FIRE,F1,620,620,,,0,,Unknown / not modeled
TT710,TT,FIRE,F1,710,710,,,0,,Unknown / not modeled
TT904,TT,FIRE,F1,900,900,,,0,,Unknown / not modeled
TT923,TT,FIRE,F1,900,900,,,0,,Unknown / not modeled
TW901,TL,FIRE,F1,900,900,,,0,,Unknown / not modeled
TW906,TL,FIRE,F1,900,900,,,0,,Unknown / not modeled
TW907,TL,FIRE,F1,900,900,,,0,,Unknown / not modeled
U422,UT,FIRE,F1,422,422,,,0,,Unknown / not modeled
U422B,UT,FIRE,F1,422,422,,,0,,Unknown / not modeled
U433,UT,FIRE,F1,433,433,,,0,,Unknown / not modeled
U434,UT,FIRE,F1,434,434,,,0,,Unknown / not modeled
U901,UT,FIRE,F1,900,900,,,0,,Unknown / not modeled
U902,UT,FIRE,F1,900,900,,,0,,Unknown / not modeled
U903,UT,FIRE,F1,900,900,,,0,,Unknown / not modeled
U904,UT,FIRE,F1,900,900,,,0,,Unknown / not modeled
U905,UT,FIRE,F1,900,900,,,0,,Unknown / not modeled
U906,UT,FIRE,F1,900,900,,,0,,Unknown / not modeled
U907,UT,FIRE,F1,900,900,,,0,,Unknown / not modeled
U908,UT,FIRE,F1,900,900,,,0,,Unknown / not modeled
U909,UT,FIRE,F1,900,900,,,0,,Unknown / not modeled
U910,UT,FIRE,F1,900,900,,,0,,Unknown / not modeled
U911,UT,FIRE,F1,900,900,,,0,,Unknown / not modeled
U912,UT,FIRE,F1,900,900,,,0,,Unknown / not modeled
U913,UT,FIRE,F1,900,900,,,0,,Unknown / not modeled
U914,UT,FIRE,F1,900,900,,,0,,Unknown / not modeled
U915,UT,FIRE,F1,900,900,,,0,,Unknown / not modeled
U917,UT,FIRE,F1,900,900,,,0,,Unknown / not modeled
U919,UT,FIRE,F1,900,900,,,0,,Unknown / not modeled
U920,UT,FIRE,F1,900,900,,,0,,Unknown / not modeled
U921,UT,FIRE,F1,900,900,,,0,,Unknown / not modeled
U922,UT,FIRE,F1,900,900,,,0,,Unknown / not modeled
U923,UT,FIRE,F1,900,900,,,0,,Unknown / not modeled
U929,UT,FIRE,F1,900,900,,,0,,Unknown / not modeled
U930,UT,FIRE,F1,900,900,,,0,,Unknown / not modeled
U931,UT,FIRE,F1,900,900,,,0,,Unknown / not modeled
U933,UT,FIRE,F1,900,900,,,0,,Unknown / not modeled
U950,UT,FIRE,F1,900,900,,,0,,Unknown / not modeled
UCP400,ICP,FIRE,F1,COM,COM,,,0,,Unknown / not modeled
UFO400,ADM,FIRE,F1,445,445,,,0,,Unknown / not modeled
UFO401,ADM,FIRE,F1,445,445,,,0,,Unknown / not modeled
UFO402,ADM,FIRE,F1,445,445,,,0,,Unknown / not modeled
UNT302,UTOJ,FIRE,F1,304,304,,,0,,Unknown / not modeled
UNT322,UTOJ,FIRE,F1,304,304,,,0,,Unknown / not modeled
USR401,ADM,FIRE,F1,407,407,,,0,,Unknown / not modeled
USR402,ADM,FIRE,F1,407,407,,,0,,Unknown / not modeled
USR403,ADM,FIRE,F1,407,407,,,0,,Unknown / not modeled
USR404,ADM,FIRE,F1,407,407,,,0,,Unknown / not modeled
USR405,ADM,FIRE,F1,407,407,,,0,,Unknown / not modeled
USR406,ADM,FIRE,F1,407,407,,,0,,Unknown / not modeled
USR407,ADM,FIRE,F1,407,407,,,0,,Unknown / not modeled
USR408,ADM,FIRE,F1,407,407,,,0,,Unknown / not modeled
USR409,ADM,FIRE,F1,407,407,,,0,,Unknown / not modeled
UT101,UT,FIRE,F1,101,101,,,0,,Unknown / not modeled
UT106,UT,FIRE,F1,106,106,,,0,,Unknown / not modeled
UT201,UT,FIRE,F1,201,201,,,0,,Unknown / not modeled
UT202,UT,FIRE,F1,202,202,,,0,,Unknown / not modeled
UT203,UT,FIRE,F1,203,203,,,0,,Unknown / not modeled
UT204,UT,FIRE,F1,204,204,,,0,,Unknown / not modeled
UT205,UT,FIRE,F1,205,205,,,0,,Unknown / not modeled
UT206,UT,FIRE,F1,206,206,,,0,,Unknown / not modeled
UT207,UT,FIRE,F1,207,207,,,0,,Unknown / not modeled
UT208,UT,FIRE,F1,208,208,,,0,,Unknown / not modeled
UT209,UT,FIRE,F1,209,209,,,0,,Unknown / not modeled
UT210,UT,FIRE,F1,210,210,,,0,,Unknown / not modeled
UT301,UT,FIRE,F1,301,301,,,0,,Unknown / not modeled
UT302,UT,FIRE,F1,302,302,,,0,,Unknown / not modeled
UT303,UT,FIRE,F1,303,303,,,0,,Unknown / not modeled
UT304,UT,FIRE,F1,303,303,,,0,,Unknown / not modeled
UT401,UT,FIRE,F1,401,401,,,0,,Unknown / not modeled
UT401B,UT,FIRE,F1,401,401,,,0,,Unknown / not modeled
UT402,UT,FIRE,F1,402,402,,,0,,Unknown / not modeled
UT403,UT,FIRE,F1,403,403,,,0,,Unknown / not modeled
UT404,UT,FIRE,F1,404,404,,,0,,Unknown / not modeled
UT405,UT,FIRE,F1,405,405,,,0,,Unknown / not modeled
UT407,UT,FIRE,F1,407,407,,,0,,Unknown / not modeled
UT408,UT,FIRE,F1,408,408,,,0,,Unknown / not modeled
UT409,UT,FIRE,F1,409,409,,,0,,Unknown / not modeled
UT410,UT,FIRE,F1,410,410,,,0,,Unknown / not modeled
UT411,UT,FIRE,F1,411,411,,,0,,Unknown / not modeled
UT412,UT,FIRE,F1,412,412,,,0,,Unknown / not modeled
UT412B,UT,FIRE,F1,412,412,,,0,,Unknown / not modeled
UT413,UT,FIRE,F1,413,413,,,0,,Unknown / not modeled
UT414,UT,FIRE,F1,414,414,,,0,,Unknown / not modeled
UT414B,UT,FIRE,F1,414,414,,,0,,Unknown / not modeled
UT415,UT,FIRE,F1,415,415,,,0,,Unknown / not modeled
UT416,UT,FIRE,F1,416,416,,,0,,Unknown / not modeled
UT417,UT,FIRE,F1,417,417,,,0,,Unknown / not modeled
UT418,UT,FIRE,F1,418,418,,,0,,Unknown / not modeled
UT419,UT,FIRE,F1,419,419,,,0,,Unknown / not modeled
UT420,UT,FIRE,F1,420,420,,,0,,Unknown / not modeled
UT421,UT,FIRE,F1,421,421,,,0,,Unknown / not modeled
UT421B,UT,FIRE,F1,421,421,,,0,,Unknown / not modeled
UT422,UT,FIRE,F1,422,422,,,0,,Unknown / not modeled
UT422B,UT,FIRE,F1,422,422,,,0,,Unknown / not modeled
UT423,UT,FIRE,F1,423,423,,,0,,Unknown / not modeled
UT424,UT,FIRE,F1,424,424,,,0,,Unknown / not modeled
UT425,UT,FIRE,F1,425,425,,,0,,Unknown / not modeled
UT426,UT,FIRE,F1,426,426,,,0,,Unknown / not modeled
UT427,UT,FIRE,F1,427,427,,,0,,Unknown / not modeled
UT428,UT,FIRE,F1,428,428,,,0,,Unknown / not modeled
UT429,UT,FIRE,F1,429,429,,,0,,Unknown / not modeled
UT430,UT,FIRE,F1,430,430,,,0,,Unknown / not modeled
UT431,UT,FIRE,F1,431,431,,,0,,Unknown / not modeled
UT432,UT,FIRE,F1,432,432,,,0,,Unknown / not modeled
UT433,UT,FIRE,F1,433,433,,,0,,Unknown / not modeled
UT434,UT,FIRE,F1,434,434,,,0,,Unknown / not modeled
UT435,UT,FIRE,F1,435,435,,,0,,Unknown / not modeled
UT436,UT,FIRE,F1,436,436,,,0,,Unknown / not modeled
UT437,UT,FIRE,F1,437,437,,,0,,Unknown / not modeled
UT438,UT,FIRE,F1,438,438,,,0,,Unknown / not modeled
UT439,UT,FIRE,F1,439,439,,,0,,Unknown / not modeled
UT440,UT,FIRE,F1,440,440,,,0,,Unknown / not modeled
UT441,UT,FIRE,F1,441,441,,,0,,Unknown / not modeled
UT442,UT,FIRE,F1,442,442,,,0,,Unknown / not modeled
UT501,UT,FIRE,F1,501,501,,,0,,Unknown / not modeled
UT501B,UT,FIRE,F1,501,501,,,0,,Unknown / not modeled
UT502,UT,FIRE,F1,502,502,,,0,,Unknown / not modeled
UT503,UT,FIRE,F1,503,503,,,0,,Unknown / not modeled
UT503B,UT,FIRE,F1,503,503,,,0,,Unknown / not modeled
UT504,UT,FIRE,F1,504,504,,,0,,Unknown / not modeled
UT505,UT,FIRE,F1,505,505,,,0,,Unknown / not modeled
UT505B,UT,FIRE,F1,505,505,,,0,,Unknown / not modeled
UT506,UT,FIRE,F1,506,506,,,0,,Unknown / not modeled
UT507,UT,FIRE,F1,507,507,,,0,,Unknown / not modeled
UT507B,UT,FIRE,F1,507,507,,,0,,Unknown / not modeled
UT508,UT,FIRE,F1,508,508,,,0,,Unknown / not modeled
UT508B,UT,FIRE,F1,508,508,,,0,,Unknown / not modeled
UT509,UT,FIRE,F1,509,509,,,0,,Unknown / not modeled
UT510,UT,FIRE,F1,510,510,,,0,,Unknown / not modeled
UT511,UT,FIRE,F1,511,511,,,0,,Unknown / not modeled
UT512,UT,FIRE,F1,512,512,,,0,,Unknown / not modeled
UT513,UT,FIRE,F1,513,513,,,0,,Unknown / not modeled
UT514,UT,FIRE,F1,514,514,,,0,,Unknown / not modeled
UT515,UT,FIRE,F1,515,515,,,0,,Unknown / not modeled
UT516,UT,FIRE,F1,516,516,,,0,,Unknown / not modeled
UT517,UT,FIRE,F1,517,517,,,0,,Unknown / not modeled
UT518,UT,FIRE,F1,518,518,,,0,,Unknown / not modeled
UT519,UT,FIRE,F1,519,519,,,0,,Unknown / not modeled
UT520,UT,FIRE,F1,520,520,,,0,,Unknown / not modeled
UT521,UT,FIRE,F1,521,521,,,0,,Unknown / not modeled
UT523,UT,FIRE,F1,523,523,,,0,,Unknown / not modeled
UT524,UT,FIRE,F1,524,524,,,0,,Unknown / not modeled
UT525,UT,FIRE,F1,525,525,,,0,,Unknown / not modeled
UT525B,UT,FIRE,F1,525,525,,,0,,Unknown / not modeled
UT526,UT,FIRE,F1,526,526,,,0,,Unknown / not modeled
UT601,UT,FIRE,F1,601,601,,,0,,Unknown / not modeled
UT602,UT,FIRE,F1,602,602,,,0,,Unknown / not modeled
UT602B,UTOJ,FIRE,F1,602,602,,,0,,Unknown / not modeled
UT604,UT,FIRE,F1,604,604,,,0,,Unknown / not modeled
UT605,UT,FIRE,F1,605,605,,,0,,Unknown / not modeled
UT606,UT,FIRE,F1,606,606,,,0,,Unknown / not modeled
UT607,UT,FIRE,F1,607,607,,,0,,Unknown / not modeled
UT607B,UT,FIRE,F1,607,607,,,0,,Unknown / not modeled
UT609,UT,FIRE,F1,609,609,,,0,,Unknown / not modeled
UT610,UT,FIRE,F1,610,610,,,0,,Unknown / not modeled
UT611,UT,FIRE,F1,611,611,,,0,,Unknown / not modeled
UT612,UT,FIRE,F1,612,612,,,0,,Unknown / not modeled
UT613,UT,FIRE,F1,613,613,,,0,,Unknown / not modeled
UT615,UT,FIRE,F1,615,615,,,0,,Unknown / not modeled
UT617,UT,FIRE,F1,617,617,,,0,,Unknown / not modeled
UT619,UT,FIRE,F1,619,619,,,0,,Unknown / not modeled
UT620,UT,FIRE,F1,620,620,,,0,,Unknown / not modeled
UT621,UT,FIRE,F1,621,621,,,0,,Unknown / not modeled
UT623,UT,FIRE,F1,623,623,,,0,,Unknown / not modeled
UT635,UT,FIRE,F1,635,635,,,0,,Unknown / not modeled
UT680,UT,FIRE,F1,600,600,,,0,,Unknown / not modeled
UT801,UT,FIRE,F1,801,801,,,0,,Unknown / not modeled
UT805,UT,FIRE,F1,805,805,,,0,,Unknown / not modeled
UT806,UT,FIRE,F1,806,806,,,0,,Unknown / not modeled
UT807,UT,FIRE,F1,807,807,,,0,,Unknown / not modeled
UT808,UT,FIRE,F1,808,808,,,0,,Unknown / not modeled
UT809,UT,FIRE,F1,809,809,,,0,,Unknown / not modeled
UT810,UT,FIRE,F1,810,810,,,0,,Unknown / not modeled
UT811,UT,FIRE,F1,811,811,,,0,,Unknown / not modeled
UT812,UT,FIRE,F1,812,812,,,0,,Unknown / not modeled
UT813,UT,FIRE,F1,813,813,,,0,,Unknown / not modeled
UT814,UT,FIRE,F1,814,814,,,0,,Unknown / not modeled
UT815,UT,FIRE,F1,800,800,,,0,,Unknown / not modeled
UT816,UT,FIRE,F1,816,816,,,0,,Unknown / not modeled
UT817,UT,FIRE,F1,817,817,,,0,,Unknown / not modeled
UT818,UT,FIRE,F1,818,818,,,0,,Unknown / not modeled
UT819,UT,FIRE,F1,819,819,,,0,,Unknown / not modeled
UT820,UT,FIRE,F1,820,820,,,0,,Unknown / not modeled
UT821,UT,FIRE,F1,821,821,,,0,,Unknown / not modeled
UT823,UT,FIRE,F1,823,823,,,0,,Unknown / not modeled
UT824,UT,FIRE,F1,824,824,,,0,,Unknown / not modeled
UT825,UT,FIRE,F1,825,825,,,0,,Unknown / not modeled
UT826,UT,FIRE,F1,826,826,,,0,,Unknown / not modeled
UT827,UT,FIRE,F1,827,827,,,0,,Unknown / not modeled
UT828,UT,FIRE,F1,828,828,,,0,,Unknown / not modeled
UT829,UT,FIRE,F1,829,829,,,0,,Unknown / not modeled
UT830,UT,FIRE,F1,830,830,,,0,,Unknown / not modeled
UT831,UT,FIRE,F1,831,831,,,0,,Unknown / not modeled
UT832,UT,FIRE,F1,832,832,,,0,,Unknown / not modeled
UT833,UT,FIRE,F1,833,833,,,0,,Unknown / not modeled
UT834,UT,FIRE,F1,834,834,,,0,,Unknown / not modeled
UT835,UT,FIRE,F1,835,835,,,0,,Unknown / not modeled
UT836,UT,FIRE,F1,836,836,,,0,,Unknown / not modeled
UT837,UT,FIRE,F1,837,837,,,0,,Unknown / not modeled
UT838,UT,FIRE,F1,838,838,,,0,,Unknown / not modeled
UT839,UT,FIRE,F1,839,839,,,0,,Unknown / not modeled
UT840,UT,FIRE,F1,840,840,,,0,,Unknown / not modeled
UT841,UT,FIRE,F1,841,841,,,0,,Unknown / not modeled
UT842,UT,FIRE,F1,842,842,,,0,,Unknown / not modeled
UT843,UT,FIRE,F1,843,843,,,0,,Unknown / not modeled
UT844,UT,FIRE,F1,844,844,,,0,,Unknown / not modeled
UT845,UT,FIRE,F1,845,845,,,0,,Unknown / not modeled
UT846,UT,FIRE,F1,846,846,,,0,,Unknown / not modeled
UT847,UT,FIRE,F1,847,847,,,0,,Unknown / not modeled
UT848,UT,FIRE,F1,848,848,,,0,,Unknown / not modeled
UT849,UT,FIRE,F1,849,849,,,0,,Unknown / not modeled
UT855,UT,FIRE,F1,855,855,,,0,,Unknown / not modeled
UT856,UT,FIRE,F1,856,856,,,0,,Unknown / not modeled
UTL366,UTOJ,FIRE,F1,304,304,,,0,,Unknown / not modeled
UTV302,UTV,FIRE,F1,302,302,,,0,,Unknown / not modeled
UTV403,UTV,FIRE,F1,403,403,,,0,,Unknown / not modeled
UTV407,UTV,FIRE,F1,407,407,,,0,,Unknown / not modeled
UTV415,UTV,FIRE,F1,415,415,,,0,,Unknown / not modeled
UTV420,UTV,FIRE,F1,420,420,,,0,,Unknown / not modeled
UTV429,UTV,FIRE,F1,429,429,,,0,,Unknown / not modeled
UTV441,UTV,FIRE,F1,441,441,,,0,,Unknown / not modeled
UTV442,UTV,FIRE,F1,442,442,,,0,,Unknown / not modeled
UTV443,UTV,FIRE,F1,433,433,,,0,,Unknown / not modeled
UTV465,UTV,FIRE,F1,465,465,,,0,,Unknown / not modeled
UTV503,UTV,FIRE,F1,503,503,,,0,,Unknown / not modeled
UTV504,UTV,FIRE,F1,504,504,,,0,,Unknown / not modeled
UTV505,UTV,FIRE,F1,505,505,,,0,,Unknown / not modeled
UTV507,UTV,FIRE,F1,507,507,,,0,,Unknown / not modeled
UTV508,UTV,FIRE,F1,508,508,,,0,,Unknown / not modeled
UTV509,UTV,FIRE,F1,509,509,,,0,,Unknown / not modeled
UTV509B,UTV,FIRE,F1,509,509,,,0,,Unknown / not modeled
UTV519,UTV,FIRE,F1,519,519,,,0,,Unknown / not modeled
UTV520,UTV,FIRE,F1,520,520,,,0,,Unknown / not modeled
UTV523,UTV,FIRE,F1,523,523,,,0,,Unknown / not modeled
UTV524,UTV,FIRE,F1,524,524,,,0,,Unknown / not modeled
UTV581,UTV,FIRE,F1,521,521,,,0,,Unknown / not modeled
UTV601,UTV,FIRE,F1,601,601,,,0,,Unknown / not modeled
UTV606,UTV,FIRE,F1,606,606,,,0,,Unknown / not modeled
UTV607,UTV,FIRE,F1,607,607,,,0,,Unknown / not modeled
UTV609,UTV,FIRE,F1,609,609,,,0,,Unknown / not modeled
UTV609B,UTV,FIRE,F1,609,609,,,0,,Unknown / not modeled
UTV613,UTV,FIRE,F1,613,613,,,0,,Unknown / not modeled
UTV614,UTV,FIRE,F1,614,614,,,0,,Unknown / not modeled
UTV614B,UTV,FIRE,F1,614,614,,,0,,Unknown / not modeled
UTV615,UTV,FIRE,F1,615,615,,,0,,Unknown / not modeled
UTV617,UTV,FIRE,F1,617,617,,,0,,Unknown / not modeled
UTV617B,UTV,FIRE,F1,617,617,,,0,,Unknown / not modeled
UTV621,UTV,FIRE,F1,621,621,,,0,,Unknown / not modeled
UTV680,UTV,FIRE,F1,600,600,,,0,,Unknown / not modeled
UTV681,UTV,FIRE,F1,600,600,,,0,,Unknown / not modeled
UTV685,UTV,FIRE,F1,600,600,,,0,,Unknown / not modeled
UTV686,UTV,FIRE,F1,600,600,,,0,,Unknown / not modeled
UTV687,UTV,FIRE,F1,600,600,,,0,,Unknown / not modeled
UTV688,UTV,FIRE,F1,600,600,,,0,,Unknown / not modeled
UTV690,UTV,FIRE,F1,600,600,,,0,,Unknown / not modeled
UTV691,UTV,FIRE,F1,600,600,,,0,,Unknown / not modeled
UTV708,UTV,FIRE,F1,708,708,,,0,,Unknown / not modeled
UTV709,UTV,FIRE,F1,709,709,,,0,,Unknown / not modeled
UTV711,UTV,FIRE,F1,711,711,,,0,,Unknown / not modeled
UTV712,UTV,FIRE,F1,712,712,,,0,,Unknown / not modeled
UTV714,UTV,FIRE,F1,714,714,,,0,,Unknown / not modeled
UTV722,UTV,FIRE,F1,722,722,,,0,,Unknown / not modeled
UTV725,UTV,FIRE,F1,725,725,,,0,,Unknown / not modeled
UTV731,UTV,FIRE,F1,731,731,,,0,,Unknown / not modeled
UTV740,UTV,FIRE,F1,740,740,,,0,,Unknown / not modeled
UTV742,UTV,FIRE,F1,742,742,,,0,,Unknown / not modeled
UTV919,UTV,FIRE,F1,900,900,,,0,,Unknown / not modeled
UTV930,UTV,FIRE,F1,900,900,,,0,,Unknown / not modeled
UTV931,UTV,FIRE,F1,900,900,,,0,,Unknown / not modeled
UTV950,UTV,FIRE,F1,900,900,,,0,,Unknown / not modeled
V77012,T,FIRE,F1,408,408,,,0,,Unknown / not modeled
V77494,TL,FIRE,F1,410,410,,,0,,Unknown / not modeled
VAPW,ADM,FIRE,F1,400,400,,,0,,Unknown / not modeled
VBO866,ADM,FIRE,F1,800,800,,,0,,Unknown / not modeled
VBO886,ADM,FIRE,F1,800,800,,,0,,Unknown / not modeled
VC401,VC,FIRE,F1,401,401,,,0,,Unknown / not modeled
VC402,VC,FIRE,F1,402,402,,,0,,Unknown / not modeled
VC403,VC,FIRE,F1,403,403,,,0,,Unknown / not modeled
VC405,VC,FIRE,F1,405,405,,,0,,Unknown / not modeled
VC408,VC,FIRE,F1,408,408,,,0,,Unknown / not modeled
VC410,VC,FIRE,F1,410,410,,,0,,Unknown / not modeled
VC412,VC,FIRE,F1,412,412,,,0,,Unknown / not modeled
VC413,VC,FIRE,F1,413,413,,,0,,Unknown / not modeled
VC414,VC,FIRE,F1,414,414,,,0,,Unknown / not modeled
VC414B,VC,FIRE,F1,414,414,,,0,,Unknown / not modeled
VC417,VC,FIRE,F1,417,417,,,0,,Unknown / not modeled
VC417B,VC,FIRE,F1,417,417,,,0,,Unknown / not modeled
VC419,VC,FIRE,F1,419,419,,,0,,Unknown / not modeled
VC421,VC,FIRE,F1,421,421,,,0,,Unknown / not modeled
VC421B,VC,FIRE,F1,421,421,,,0,,Unknown / not modeled
VC422,VC,FIRE,F1,422,422,,,0,,Unknown / not modeled
VC615,VC,FIRE,F1,615,615,,,0,,Unknown / not modeled
VC801,VC,FIRE,F1,801,801,,,0,,Unknown / not modeled
VC801A,VC,FIRE,F1,801,801,,,0,,Unknown / not modeled
VC801B,VC,FIRE,F1,801,801,,,0,,Unknown / not modeled
VC805,VC,FIRE,F1,805,805,,,0,,Unknown / not modeled
VC805A,VC,FIRE,F1,805,805,,,0,,Unknown / not modeled
VC805B,VC,FIRE,F1,805,805,,,0,,Unknown / not modeled
VC807,VC,FIRE,F1,807,807,,,0,,Unknown / not modeled
VC807A,VC,FIRE,F1,807,807,,,0,,Unknown / not modeled
VC807B,VC,FIRE,F1,807,807,,,0,,Unknown / not modeled
VC808,VC,FIRE,F1,808,808,,,0,,Unknown / not modeled
VC808A,VC,FIRE,F1,808,808,,,0,,Unknown / not modeled
VC808B,VC,FIRE,F1,808,808,,,0,,Unknown / not modeled
VC809,VC,FIRE,F1,809,809,,,0,,Unknown / not modeled
VC809A,VC,FIRE,F1,809,809,,,0,,Unknown / not modeled
VC809B,VC,FIRE,F1,809,809,,,0,,Unknown / not modeled
VC810,VC,FIRE,F1,810,810,,,0,,Unknown / not modeled
VC810A,VC,FIRE,F1,810,810,,,0,,Unknown / not modeled
VC810B,VC,FIRE,F1,810,810,,,0,,Unknown / not modeled
VC811,VC,FIRE,F1,811,811,,,0,,Unknown / not modeled
VC811A,VC,FIRE,F1,811,811,,,0,,Unknown / not modeled
VC811B,VC,FIRE,F1,811,811,,,0,,Unknown / not modeled
VC812,VC,FIRE,F1,812,812,,,0,,Unknown / not modeled
VC812A,VC,FIRE,F1,812,812,,,0,,Unknown / not modeled
VC812B,VC,FIRE,F1,812,812,,,0,,Unknown / not modeled
VC813,VC,FIRE,F1,813,813,,,0,,Unknown / not modeled
VC813A,VC,FIRE,F1,813,813,,,0,,Unknown / not modeled
VC813B,VC,FIRE,F1,813,813,,,0,,Unknown / not modeled
VC814,VC,FIRE,F1,814,814,,,0,,Unknown / not modeled
VC814A,VC,FIRE,F1,814,814,,,0,,Unknown / not modeled
VC814B,VC,FIRE,F1,814,814,,,0,,Unknown / not modeled
VC816,VC,FIRE,F1,816,816,,,0,,Unknown / not modeled
VC816A,VC,FIRE,F1,816,816,,,0,,Unknown / not modeled
VC817,VC,FIRE,F1,817,817,,,0,,Unknown / not modeled
VC817A,VC,FIRE,F1,817,817,,,0,,Unknown / not modeled
VC817B,VC,FIRE,F1,817,817,,,0,,Unknown / not modeled
VC818,VC,FIRE,F1,818,818,,,0,,Unknown / not modeled
VC818A,VC,FIRE,F1,818,818,,,0,,Unknown / not modeled
VC818B,VC,FIRE,F1,818,818,,,0,,Unknown / not modeled
VC819,VC,FIRE,F1,819,819,,,0,,Unknown / not modeled
VC819A,VC,FIRE,F1,819,819,,,0,,Unknown / not modeled
VC819B,VC,FIRE,F1,819,819,,,0,,Unknown / not modeled
VC820,VC,FIRE,F1,820,820,,,0,,Unknown / not modeled
VC820A,VC,FIRE,F1,820,820,,,0,,Unknown / not modeled
VC820B,VC,FIRE,F1,820,820,,,0,,Unknown / not modeled
VC821,VC,FIRE,F1,821,821,,,0,,Unknown / not modeled
VC821A,VC,FIRE,F1,821,821,,,0,,Unknown / not modeled
VC821B,VC,FIRE,F1,821,821,,,0,,Unknown / not modeled
VC823,VC,FIRE,F1,823,823,,,0,,Unknown / not modeled
VC823A,VC,FIRE,F1,823,823,,,0,,Unknown / not modeled
VC823B,VC,FIRE,F1,823,823,,,0,,Unknown / not modeled
VC824,VC,FIRE,F1,824,824,,,0,,Unknown / not modeled
VC824A,VC,FIRE,F1,824,824,,,0,,Unknown / not modeled
VC824B,VC,FIRE,F1,824,824,,,0,,Unknown / not modeled
VC825,VC,FIRE,F1,825,825,,,0,,Unknown / not modeled
VC825A,VC,FIRE,F1,825,825,,,0,,Unknown / not modeled
VC825B,VC,FIRE,F1,825,825,,,0,,Unknown / not modeled
VC826,VC,FIRE,F1,826,826,,,0,,Unknown / not modeled
VC826A,VC,FIRE,F1,826,826,,,0,,Unknown / not modeled
VC826B,VC,FIRE,F1,826,826,,,0,,Unknown / not modeled
VC827,VC,FIRE,F1,827,827,,,0,,Unknown / not modeled
VC827A,VC,FIRE,F1,827,827,,,0,,Unknown / not modeled
VC827B,VC,FIRE,F1,827,827,,,0,,Unknown / not modeled
VC828,VC,FIRE,F1,828,828,,,0,,Unknown / not modeled
VC828A,VC,FIRE,F1,828,828,,,0,,Unknown / not modeled
VC828B,VC,FIRE,F1,828,828,,,0,,Unknown / not modeled
VC829,VC,FIRE,F1,829,829,,,0,,Unknown / not modeled
VC829A,VC,FIRE,F1,829,829,,,0,,Unknown / not modeled
VC829B,VC,FIRE,F1,829,829,,,0,,Unknown / not modeled
VC830,VC,FIRE,F1,830,830,,,0,,Unknown / not modeled
VC830A,VC,FIRE,F1,830,830,,,0,,Unknown / not modeled
VC831,VC,FIRE,F1,831,831,,,0,,Unknown / not modeled
VC831A,VC,FIRE,F1,831,831,,,0,,Unknown / not modeled
VC831B,VC,FIRE,F1,831,831,,,0,,Unknown / not modeled
VC832,VC,FIRE,F1,832,832,,,0,,Unknown / not modeled
VC832A,VC,FIRE,F1,832,832,,,0,,Unknown / not modeled
VC832B,VC,FIRE,F1,832,832,,,0,,Unknown / not modeled
VC833,VC,FIRE,F1,833,833,,,0,,Unknown / not modeled
VC833A,VC,FIRE,F1,833,833,,,0,,Unknown / not modeled
VC833B,VC,FIRE,F1,833,833,,,0,,Unknown / not modeled
VC834,VC,FIRE,F1,834,834,,,0,,Unknown / not modeled
VC834A,VC,FIRE,F1,834,834,,,0,,Unknown / not modeled
VC834B,VC,FIRE,F1,834,834,,,0,,Unknown / not modeled
VC835,VC,FIRE,F1,835,835,,,0,,Unknown / not modeled
VC835A,VC,FIRE,F1,835,835,,,0,,Unknown / not modeled
VC835B,VC,FIRE,F1,835,835,,,0,,Unknown / not modeled
VC836,VC,FIRE,F1,836,836,,,0,,Unknown / not modeled
VC836A,VC,FIRE,F1,836,836,,,0,,Unknown / not modeled
VC836B,VC,FIRE,F1,836,836,,,0,,Unknown / not modeled
VC837,VC,FIRE,F1,837,837,,,0,,Unknown / not modeled
VC837A,VC,FIRE,F1,837,837,,,0,,Unknown / not modeled
VC837B,VC,FIRE,F1,837,837,,,0,,Unknown / not modeled
VC838,VC,FIRE,F1,838,838,,,0,,Unknown / not modeled
VC838A,VC,FIRE,F1,838,838,,,0,,Unknown / not modeled
VC838B,VC,FIRE,F1,838,838,,,0,,Unknown / not modeled
VC839,VC,FIRE,F1,839,839,,,0,,Unknown / not modeled
VC839A,VC,FIRE,F1,839,839,,,0,,Unknown / not modeled
VC839B,VC,FIRE,F1,839,839,,,0,,Unknown / not modeled
VC840,VC,FIRE,F1,840,840,,,0,,Unknown / not modeled
VC840A,VC,FIRE,F1,840,840,,,0,,Unknown / not modeled
VC840B,VC,FIRE,F1,840,840,,,0,,Unknown / not modeled
VC841A,VC,FIRE,F1,841,841,,,0,,Unknown / not modeled
VC841B,VC,FIRE,F1,841,841,,,0,,Unknown / not modeled
VC842A,VC,FIRE,F1,842,842,,,0,,Unknown / not modeled
VC842B,VC,FIRE,F1,842,842,,,0,,Unknown / not modeled
VC843A,VC,FIRE,F1,843,843,,,0,,Unknown / not modeled
VC843B,VC,FIRE,F1,843,843,,,0,,Unknown / not modeled
VC845A,VC,FIRE,F1,845,845,,,0,,Unknown / not modeled
VC845B,VC,FIRE,F1,845,845,,,0,,Unknown / not modeled
VC846A,VC,FIRE,F1,846,846,,,0,,Unknown / not modeled
VC846B,VC,FIRE,F1,846,846,,,0,,Unknown / not modeled
VC847A,VC,FIRE,F1,847,847,,,0,,Unknown / not modeled
VC847B,VC,FIRE,F1,847,847,,,0,,Unknown / not modeled
VC848A,VC,FIRE,F1,848,848,,,0,,Unknown / not modeled
VC848B,VC,FIRE,F1,848,848,,,0,,Unknown / not modeled
VC849,VC,FIRE,F1,849,849,,,0,,Unknown / not modeled
VC849A,VC,FIRE,F1,849,849,,,0,,Unknown / not modeled
VC849B,VC,FIRE,F1,849,849,,,0,,Unknown / not modeled
VC855,VC,FIRE,F1,855,855,,,0,,Unknown / not modeled
VC855A,VC,FIRE,F1,855,855,,,0,,Unknown / not modeled
VC855B,VC,FIRE,F1,855,855,,,0,,Unknown / not modeled
VC856,VC,FIRE,F1,856,856,,,0,,Unknown / not modeled
VC856A,VC,FIRE,F1,856,856,,,0,,Unknown / not modeled
VC856B,VC,FIRE,F1,856,856,,,0,,Unknown / not modeled
VC857,VC,FIRE,F1,857,857,,,0,,Unknown / not modeled
VC857A,VC,FIRE,F1,857,857,,,0,,Unknown / not modeled
VC857B,VC,FIRE,F1,857,857,,,0,,Unknown / not modeled
VD800,ADM,FIRE,F1,800,800,,,0,,Unknown / not modeled
VDA800,ADM,FIRE,F1,800,800,,,0,,Unknown / not modeled
VDC800,ADM,FIRE,F1,800,800,,,0,,Unknown / not modeled
VDCA800,ADM,FIRE,F1,800,800,,,0,,Unknown / not modeled
VDCB800,ADM,FIRE,F1,800,800,,,0,,Unknown / not modeled
VDCC800,ADM,FIRE,F1,800,800,,,0,,Unknown / not modeled
VDCD800,ADM,FIRE,F1,800,800,,,0,,Unknown / not modeled
VEMSC800,ADM,FIRE,F1,800,800,,,0,,Unknown / not modeled
VLC800,ADM,FIRE,F1,800,800,,,0,,Unknown / not modeled
VOC800,ADM,FIRE,F1,800,800,,,0,,Unknown / not modeled
VOLAC900,ADM,FIRE,F1,900,900,,,0,,Unknown / not modeled
VOLDC900,ADM,FIRE,F1,900,900,,,0,,Unknown / not modeled
VPC800,ADM,FIRE,F1,800,800,,,0,,Unknown / not modeled
VSC800,ADM,FIRE,F1,800,800,,,0,,Unknown / not modeled
VSO800,ADM,FIRE,F1,800,800,,,0,,Unknown / not modeled
VTC800,ADM,FIRE,F1,800,800,,,0,,Unknown / not modeled
VTSC800,ADM,FIRE,F1,800,800,,,0,,Unknown / not modeled
WFD800,ADM,FIRE,F1,800,800,,,0,,Unknown / not modeled
WGL,ADM,FIRE,F1,400,400,,,0,,Unknown / not modeled
WILD907,ADM,FIRE,F1,900,900,,,0,,Unknown / not modeled
WLSU607,ADM,FIRE,F1,607,607,,,0,,Unknown / not modeled
WR100,ADM,FIRE,F1,101,100,,,0,,Unknown / not modeled
WR806,ADM,FIRE,F1,806,806,,,0,,Unknown / not modeled
WR847,ADM,FIRE,F1,847,847,,,0,,Unknown / not modeled
WR849,ADM,FIRE,F1,849,849,,,0,,Unknown / not modeled
WR856,ADM,FIRE,F1,856,856,,,0,,Unknown / not modeled
WR857,ADM,FIRE,F1,857,857,,,0,,Unknown / not modeled
WRT,ADM,FIRE,F1,101,100,,,0,,Unknown / not modeled
WRT100,SWOJ,FIRE,F1,100,100,,,0,,Unknown / not modeled
WS825,ADM,FIRE,F1,825,825,,,0,,Unknown / not modeled
WSS302,ADM,FIRE,F1,302,302,,,0,,Unknown / not modeled
WSS825,ADM,FIRE,F1,825,825,,,0,,Unknown / not modeled
XE503,ENR,FIRE,F1,503,503,,,0,,Unknown / not modeled
XE507,ENR,FIRE,F1,507,507,,,0,,Unknown / not modeled
XE508,ENR,FIRE,F1,508,508,,,0,,Unknown / not modeled
XO800,SWOJ,FIRE,F1,800,800,,,0,,Unknown / not modeled
